Copyright 1986-2020 Xilinx, Inc. All Rights Reserved.
-----------------------------------------------------------------------------------------------------------------------------------------------------------------------------------------------------------------
| Tool Version : Vivado v.2020.1 (win64) Build 2902540 Wed May 27 19:54:49 MDT 2020
| Date         : Tue Apr  7 10:01:12 2026
| Host         : DESKTOP-98T9PFJ running 64-bit major release  (build 9200)
| Command      : report_timing_summary -max_paths 10 -file system_wrapper_timing_summary_routed.rpt -pb system_wrapper_timing_summary_routed.pb -rpx system_wrapper_timing_summary_routed.rpx -warn_on_violation
| Design       : system_wrapper
| Device       : 7a35t-cpg236
| Speed File   : -1  PRODUCTION 1.23 2018-06-13
-----------------------------------------------------------------------------------------------------------------------------------------------------------------------------------------------------------------

Timing Summary Report

------------------------------------------------------------------------------------------------
| Timer Settings
| --------------
------------------------------------------------------------------------------------------------

  Enable Multi Corner Analysis               :  Yes
  Enable Pessimism Removal                   :  Yes
  Pessimism Removal Resolution               :  Nearest Common Node
  Enable Input Delay Default Clock           :  No
  Enable Preset / Clear Arcs                 :  No
  Disable Flight Delays                      :  No
  Ignore I/O Paths                           :  No
  Timing Early Launch at Borrowing Latches   :  No
  Borrow Time for Max Delay Exceptions       :  Yes
  Merge Timing Exceptions                    :  Yes

  Corner  Analyze    Analyze    
  Name    Max Paths  Min Paths  
  ------  ---------  ---------  
  Slow    Yes        Yes        
  Fast    Yes        Yes        



check_timing report

Table of Contents
-----------------
1. checking no_clock (0)
2. checking constant_clock (0)
3. checking pulse_width_clock (0)
4. checking unconstrained_internal_endpoints (0)
5. checking no_input_delay (34)
6. checking no_output_delay (12)
7. checking multiple_clock (0)
8. checking generated_clocks (0)
9. checking loops (0)
10. checking partial_input_delay (0)
11. checking partial_output_delay (0)
12. checking latch_loops (0)

1. checking no_clock (0)
------------------------
 There are 0 register/latch pins with no clock.


2. checking constant_clock (0)
------------------------------
 There are 0 register/latch pins with constant_clock.


3. checking pulse_width_clock (0)
---------------------------------
 There are 0 register/latch pins which need pulse_width check


4. checking unconstrained_internal_endpoints (0)
------------------------------------------------
 There are 0 pins that are not constrained for maximum delay.

 There are 0 pins that are not constrained for maximum delay due to constant clock.


5. checking no_input_delay (34)
-------------------------------
 There are 34 input ports with no input delay specified. (HIGH)

 There are 0 input ports with no input delay but user has a false path constraint.


6. checking no_output_delay (12)
--------------------------------
 There are 12 ports with no output delay specified. (HIGH)

 There are 0 ports with no output delay but user has a false path constraint

 There are 0 ports with no output delay but with a timing clock defined on it or propagating through it


7. checking multiple_clock (0)
------------------------------
 There are 0 register/latch pins with multiple clocks.


8. checking generated_clocks (0)
--------------------------------
 There are 0 generated clocks that are not connected to a clock source.


9. checking loops (0)
---------------------
 There are 0 combinational loops in the design.


10. checking partial_input_delay (0)
------------------------------------
 There are 0 input ports with partial input delay specified.


11. checking partial_output_delay (0)
-------------------------------------
 There are 0 ports with partial output delay specified.


12. checking latch_loops (0)
----------------------------
 There are 0 combinational latch loops in the design through latch input



------------------------------------------------------------------------------------------------
| Design Timing Summary
| ---------------------
------------------------------------------------------------------------------------------------

    WNS(ns)      TNS(ns)  TNS Failing Endpoints  TNS Total Endpoints      WHS(ns)      THS(ns)  THS Failing Endpoints  THS Total Endpoints     WPWS(ns)     TPWS(ns)  TPWS Failing Endpoints  TPWS Total Endpoints  
    -------      -------  ---------------------  -------------------      -------      -------  ---------------------  -------------------     --------     --------  ----------------------  --------------------  
      2.379        0.000                      0                 8430        0.011        0.000                      0                 8430        3.000        0.000                       0                  2969  


All user specified timing constraints are met.


------------------------------------------------------------------------------------------------
| Clock Summary
| -------------
------------------------------------------------------------------------------------------------

Clock                                                     Waveform(ns)       Period(ns)      Frequency(MHz)
-----                                                     ------------       ----------      --------------
clk                                                       {0.000 5.000}      10.000          100.000         
  clk_out1_system_clk_wiz_1_0                             {0.000 5.000}      10.000          100.000         
  clkfbout_system_clk_wiz_1_0                             {0.000 5.000}      10.000          100.000         
system_i/mdm_1/U0/Use_E2.BSCAN_I/Use_E2.BSCANE2_I/DRCK    {0.000 16.666}     33.333          30.000          
system_i/mdm_1/U0/Use_E2.BSCAN_I/Use_E2.BSCANE2_I/UPDATE  {0.000 16.666}     33.333          30.000          


------------------------------------------------------------------------------------------------
| Intra Clock Table
| -----------------
------------------------------------------------------------------------------------------------

Clock                                                         WNS(ns)      TNS(ns)  TNS Failing Endpoints  TNS Total Endpoints      WHS(ns)      THS(ns)  THS Failing Endpoints  THS Total Endpoints     WPWS(ns)     TPWS(ns)  TPWS Failing Endpoints  TPWS Total Endpoints  
-----                                                         -------      -------  ---------------------  -------------------      -------      -------  ---------------------  -------------------     --------     --------  ----------------------  --------------------  
clk                                                                                                                                                                                                         3.000        0.000                       0                     1  
  clk_out1_system_clk_wiz_1_0                                   2.379        0.000                      0                 8162        0.011        0.000                      0                 8162        3.750        0.000                       0                  2692  
  clkfbout_system_clk_wiz_1_0                                                                                                                                                                               7.845        0.000                       0                     3  
system_i/mdm_1/U0/Use_E2.BSCAN_I/Use_E2.BSCANE2_I/DRCK         13.345        0.000                      0                  222        0.153        0.000                      0                  222       15.686        0.000                       0                   233  
system_i/mdm_1/U0/Use_E2.BSCAN_I/Use_E2.BSCANE2_I/UPDATE       11.361        0.000                      0                   46        0.264        0.000                      0                   46       16.166        0.000                       0                    40  


------------------------------------------------------------------------------------------------
| Inter Clock Table
| -----------------
------------------------------------------------------------------------------------------------

From Clock    To Clock          WNS(ns)      TNS(ns)  TNS Failing Endpoints  TNS Total Endpoints      WHS(ns)      THS(ns)  THS Failing Endpoints  THS Total Endpoints  
----------    --------          -------      -------  ---------------------  -------------------      -------      -------  ---------------------  -------------------  


------------------------------------------------------------------------------------------------
| Other Path Groups Table
| -----------------------
------------------------------------------------------------------------------------------------

Path Group    From Clock    To Clock          WNS(ns)      TNS(ns)  TNS Failing Endpoints  TNS Total Endpoints      WHS(ns)      THS(ns)  THS Failing Endpoints  THS Total Endpoints  
----------    ----------    --------          -------      -------  ---------------------  -------------------      -------      -------  ---------------------  -------------------  


------------------------------------------------------------------------------------------------
| Timing Details
| --------------
------------------------------------------------------------------------------------------------


---------------------------------------------------------------------------------------------------
From Clock:  clk
  To Clock:  clk

Setup :           NA  Failing Endpoints,  Worst Slack           NA  ,  Total Violation           NA
Hold  :           NA  Failing Endpoints,  Worst Slack           NA  ,  Total Violation           NA
PW    :            0  Failing Endpoints,  Worst Slack        3.000ns,  Total Violation        0.000ns
---------------------------------------------------------------------------------------------------


Pulse Width Checks
--------------------------------------------------------------------------------------
Clock Name:         clk
Waveform(ns):       { 0.000 5.000 }
Period(ns):         10.000
Sources:            { clk }

Check Type        Corner  Lib Pin            Reference Pin  Required(ns)  Actual(ns)  Slack(ns)  Location         Pin
Min Period        n/a     MMCME2_ADV/CLKIN1  n/a            1.249         10.000      8.751      MMCME2_ADV_X1Y0  system_i/clk_wiz_1/inst/mmcm_adv_inst/CLKIN1
Max Period        n/a     MMCME2_ADV/CLKIN1  n/a            100.000       10.000      90.000     MMCME2_ADV_X1Y0  system_i/clk_wiz_1/inst/mmcm_adv_inst/CLKIN1
Low Pulse Width   Fast    MMCME2_ADV/CLKIN1  n/a            2.000         5.000       3.000      MMCME2_ADV_X1Y0  system_i/clk_wiz_1/inst/mmcm_adv_inst/CLKIN1
Low Pulse Width   Slow    MMCME2_ADV/CLKIN1  n/a            2.000         5.000       3.000      MMCME2_ADV_X1Y0  system_i/clk_wiz_1/inst/mmcm_adv_inst/CLKIN1
High Pulse Width  Slow    MMCME2_ADV/CLKIN1  n/a            2.000         5.000       3.000      MMCME2_ADV_X1Y0  system_i/clk_wiz_1/inst/mmcm_adv_inst/CLKIN1
High Pulse Width  Fast    MMCME2_ADV/CLKIN1  n/a            2.000         5.000       3.000      MMCME2_ADV_X1Y0  system_i/clk_wiz_1/inst/mmcm_adv_inst/CLKIN1



---------------------------------------------------------------------------------------------------
From Clock:  clk_out1_system_clk_wiz_1_0
  To Clock:  clk_out1_system_clk_wiz_1_0

Setup :            0  Failing Endpoints,  Worst Slack        2.379ns,  Total Violation        0.000ns
Hold  :            0  Failing Endpoints,  Worst Slack        0.011ns,  Total Violation        0.000ns
PW    :            0  Failing Endpoints,  Worst Slack        3.750ns,  Total Violation        0.000ns
---------------------------------------------------------------------------------------------------


Max Delay Paths
--------------------------------------------------------------------------------------
Slack (MET) :             2.379ns  (required time - arrival time)
  Source:                 system_i/microblaze_0/U0/MicroBlaze_Core_I/Performance.Core/Decode_I/EX_ALU_Op_reg[0]/C
                            (rising edge-triggered cell FDRE clocked by clk_out1_system_clk_wiz_1_0  {rise@0.000ns fall@5.000ns period=10.000ns})
  Destination:            system_i/microblaze_0_local_memory/lmb_bram/U0/inst_blk_mem_gen/gnbram.gnative_mem_map_bmg.native_mem_map_blk_mem_gen/valid.cstr/ramloop[5].ram.r/prim_noinit.ram/DEVICE_7SERIES.WITH_BMM_INFO.TRUE_DP.SIMPLE_PRIM36.TDP_SP36_NO_ECC_ATTR.ram/ADDRBWRADDR[9]
                            (rising edge-triggered cell RAMB36E1 clocked by clk_out1_system_clk_wiz_1_0  {rise@0.000ns fall@5.000ns period=10.000ns})
  Path Group:             clk_out1_system_clk_wiz_1_0
  Path Type:              Setup (Max at Slow Process Corner)
  Requirement:            10.000ns  (clk_out1_system_clk_wiz_1_0 rise@10.000ns - clk_out1_system_clk_wiz_1_0 rise@0.000ns)
  Data Path Delay:        6.705ns  (logic 1.758ns (26.221%)  route 4.947ns (73.779%))
  Logic Levels:           6  (CARRY4=4 LUT3=1 LUT6=1)
  Clock Path Skew:        -0.068ns (DCD - SCD + CPR)
    Destination Clock Delay (DCD):    -1.503ns = ( 8.497 - 10.000 ) 
    Source Clock Delay      (SCD):    -0.944ns
    Clock Pessimism Removal (CPR):    0.492ns
  Clock Uncertainty:      0.074ns  ((TSJ^2 + DJ^2)^1/2) / 2 + PE
    Total System Jitter     (TSJ):    0.071ns
    Discrete Jitter          (DJ):    0.131ns
    Phase Error              (PE):    0.000ns

    Location             Delay type                Incr(ns)  Path(ns)    Netlist Resource(s)
  -------------------------------------------------------------------    -------------------
                         (clock clk_out1_system_clk_wiz_1_0 rise edge)
                                                      0.000     0.000 r  
    W5                                                0.000     0.000 r  clk (IN)
                         net (fo=0)                   0.000     0.000    system_i/clk_wiz_1/inst/clk_in1
    W5                   IBUF (Prop_ibuf_I_O)         1.458     1.458 r  system_i/clk_wiz_1/inst/clkin1_ibufg/O
                         net (fo=1, routed)           1.233     2.691    system_i/clk_wiz_1/inst/clk_in1_system_clk_wiz_1_0
    MMCME2_ADV_X1Y0      MMCME2_ADV (Prop_mmcme2_adv_CLKIN1_CLKOUT0)
                                                     -6.961    -4.269 r  system_i/clk_wiz_1/inst/mmcm_adv_inst/CLKOUT0
                         net (fo=1, routed)           1.661    -2.608    system_i/clk_wiz_1/inst/clk_out1_system_clk_wiz_1_0
    BUFGCTRL_X0Y0        BUFG (Prop_bufg_I_O)         0.096    -2.512 r  system_i/clk_wiz_1/inst/clkout1_buf/O
                         net (fo=2690, routed)        1.568    -0.944    system_i/microblaze_0/U0/MicroBlaze_Core_I/Performance.Core/Decode_I/Clk
    SLICE_X44Y2          FDRE                                         r  system_i/microblaze_0/U0/MicroBlaze_Core_I/Performance.Core/Decode_I/EX_ALU_Op_reg[0]/C
  -------------------------------------------------------------------    -------------------
    SLICE_X44Y2          FDRE (Prop_fdre_C_Q)         0.456    -0.488 r  system_i/microblaze_0/U0/MicroBlaze_Core_I/Performance.Core/Decode_I/EX_ALU_Op_reg[0]/Q
                         net (fo=65, routed)          1.343     0.855    system_i/microblaze_0/U0/MicroBlaze_Core_I/Performance.Core/Data_Flow_I/ALU_I/Using_FPGA.ALL_Bits[31].ALU_Bit_I1/Not_Last_Bit.I_ALU_LUT_V5/Using_FPGA.Native/I1
    SLICE_X35Y0          LUT6 (Prop_lut6_I1_O)        0.124     0.979 r  system_i/microblaze_0/U0/MicroBlaze_Core_I/Performance.Core/Data_Flow_I/ALU_I/Using_FPGA.ALL_Bits[31].ALU_Bit_I1/Not_Last_Bit.I_ALU_LUT_V5/Using_FPGA.Native/LUT6/O
                         net (fo=1, routed)           0.000     0.979    system_i/microblaze_0/U0/MicroBlaze_Core_I/Performance.Core/Data_Flow_I/Using_DAXI_ALU_Carry.Direct_MUXCY_I/lopt_9
    SLICE_X35Y0          CARRY4 (Prop_carry4_S[3]_CO[3])
                                                      0.401     1.380 r  system_i/microblaze_0/U0/MicroBlaze_Core_I/Performance.Core/Data_Flow_I/Using_DAXI_ALU_Carry.Direct_MUXCY_I/Using_FPGA.Native_CARRY4/CO[3]
                         net (fo=1, routed)           0.000     1.380    system_i/microblaze_0/U0/MicroBlaze_Core_I/Performance.Core/Data_Flow_I/ALU_I/Using_FPGA.ALL_Bits[30].ALU_Bit_I1/Not_Last_Bit.MUXCY_XOR_I/LO
    SLICE_X35Y1          CARRY4 (Prop_carry4_CI_CO[3])
                                                      0.114     1.494 r  system_i/microblaze_0/U0/MicroBlaze_Core_I/Performance.Core/Data_Flow_I/ALU_I/Using_FPGA.ALL_Bits[30].ALU_Bit_I1/Not_Last_Bit.MUXCY_XOR_I/Using_FPGA.Native_I1_CARRY4/CO[3]
                         net (fo=1, routed)           0.000     1.494    system_i/microblaze_0/U0/MicroBlaze_Core_I/Performance.Core/Data_Flow_I/ALU_I/Using_FPGA.ALL_Bits[26].ALU_Bit_I1/Not_Last_Bit.MUXCY_XOR_I/LO
    SLICE_X35Y2          CARRY4 (Prop_carry4_CI_CO[3])
                                                      0.114     1.608 r  system_i/microblaze_0/U0/MicroBlaze_Core_I/Performance.Core/Data_Flow_I/ALU_I/Using_FPGA.ALL_Bits[26].ALU_Bit_I1/Not_Last_Bit.MUXCY_XOR_I/Using_FPGA.Native_I1_CARRY4/CO[3]
                         net (fo=1, routed)           0.000     1.608    system_i/microblaze_0/U0/MicroBlaze_Core_I/Performance.Core/Data_Flow_I/ALU_I/Using_FPGA.ALL_Bits[22].ALU_Bit_I1/Not_Last_Bit.MUXCY_XOR_I/LO
    SLICE_X35Y3          CARRY4 (Prop_carry4_CI_O[0])
                                                      0.222     1.830 r  system_i/microblaze_0/U0/MicroBlaze_Core_I/Performance.Core/Data_Flow_I/ALU_I/Using_FPGA.ALL_Bits[22].ALU_Bit_I1/Not_Last_Bit.MUXCY_XOR_I/Using_FPGA.Native_I1_CARRY4/O[0]
                         net (fo=10, routed)          1.404     3.234    system_i/microblaze_0/U0/MicroBlaze_Core_I/Performance.Core/Decode_I/jump_logic_I1/MUXCY_JUMP_CARRY6/if_pc_reg[0]_0[7]
    SLICE_X43Y2          LUT3 (Prop_lut3_I0_O)        0.327     3.561 r  system_i/microblaze_0/U0/MicroBlaze_Core_I/Performance.Core/Decode_I/jump_logic_I1/MUXCY_JUMP_CARRY6/Instr_Addr[22]_INST_0/O
                         net (fo=9, routed)           2.200     5.761    system_i/microblaze_0_local_memory/lmb_bram/U0/inst_blk_mem_gen/gnbram.gnative_mem_map_bmg.native_mem_map_blk_mem_gen/valid.cstr/ramloop[5].ram.r/prim_noinit.ram/addrb[7]
    RAMB36_X0Y1          RAMB36E1                                     r  system_i/microblaze_0_local_memory/lmb_bram/U0/inst_blk_mem_gen/gnbram.gnative_mem_map_bmg.native_mem_map_blk_mem_gen/valid.cstr/ramloop[5].ram.r/prim_noinit.ram/DEVICE_7SERIES.WITH_BMM_INFO.TRUE_DP.SIMPLE_PRIM36.TDP_SP36_NO_ECC_ATTR.ram/ADDRBWRADDR[9]
  -------------------------------------------------------------------    -------------------

                         (clock clk_out1_system_clk_wiz_1_0 rise edge)
                                                     10.000    10.000 r  
    W5                                                0.000    10.000 r  clk (IN)
                         net (fo=0)                   0.000    10.000    system_i/clk_wiz_1/inst/clk_in1
    W5                   IBUF (Prop_ibuf_I_O)         1.388    11.388 r  system_i/clk_wiz_1/inst/clkin1_ibufg/O
                         net (fo=1, routed)           1.162    12.550    system_i/clk_wiz_1/inst/clk_in1_system_clk_wiz_1_0
    MMCME2_ADV_X1Y0      MMCME2_ADV (Prop_mmcme2_adv_CLKIN1_CLKOUT0)
                                                     -7.217     5.332 r  system_i/clk_wiz_1/inst/mmcm_adv_inst/CLKOUT0
                         net (fo=1, routed)           1.581     6.914    system_i/clk_wiz_1/inst/clk_out1_system_clk_wiz_1_0
    BUFGCTRL_X0Y0        BUFG (Prop_bufg_I_O)         0.091     7.005 r  system_i/clk_wiz_1/inst/clkout1_buf/O
                         net (fo=2690, routed)        1.493     8.497    system_i/microblaze_0_local_memory/lmb_bram/U0/inst_blk_mem_gen/gnbram.gnative_mem_map_bmg.native_mem_map_blk_mem_gen/valid.cstr/ramloop[5].ram.r/prim_noinit.ram/clkb
    RAMB36_X0Y1          RAMB36E1                                     r  system_i/microblaze_0_local_memory/lmb_bram/U0/inst_blk_mem_gen/gnbram.gnative_mem_map_bmg.native_mem_map_blk_mem_gen/valid.cstr/ramloop[5].ram.r/prim_noinit.ram/DEVICE_7SERIES.WITH_BMM_INFO.TRUE_DP.SIMPLE_PRIM36.TDP_SP36_NO_ECC_ATTR.ram/CLKBWRCLK
                         clock pessimism              0.492     8.989    
                         clock uncertainty           -0.074     8.915    
    RAMB36_X0Y1          RAMB36E1 (Setup_ramb36e1_CLKBWRCLK_ADDRBWRADDR[9])
                                                     -0.774     8.141    system_i/microblaze_0_local_memory/lmb_bram/U0/inst_blk_mem_gen/gnbram.gnative_mem_map_bmg.native_mem_map_blk_mem_gen/valid.cstr/ramloop[5].ram.r/prim_noinit.ram/DEVICE_7SERIES.WITH_BMM_INFO.TRUE_DP.SIMPLE_PRIM36.TDP_SP36_NO_ECC_ATTR.ram
  -------------------------------------------------------------------
                         required time                          8.141    
                         arrival time                          -5.761    
  -------------------------------------------------------------------
                         slack                                  2.379    

Slack (MET) :             2.445ns  (required time - arrival time)
  Source:                 system_i/microblaze_0/U0/MicroBlaze_Core_I/Use_Async_Reset.sync_reset_reg/C
                            (rising edge-triggered cell FDRE clocked by clk_out1_system_clk_wiz_1_0  {rise@0.000ns fall@5.000ns period=10.000ns})
  Destination:            system_i/microblaze_0/U0/MicroBlaze_Core_I/Performance.Core/Use_Debug_Logic.Master_Core.Debug_Perf/single_Step_N_reg/S
                            (rising edge-triggered cell FDSE clocked by clk_out1_system_clk_wiz_1_0  {rise@0.000ns fall@5.000ns period=10.000ns})
  Path Group:             clk_out1_system_clk_wiz_1_0
  Path Type:              Setup (Max at Slow Process Corner)
  Requirement:            10.000ns  (clk_out1_system_clk_wiz_1_0 rise@10.000ns - clk_out1_system_clk_wiz_1_0 rise@0.000ns)
  Data Path Delay:        7.091ns  (logic 0.456ns (6.430%)  route 6.635ns (93.570%))
  Logic Levels:           0  
  Clock Path Skew:        0.040ns (DCD - SCD + CPR)
    Destination Clock Delay (DCD):    -1.476ns = ( 8.524 - 10.000 ) 
    Source Clock Delay      (SCD):    -0.953ns
    Clock Pessimism Removal (CPR):    0.564ns
  Clock Uncertainty:      0.074ns  ((TSJ^2 + DJ^2)^1/2) / 2 + PE
    Total System Jitter     (TSJ):    0.071ns
    Discrete Jitter          (DJ):    0.131ns
    Phase Error              (PE):    0.000ns

    Location             Delay type                Incr(ns)  Path(ns)    Netlist Resource(s)
  -------------------------------------------------------------------    -------------------
                         (clock clk_out1_system_clk_wiz_1_0 rise edge)
                                                      0.000     0.000 r  
    W5                                                0.000     0.000 r  clk (IN)
                         net (fo=0)                   0.000     0.000    system_i/clk_wiz_1/inst/clk_in1
    W5                   IBUF (Prop_ibuf_I_O)         1.458     1.458 r  system_i/clk_wiz_1/inst/clkin1_ibufg/O
                         net (fo=1, routed)           1.233     2.691    system_i/clk_wiz_1/inst/clk_in1_system_clk_wiz_1_0
    MMCME2_ADV_X1Y0      MMCME2_ADV (Prop_mmcme2_adv_CLKIN1_CLKOUT0)
                                                     -6.961    -4.269 r  system_i/clk_wiz_1/inst/mmcm_adv_inst/CLKOUT0
                         net (fo=1, routed)           1.661    -2.608    system_i/clk_wiz_1/inst/clk_out1_system_clk_wiz_1_0
    BUFGCTRL_X0Y0        BUFG (Prop_bufg_I_O)         0.096    -2.512 r  system_i/clk_wiz_1/inst/clkout1_buf/O
                         net (fo=2690, routed)        1.559    -0.953    system_i/microblaze_0/U0/MicroBlaze_Core_I/Clk
    SLICE_X55Y19         FDRE                                         r  system_i/microblaze_0/U0/MicroBlaze_Core_I/Use_Async_Reset.sync_reset_reg/C
  -------------------------------------------------------------------    -------------------
    SLICE_X55Y19         FDRE (Prop_fdre_C_Q)         0.456    -0.497 r  system_i/microblaze_0/U0/MicroBlaze_Core_I/Use_Async_Reset.sync_reset_reg/Q
                         net (fo=660, routed)         6.635     6.139    system_i/microblaze_0/U0/MicroBlaze_Core_I/Performance.Core/Use_Debug_Logic.Master_Core.Debug_Perf/reset_bool_for_rst
    SLICE_X58Y2          FDSE                                         r  system_i/microblaze_0/U0/MicroBlaze_Core_I/Performance.Core/Use_Debug_Logic.Master_Core.Debug_Perf/single_Step_N_reg/S
  -------------------------------------------------------------------    -------------------

                         (clock clk_out1_system_clk_wiz_1_0 rise edge)
                                                     10.000    10.000 r  
    W5                                                0.000    10.000 r  clk (IN)
                         net (fo=0)                   0.000    10.000    system_i/clk_wiz_1/inst/clk_in1
    W5                   IBUF (Prop_ibuf_I_O)         1.388    11.388 r  system_i/clk_wiz_1/inst/clkin1_ibufg/O
                         net (fo=1, routed)           1.162    12.550    system_i/clk_wiz_1/inst/clk_in1_system_clk_wiz_1_0
    MMCME2_ADV_X1Y0      MMCME2_ADV (Prop_mmcme2_adv_CLKIN1_CLKOUT0)
                                                     -7.217     5.332 r  system_i/clk_wiz_1/inst/mmcm_adv_inst/CLKOUT0
                         net (fo=1, routed)           1.581     6.914    system_i/clk_wiz_1/inst/clk_out1_system_clk_wiz_1_0
    BUFGCTRL_X0Y0        BUFG (Prop_bufg_I_O)         0.091     7.005 r  system_i/clk_wiz_1/inst/clkout1_buf/O
                         net (fo=2690, routed)        1.519     8.524    system_i/microblaze_0/U0/MicroBlaze_Core_I/Performance.Core/Use_Debug_Logic.Master_Core.Debug_Perf/Clk
    SLICE_X58Y2          FDSE                                         r  system_i/microblaze_0/U0/MicroBlaze_Core_I/Performance.Core/Use_Debug_Logic.Master_Core.Debug_Perf/single_Step_N_reg/C
                         clock pessimism              0.564     9.087    
                         clock uncertainty           -0.074     9.013    
    SLICE_X58Y2          FDSE (Setup_fdse_C_S)       -0.429     8.584    system_i/microblaze_0/U0/MicroBlaze_Core_I/Performance.Core/Use_Debug_Logic.Master_Core.Debug_Perf/single_Step_N_reg
  -------------------------------------------------------------------
                         required time                          8.584    
                         arrival time                          -6.139    
  -------------------------------------------------------------------
                         slack                                  2.445    

Slack (MET) :             2.486ns  (required time - arrival time)
  Source:                 system_i/analyzer_clump_0/inst/ablock1/ring_buf_addr_reg[3]/C
                            (rising edge-triggered cell FDRE clocked by clk_out1_system_clk_wiz_1_0  {rise@0.000ns fall@5.000ns period=10.000ns})
  Destination:            system_i/analyzer_clump_0/inst/ram_wr_data_reg[13]/CE
                            (rising edge-triggered cell FDRE clocked by clk_out1_system_clk_wiz_1_0  {rise@0.000ns fall@5.000ns period=10.000ns})
  Path Group:             clk_out1_system_clk_wiz_1_0
  Path Type:              Setup (Max at Slow Process Corner)
  Requirement:            10.000ns  (clk_out1_system_clk_wiz_1_0 rise@10.000ns - clk_out1_system_clk_wiz_1_0 rise@0.000ns)
  Data Path Delay:        7.202ns  (logic 2.328ns (32.325%)  route 4.874ns (67.675%))
  Logic Levels:           6  (CARRY4=1 LUT2=1 LUT5=2 LUT6=2)
  Clock Path Skew:        -0.033ns (DCD - SCD + CPR)
    Destination Clock Delay (DCD):    -1.548ns = ( 8.452 - 10.000 ) 
    Source Clock Delay      (SCD):    -0.952ns
    Clock Pessimism Removal (CPR):    0.564ns
  Clock Uncertainty:      0.074ns  ((TSJ^2 + DJ^2)^1/2) / 2 + PE
    Total System Jitter     (TSJ):    0.071ns
    Discrete Jitter          (DJ):    0.131ns
    Phase Error              (PE):    0.000ns

    Location             Delay type                Incr(ns)  Path(ns)    Netlist Resource(s)
  -------------------------------------------------------------------    -------------------
                         (clock clk_out1_system_clk_wiz_1_0 rise edge)
                                                      0.000     0.000 r  
    W5                                                0.000     0.000 r  clk (IN)
                         net (fo=0)                   0.000     0.000    system_i/clk_wiz_1/inst/clk_in1
    W5                   IBUF (Prop_ibuf_I_O)         1.458     1.458 r  system_i/clk_wiz_1/inst/clkin1_ibufg/O
                         net (fo=1, routed)           1.233     2.691    system_i/clk_wiz_1/inst/clk_in1_system_clk_wiz_1_0
    MMCME2_ADV_X1Y0      MMCME2_ADV (Prop_mmcme2_adv_CLKIN1_CLKOUT0)
                                                     -6.961    -4.269 r  system_i/clk_wiz_1/inst/mmcm_adv_inst/CLKOUT0
                         net (fo=1, routed)           1.661    -2.608    system_i/clk_wiz_1/inst/clk_out1_system_clk_wiz_1_0
    BUFGCTRL_X0Y0        BUFG (Prop_bufg_I_O)         0.096    -2.512 r  system_i/clk_wiz_1/inst/clkout1_buf/O
                         net (fo=2690, routed)        1.560    -0.952    system_i/analyzer_clump_0/inst/ablock1/aclk
    SLICE_X56Y31         FDRE                                         r  system_i/analyzer_clump_0/inst/ablock1/ring_buf_addr_reg[3]/C
  -------------------------------------------------------------------    -------------------
    SLICE_X56Y31         FDRE (Prop_fdre_C_Q)         0.518    -0.434 r  system_i/analyzer_clump_0/inst/ablock1/ring_buf_addr_reg[3]/Q
                         net (fo=8, routed)           0.991     0.558    system_i/analyzer_clump_0/inst/ablock1/buf_manager/Q[3]
    SLICE_X54Y29         LUT5 (Prop_lut5_I0_O)        0.148     0.706 f  system_i/analyzer_clump_0/inst/ablock1/buf_manager/can_read0_carry_i_5/O
                         net (fo=1, routed)           0.578     1.283    system_i/analyzer_clump_0/inst/ablock1/buf_manager/can_read0_carry_i_5_n_0
    SLICE_X55Y29         LUT6 (Prop_lut6_I5_O)        0.328     1.611 r  system_i/analyzer_clump_0/inst/ablock1/buf_manager/can_read0_carry_i_2__0/O
                         net (fo=1, routed)           0.000     1.611    system_i/analyzer_clump_0/inst/ablock1/buf_manager/can_read0_carry_i_2__0_n_0
    SLICE_X55Y29         CARRY4 (Prop_carry4_S[1]_CO[2])
                                                      0.570     2.181 f  system_i/analyzer_clump_0/inst/ablock1/buf_manager/can_read0_carry/CO[2]
                         net (fo=8, routed)           0.879     3.061    system_i/analyzer_clump_0/inst/ablock1/buf_manager/CO[0]
    SLICE_X47Y27         LUT2 (Prop_lut2_I1_O)        0.308     3.369 f  system_i/analyzer_clump_0/inst/ablock1/buf_manager/shared_wr_addr[7]_i_13/O
                         net (fo=65, routed)          0.577     3.945    system_i/analyzer_clump_0/inst/ablock1/buf_manager/shared_wr_addr[7]_i_13_n_0
    SLICE_X48Y27         LUT6 (Prop_lut6_I1_O)        0.332     4.277 f  system_i/analyzer_clump_0/inst/ablock1/buf_manager/shared_wr_addr[7]_i_6/O
                         net (fo=70, routed)          0.748     5.025    system_i/analyzer_clump_0/inst/ablock0/buf_manager/block_addr2_reg[0]
    SLICE_X46Y27         LUT5 (Prop_lut5_I3_O)        0.124     5.149 r  system_i/analyzer_clump_0/inst/ablock0/buf_manager/shared_wr_addr[7]_i_1/O
                         net (fo=72, routed)          1.101     6.250    system_i/analyzer_clump_0/inst/shared_wr_addr__0
    SLICE_X51Y35         FDRE                                         r  system_i/analyzer_clump_0/inst/ram_wr_data_reg[13]/CE
  -------------------------------------------------------------------    -------------------

                         (clock clk_out1_system_clk_wiz_1_0 rise edge)
                                                     10.000    10.000 r  
    W5                                                0.000    10.000 r  clk (IN)
                         net (fo=0)                   0.000    10.000    system_i/clk_wiz_1/inst/clk_in1
    W5                   IBUF (Prop_ibuf_I_O)         1.388    11.388 r  system_i/clk_wiz_1/inst/clkin1_ibufg/O
                         net (fo=1, routed)           1.162    12.550    system_i/clk_wiz_1/inst/clk_in1_system_clk_wiz_1_0
    MMCME2_ADV_X1Y0      MMCME2_ADV (Prop_mmcme2_adv_CLKIN1_CLKOUT0)
                                                     -7.217     5.332 r  system_i/clk_wiz_1/inst/mmcm_adv_inst/CLKOUT0
                         net (fo=1, routed)           1.581     6.914    system_i/clk_wiz_1/inst/clk_out1_system_clk_wiz_1_0
    BUFGCTRL_X0Y0        BUFG (Prop_bufg_I_O)         0.091     7.005 r  system_i/clk_wiz_1/inst/clkout1_buf/O
                         net (fo=2690, routed)        1.447     8.452    system_i/analyzer_clump_0/inst/aclk
    SLICE_X51Y35         FDRE                                         r  system_i/analyzer_clump_0/inst/ram_wr_data_reg[13]/C
                         clock pessimism              0.564     9.015    
                         clock uncertainty           -0.074     8.941    
    SLICE_X51Y35         FDRE (Setup_fdre_C_CE)      -0.205     8.736    system_i/analyzer_clump_0/inst/ram_wr_data_reg[13]
  -------------------------------------------------------------------
                         required time                          8.736    
                         arrival time                          -6.250    
  -------------------------------------------------------------------
                         slack                                  2.486    

Slack (MET) :             2.486ns  (required time - arrival time)
  Source:                 system_i/analyzer_clump_0/inst/ablock1/ring_buf_addr_reg[3]/C
                            (rising edge-triggered cell FDRE clocked by clk_out1_system_clk_wiz_1_0  {rise@0.000ns fall@5.000ns period=10.000ns})
  Destination:            system_i/analyzer_clump_0/inst/ram_wr_data_reg[45]/CE
                            (rising edge-triggered cell FDRE clocked by clk_out1_system_clk_wiz_1_0  {rise@0.000ns fall@5.000ns period=10.000ns})
  Path Group:             clk_out1_system_clk_wiz_1_0
  Path Type:              Setup (Max at Slow Process Corner)
  Requirement:            10.000ns  (clk_out1_system_clk_wiz_1_0 rise@10.000ns - clk_out1_system_clk_wiz_1_0 rise@0.000ns)
  Data Path Delay:        7.202ns  (logic 2.328ns (32.325%)  route 4.874ns (67.675%))
  Logic Levels:           6  (CARRY4=1 LUT2=1 LUT5=2 LUT6=2)
  Clock Path Skew:        -0.033ns (DCD - SCD + CPR)
    Destination Clock Delay (DCD):    -1.548ns = ( 8.452 - 10.000 ) 
    Source Clock Delay      (SCD):    -0.952ns
    Clock Pessimism Removal (CPR):    0.564ns
  Clock Uncertainty:      0.074ns  ((TSJ^2 + DJ^2)^1/2) / 2 + PE
    Total System Jitter     (TSJ):    0.071ns
    Discrete Jitter          (DJ):    0.131ns
    Phase Error              (PE):    0.000ns

    Location             Delay type                Incr(ns)  Path(ns)    Netlist Resource(s)
  -------------------------------------------------------------------    -------------------
                         (clock clk_out1_system_clk_wiz_1_0 rise edge)
                                                      0.000     0.000 r  
    W5                                                0.000     0.000 r  clk (IN)
                         net (fo=0)                   0.000     0.000    system_i/clk_wiz_1/inst/clk_in1
    W5                   IBUF (Prop_ibuf_I_O)         1.458     1.458 r  system_i/clk_wiz_1/inst/clkin1_ibufg/O
                         net (fo=1, routed)           1.233     2.691    system_i/clk_wiz_1/inst/clk_in1_system_clk_wiz_1_0
    MMCME2_ADV_X1Y0      MMCME2_ADV (Prop_mmcme2_adv_CLKIN1_CLKOUT0)
                                                     -6.961    -4.269 r  system_i/clk_wiz_1/inst/mmcm_adv_inst/CLKOUT0
                         net (fo=1, routed)           1.661    -2.608    system_i/clk_wiz_1/inst/clk_out1_system_clk_wiz_1_0
    BUFGCTRL_X0Y0        BUFG (Prop_bufg_I_O)         0.096    -2.512 r  system_i/clk_wiz_1/inst/clkout1_buf/O
                         net (fo=2690, routed)        1.560    -0.952    system_i/analyzer_clump_0/inst/ablock1/aclk
    SLICE_X56Y31         FDRE                                         r  system_i/analyzer_clump_0/inst/ablock1/ring_buf_addr_reg[3]/C
  -------------------------------------------------------------------    -------------------
    SLICE_X56Y31         FDRE (Prop_fdre_C_Q)         0.518    -0.434 r  system_i/analyzer_clump_0/inst/ablock1/ring_buf_addr_reg[3]/Q
                         net (fo=8, routed)           0.991     0.558    system_i/analyzer_clump_0/inst/ablock1/buf_manager/Q[3]
    SLICE_X54Y29         LUT5 (Prop_lut5_I0_O)        0.148     0.706 f  system_i/analyzer_clump_0/inst/ablock1/buf_manager/can_read0_carry_i_5/O
                         net (fo=1, routed)           0.578     1.283    system_i/analyzer_clump_0/inst/ablock1/buf_manager/can_read0_carry_i_5_n_0
    SLICE_X55Y29         LUT6 (Prop_lut6_I5_O)        0.328     1.611 r  system_i/analyzer_clump_0/inst/ablock1/buf_manager/can_read0_carry_i_2__0/O
                         net (fo=1, routed)           0.000     1.611    system_i/analyzer_clump_0/inst/ablock1/buf_manager/can_read0_carry_i_2__0_n_0
    SLICE_X55Y29         CARRY4 (Prop_carry4_S[1]_CO[2])
                                                      0.570     2.181 f  system_i/analyzer_clump_0/inst/ablock1/buf_manager/can_read0_carry/CO[2]
                         net (fo=8, routed)           0.879     3.061    system_i/analyzer_clump_0/inst/ablock1/buf_manager/CO[0]
    SLICE_X47Y27         LUT2 (Prop_lut2_I1_O)        0.308     3.369 f  system_i/analyzer_clump_0/inst/ablock1/buf_manager/shared_wr_addr[7]_i_13/O
                         net (fo=65, routed)          0.577     3.945    system_i/analyzer_clump_0/inst/ablock1/buf_manager/shared_wr_addr[7]_i_13_n_0
    SLICE_X48Y27         LUT6 (Prop_lut6_I1_O)        0.332     4.277 f  system_i/analyzer_clump_0/inst/ablock1/buf_manager/shared_wr_addr[7]_i_6/O
                         net (fo=70, routed)          0.748     5.025    system_i/analyzer_clump_0/inst/ablock0/buf_manager/block_addr2_reg[0]
    SLICE_X46Y27         LUT5 (Prop_lut5_I3_O)        0.124     5.149 r  system_i/analyzer_clump_0/inst/ablock0/buf_manager/shared_wr_addr[7]_i_1/O
                         net (fo=72, routed)          1.101     6.250    system_i/analyzer_clump_0/inst/shared_wr_addr__0
    SLICE_X51Y35         FDRE                                         r  system_i/analyzer_clump_0/inst/ram_wr_data_reg[45]/CE
  -------------------------------------------------------------------    -------------------

                         (clock clk_out1_system_clk_wiz_1_0 rise edge)
                                                     10.000    10.000 r  
    W5                                                0.000    10.000 r  clk (IN)
                         net (fo=0)                   0.000    10.000    system_i/clk_wiz_1/inst/clk_in1
    W5                   IBUF (Prop_ibuf_I_O)         1.388    11.388 r  system_i/clk_wiz_1/inst/clkin1_ibufg/O
                         net (fo=1, routed)           1.162    12.550    system_i/clk_wiz_1/inst/clk_in1_system_clk_wiz_1_0
    MMCME2_ADV_X1Y0      MMCME2_ADV (Prop_mmcme2_adv_CLKIN1_CLKOUT0)
                                                     -7.217     5.332 r  system_i/clk_wiz_1/inst/mmcm_adv_inst/CLKOUT0
                         net (fo=1, routed)           1.581     6.914    system_i/clk_wiz_1/inst/clk_out1_system_clk_wiz_1_0
    BUFGCTRL_X0Y0        BUFG (Prop_bufg_I_O)         0.091     7.005 r  system_i/clk_wiz_1/inst/clkout1_buf/O
                         net (fo=2690, routed)        1.447     8.452    system_i/analyzer_clump_0/inst/aclk
    SLICE_X51Y35         FDRE                                         r  system_i/analyzer_clump_0/inst/ram_wr_data_reg[45]/C
                         clock pessimism              0.564     9.015    
                         clock uncertainty           -0.074     8.941    
    SLICE_X51Y35         FDRE (Setup_fdre_C_CE)      -0.205     8.736    system_i/analyzer_clump_0/inst/ram_wr_data_reg[45]
  -------------------------------------------------------------------
                         required time                          8.736    
                         arrival time                          -6.250    
  -------------------------------------------------------------------
                         slack                                  2.486    

Slack (MET) :             2.520ns  (required time - arrival time)
  Source:                 system_i/analyzer_clump_0/inst/ablock1/ring_buf_addr_reg[3]/C
                            (rising edge-triggered cell FDRE clocked by clk_out1_system_clk_wiz_1_0  {rise@0.000ns fall@5.000ns period=10.000ns})
  Destination:            system_i/analyzer_clump_0/inst/ram_wr_data_reg[51]/CE
                            (rising edge-triggered cell FDRE clocked by clk_out1_system_clk_wiz_1_0  {rise@0.000ns fall@5.000ns period=10.000ns})
  Path Group:             clk_out1_system_clk_wiz_1_0
  Path Type:              Setup (Max at Slow Process Corner)
  Requirement:            10.000ns  (clk_out1_system_clk_wiz_1_0 rise@10.000ns - clk_out1_system_clk_wiz_1_0 rise@0.000ns)
  Data Path Delay:        7.201ns  (logic 2.328ns (32.327%)  route 4.873ns (67.673%))
  Logic Levels:           6  (CARRY4=1 LUT2=1 LUT5=2 LUT6=2)
  Clock Path Skew:        -0.035ns (DCD - SCD + CPR)
    Destination Clock Delay (DCD):    -1.550ns = ( 8.450 - 10.000 ) 
    Source Clock Delay      (SCD):    -0.952ns
    Clock Pessimism Removal (CPR):    0.564ns
  Clock Uncertainty:      0.074ns  ((TSJ^2 + DJ^2)^1/2) / 2 + PE
    Total System Jitter     (TSJ):    0.071ns
    Discrete Jitter          (DJ):    0.131ns
    Phase Error              (PE):    0.000ns

    Location             Delay type                Incr(ns)  Path(ns)    Netlist Resource(s)
  -------------------------------------------------------------------    -------------------
                         (clock clk_out1_system_clk_wiz_1_0 rise edge)
                                                      0.000     0.000 r  
    W5                                                0.000     0.000 r  clk (IN)
                         net (fo=0)                   0.000     0.000    system_i/clk_wiz_1/inst/clk_in1
    W5                   IBUF (Prop_ibuf_I_O)         1.458     1.458 r  system_i/clk_wiz_1/inst/clkin1_ibufg/O
                         net (fo=1, routed)           1.233     2.691    system_i/clk_wiz_1/inst/clk_in1_system_clk_wiz_1_0
    MMCME2_ADV_X1Y0      MMCME2_ADV (Prop_mmcme2_adv_CLKIN1_CLKOUT0)
                                                     -6.961    -4.269 r  system_i/clk_wiz_1/inst/mmcm_adv_inst/CLKOUT0
                         net (fo=1, routed)           1.661    -2.608    system_i/clk_wiz_1/inst/clk_out1_system_clk_wiz_1_0
    BUFGCTRL_X0Y0        BUFG (Prop_bufg_I_O)         0.096    -2.512 r  system_i/clk_wiz_1/inst/clkout1_buf/O
                         net (fo=2690, routed)        1.560    -0.952    system_i/analyzer_clump_0/inst/ablock1/aclk
    SLICE_X56Y31         FDRE                                         r  system_i/analyzer_clump_0/inst/ablock1/ring_buf_addr_reg[3]/C
  -------------------------------------------------------------------    -------------------
    SLICE_X56Y31         FDRE (Prop_fdre_C_Q)         0.518    -0.434 r  system_i/analyzer_clump_0/inst/ablock1/ring_buf_addr_reg[3]/Q
                         net (fo=8, routed)           0.991     0.558    system_i/analyzer_clump_0/inst/ablock1/buf_manager/Q[3]
    SLICE_X54Y29         LUT5 (Prop_lut5_I0_O)        0.148     0.706 f  system_i/analyzer_clump_0/inst/ablock1/buf_manager/can_read0_carry_i_5/O
                         net (fo=1, routed)           0.578     1.283    system_i/analyzer_clump_0/inst/ablock1/buf_manager/can_read0_carry_i_5_n_0
    SLICE_X55Y29         LUT6 (Prop_lut6_I5_O)        0.328     1.611 r  system_i/analyzer_clump_0/inst/ablock1/buf_manager/can_read0_carry_i_2__0/O
                         net (fo=1, routed)           0.000     1.611    system_i/analyzer_clump_0/inst/ablock1/buf_manager/can_read0_carry_i_2__0_n_0
    SLICE_X55Y29         CARRY4 (Prop_carry4_S[1]_CO[2])
                                                      0.570     2.181 f  system_i/analyzer_clump_0/inst/ablock1/buf_manager/can_read0_carry/CO[2]
                         net (fo=8, routed)           0.879     3.061    system_i/analyzer_clump_0/inst/ablock1/buf_manager/CO[0]
    SLICE_X47Y27         LUT2 (Prop_lut2_I1_O)        0.308     3.369 f  system_i/analyzer_clump_0/inst/ablock1/buf_manager/shared_wr_addr[7]_i_13/O
                         net (fo=65, routed)          0.577     3.945    system_i/analyzer_clump_0/inst/ablock1/buf_manager/shared_wr_addr[7]_i_13_n_0
    SLICE_X48Y27         LUT6 (Prop_lut6_I1_O)        0.332     4.277 f  system_i/analyzer_clump_0/inst/ablock1/buf_manager/shared_wr_addr[7]_i_6/O
                         net (fo=70, routed)          0.748     5.025    system_i/analyzer_clump_0/inst/ablock0/buf_manager/block_addr2_reg[0]
    SLICE_X46Y27         LUT5 (Prop_lut5_I3_O)        0.124     5.149 r  system_i/analyzer_clump_0/inst/ablock0/buf_manager/shared_wr_addr[7]_i_1/O
                         net (fo=72, routed)          1.101     6.250    system_i/analyzer_clump_0/inst/shared_wr_addr__0
    SLICE_X52Y33         FDRE                                         r  system_i/analyzer_clump_0/inst/ram_wr_data_reg[51]/CE
  -------------------------------------------------------------------    -------------------

                         (clock clk_out1_system_clk_wiz_1_0 rise edge)
                                                     10.000    10.000 r  
    W5                                                0.000    10.000 r  clk (IN)
                         net (fo=0)                   0.000    10.000    system_i/clk_wiz_1/inst/clk_in1
    W5                   IBUF (Prop_ibuf_I_O)         1.388    11.388 r  system_i/clk_wiz_1/inst/clkin1_ibufg/O
                         net (fo=1, routed)           1.162    12.550    system_i/clk_wiz_1/inst/clk_in1_system_clk_wiz_1_0
    MMCME2_ADV_X1Y0      MMCME2_ADV (Prop_mmcme2_adv_CLKIN1_CLKOUT0)
                                                     -7.217     5.332 r  system_i/clk_wiz_1/inst/mmcm_adv_inst/CLKOUT0
                         net (fo=1, routed)           1.581     6.914    system_i/clk_wiz_1/inst/clk_out1_system_clk_wiz_1_0
    BUFGCTRL_X0Y0        BUFG (Prop_bufg_I_O)         0.091     7.005 r  system_i/clk_wiz_1/inst/clkout1_buf/O
                         net (fo=2690, routed)        1.445     8.450    system_i/analyzer_clump_0/inst/aclk
    SLICE_X52Y33         FDRE                                         r  system_i/analyzer_clump_0/inst/ram_wr_data_reg[51]/C
                         clock pessimism              0.564     9.013    
                         clock uncertainty           -0.074     8.939    
    SLICE_X52Y33         FDRE (Setup_fdre_C_CE)      -0.169     8.770    system_i/analyzer_clump_0/inst/ram_wr_data_reg[51]
  -------------------------------------------------------------------
                         required time                          8.770    
                         arrival time                          -6.250    
  -------------------------------------------------------------------
                         slack                                  2.520    

Slack (MET) :             2.537ns  (required time - arrival time)
  Source:                 system_i/microblaze_0/U0/MicroBlaze_Core_I/Performance.Core/Decode_I/mem_valid_reg/C
                            (rising edge-triggered cell FDRE clocked by clk_out1_system_clk_wiz_1_0  {rise@0.000ns fall@5.000ns period=10.000ns})
  Destination:            system_i/microblaze_0_local_memory/lmb_bram/U0/inst_blk_mem_gen/gnbram.gnative_mem_map_bmg.native_mem_map_blk_mem_gen/valid.cstr/ramloop[5].ram.r/prim_noinit.ram/DEVICE_7SERIES.WITH_BMM_INFO.TRUE_DP.SIMPLE_PRIM36.TDP_SP36_NO_ECC_ATTR.ram/ENARDEN
                            (rising edge-triggered cell RAMB36E1 clocked by clk_out1_system_clk_wiz_1_0  {rise@0.000ns fall@5.000ns period=10.000ns})
  Path Group:             clk_out1_system_clk_wiz_1_0
  Path Type:              Setup (Max at Slow Process Corner)
  Requirement:            10.000ns  (clk_out1_system_clk_wiz_1_0 rise@10.000ns - clk_out1_system_clk_wiz_1_0 rise@0.000ns)
  Data Path Delay:        6.876ns  (logic 2.027ns (29.480%)  route 4.849ns (70.520%))
  Logic Levels:           4  (AND2B1L=1 LUT2=2 LUT6=1)
  Clock Path Skew:        -0.070ns (DCD - SCD + CPR)
    Destination Clock Delay (DCD):    -1.504ns = ( 8.496 - 10.000 ) 
    Source Clock Delay      (SCD):    -0.943ns
    Clock Pessimism Removal (CPR):    0.492ns
  Clock Uncertainty:      0.074ns  ((TSJ^2 + DJ^2)^1/2) / 2 + PE
    Total System Jitter     (TSJ):    0.071ns
    Discrete Jitter          (DJ):    0.131ns
    Phase Error              (PE):    0.000ns

    Location             Delay type                Incr(ns)  Path(ns)    Netlist Resource(s)
  -------------------------------------------------------------------    -------------------
                         (clock clk_out1_system_clk_wiz_1_0 rise edge)
                                                      0.000     0.000 r  
    W5                                                0.000     0.000 r  clk (IN)
                         net (fo=0)                   0.000     0.000    system_i/clk_wiz_1/inst/clk_in1
    W5                   IBUF (Prop_ibuf_I_O)         1.458     1.458 r  system_i/clk_wiz_1/inst/clkin1_ibufg/O
                         net (fo=1, routed)           1.233     2.691    system_i/clk_wiz_1/inst/clk_in1_system_clk_wiz_1_0
    MMCME2_ADV_X1Y0      MMCME2_ADV (Prop_mmcme2_adv_CLKIN1_CLKOUT0)
                                                     -6.961    -4.269 r  system_i/clk_wiz_1/inst/mmcm_adv_inst/CLKOUT0
                         net (fo=1, routed)           1.661    -2.608    system_i/clk_wiz_1/inst/clk_out1_system_clk_wiz_1_0
    BUFGCTRL_X0Y0        BUFG (Prop_bufg_I_O)         0.096    -2.512 r  system_i/clk_wiz_1/inst/clkout1_buf/O
                         net (fo=2690, routed)        1.569    -0.943    system_i/microblaze_0/U0/MicroBlaze_Core_I/Performance.Core/Decode_I/Clk
    SLICE_X50Y9          FDRE                                         r  system_i/microblaze_0/U0/MicroBlaze_Core_I/Performance.Core/Decode_I/mem_valid_reg/C
  -------------------------------------------------------------------    -------------------
    SLICE_X50Y9          FDRE (Prop_fdre_C_Q)         0.518    -0.425 f  system_i/microblaze_0/U0/MicroBlaze_Core_I/Performance.Core/Decode_I/mem_valid_reg/Q
                         net (fo=15, routed)          1.197     0.773    system_i/microblaze_0/U0/MicroBlaze_Core_I/Performance.Core/Decode_I/mem_valid_instr
    SLICE_X54Y6          LUT2 (Prop_lut2_I1_O)        0.152     0.925 f  system_i/microblaze_0/U0/MicroBlaze_Core_I/Performance.Core/Decode_I/wb_exception_i_i_1/O
                         net (fo=5, routed)           0.647     1.572    system_i/microblaze_0/U0/MicroBlaze_Core_I/Performance.Core/Decode_I/Using_FPGA_2.ex_load_store_instr_Inst/No_ECC.lmb_as_reg
    SLICE_X50Y5          LUT6 (Prop_lut6_I1_O)        0.348     1.920 f  system_i/microblaze_0/U0/MicroBlaze_Core_I/Performance.Core/Decode_I/Using_FPGA_2.ex_load_store_instr_Inst/Using_FPGA.Native_i_1__5/O
                         net (fo=1, routed)           0.529     2.449    system_i/microblaze_0/U0/MicroBlaze_Core_I/Performance.Core/Use_DLMB.Using_Latch_AS_Logic.AND2B1L_I1/SRI
    SLICE_X51Y5          AND2B1L (Prop_and2b1l_SRI_O)
                                                      0.885     3.334 r  system_i/microblaze_0/U0/MicroBlaze_Core_I/Performance.Core/Use_DLMB.Using_Latch_AS_Logic.AND2B1L_I1/Using_FPGA.Native/O
                         net (fo=2, routed)           0.685     4.019    system_i/microblaze_0_local_memory/lmb_bram/U0/inst_blk_mem_gen/gnbram.gnative_mem_map_bmg.native_mem_map_blk_mem_gen/valid.cstr/ramloop[7].ram.r/prim_noinit.ram/ena
    SLICE_X56Y7          LUT2 (Prop_lut2_I1_O)        0.124     4.143 r  system_i/microblaze_0_local_memory/lmb_bram/U0/inst_blk_mem_gen/gnbram.gnative_mem_map_bmg.native_mem_map_blk_mem_gen/valid.cstr/ramloop[7].ram.r/prim_noinit.ram/DEVICE_7SERIES.WITH_BMM_INFO.TRUE_DP.SIMPLE_PRIM36.TDP_SP36_NO_ECC_ATTR.ram_i_1/O
                         net (fo=8, routed)           1.790     5.933    system_i/microblaze_0_local_memory/lmb_bram/U0/inst_blk_mem_gen/gnbram.gnative_mem_map_bmg.native_mem_map_blk_mem_gen/valid.cstr/ramloop[5].ram.r/prim_noinit.ram/ENA_I
    RAMB36_X0Y1          RAMB36E1                                     r  system_i/microblaze_0_local_memory/lmb_bram/U0/inst_blk_mem_gen/gnbram.gnative_mem_map_bmg.native_mem_map_blk_mem_gen/valid.cstr/ramloop[5].ram.r/prim_noinit.ram/DEVICE_7SERIES.WITH_BMM_INFO.TRUE_DP.SIMPLE_PRIM36.TDP_SP36_NO_ECC_ATTR.ram/ENARDEN
  -------------------------------------------------------------------    -------------------

                         (clock clk_out1_system_clk_wiz_1_0 rise edge)
                                                     10.000    10.000 r  
    W5                                                0.000    10.000 r  clk (IN)
                         net (fo=0)                   0.000    10.000    system_i/clk_wiz_1/inst/clk_in1
    W5                   IBUF (Prop_ibuf_I_O)         1.388    11.388 r  system_i/clk_wiz_1/inst/clkin1_ibufg/O
                         net (fo=1, routed)           1.162    12.550    system_i/clk_wiz_1/inst/clk_in1_system_clk_wiz_1_0
    MMCME2_ADV_X1Y0      MMCME2_ADV (Prop_mmcme2_adv_CLKIN1_CLKOUT0)
                                                     -7.217     5.332 r  system_i/clk_wiz_1/inst/mmcm_adv_inst/CLKOUT0
                         net (fo=1, routed)           1.581     6.914    system_i/clk_wiz_1/inst/clk_out1_system_clk_wiz_1_0
    BUFGCTRL_X0Y0        BUFG (Prop_bufg_I_O)         0.091     7.005 r  system_i/clk_wiz_1/inst/clkout1_buf/O
                         net (fo=2690, routed)        1.492     8.496    system_i/microblaze_0_local_memory/lmb_bram/U0/inst_blk_mem_gen/gnbram.gnative_mem_map_bmg.native_mem_map_blk_mem_gen/valid.cstr/ramloop[5].ram.r/prim_noinit.ram/clka
    RAMB36_X0Y1          RAMB36E1                                     r  system_i/microblaze_0_local_memory/lmb_bram/U0/inst_blk_mem_gen/gnbram.gnative_mem_map_bmg.native_mem_map_blk_mem_gen/valid.cstr/ramloop[5].ram.r/prim_noinit.ram/DEVICE_7SERIES.WITH_BMM_INFO.TRUE_DP.SIMPLE_PRIM36.TDP_SP36_NO_ECC_ATTR.ram/CLKARDCLK
                         clock pessimism              0.492     8.988    
                         clock uncertainty           -0.074     8.914    
    RAMB36_X0Y1          RAMB36E1 (Setup_ramb36e1_CLKARDCLK_ENARDEN)
                                                     -0.443     8.471    system_i/microblaze_0_local_memory/lmb_bram/U0/inst_blk_mem_gen/gnbram.gnative_mem_map_bmg.native_mem_map_blk_mem_gen/valid.cstr/ramloop[5].ram.r/prim_noinit.ram/DEVICE_7SERIES.WITH_BMM_INFO.TRUE_DP.SIMPLE_PRIM36.TDP_SP36_NO_ECC_ATTR.ram
  -------------------------------------------------------------------
                         required time                          8.471    
                         arrival time                          -5.933    
  -------------------------------------------------------------------
                         slack                                  2.537    

Slack (MET) :             2.551ns  (required time - arrival time)
  Source:                 system_i/microblaze_0/U0/MicroBlaze_Core_I/Performance.Core/Decode_I/EX_ALU_Op_reg[0]/C
                            (rising edge-triggered cell FDRE clocked by clk_out1_system_clk_wiz_1_0  {rise@0.000ns fall@5.000ns period=10.000ns})
  Destination:            system_i/microblaze_0_local_memory/lmb_bram/U0/inst_blk_mem_gen/gnbram.gnative_mem_map_bmg.native_mem_map_blk_mem_gen/valid.cstr/ramloop[5].ram.r/prim_noinit.ram/DEVICE_7SERIES.WITH_BMM_INFO.TRUE_DP.SIMPLE_PRIM36.TDP_SP36_NO_ECC_ATTR.ram/ADDRBWRADDR[13]
                            (rising edge-triggered cell RAMB36E1 clocked by clk_out1_system_clk_wiz_1_0  {rise@0.000ns fall@5.000ns period=10.000ns})
  Path Group:             clk_out1_system_clk_wiz_1_0
  Path Type:              Setup (Max at Slow Process Corner)
  Requirement:            10.000ns  (clk_out1_system_clk_wiz_1_0 rise@10.000ns - clk_out1_system_clk_wiz_1_0 rise@0.000ns)
  Data Path Delay:        6.539ns  (logic 1.872ns (28.630%)  route 4.667ns (71.370%))
  Logic Levels:           7  (CARRY4=5 LUT3=1 LUT6=1)
  Clock Path Skew:        -0.068ns (DCD - SCD + CPR)
    Destination Clock Delay (DCD):    -1.503ns = ( 8.497 - 10.000 ) 
    Source Clock Delay      (SCD):    -0.944ns
    Clock Pessimism Removal (CPR):    0.492ns
  Clock Uncertainty:      0.074ns  ((TSJ^2 + DJ^2)^1/2) / 2 + PE
    Total System Jitter     (TSJ):    0.071ns
    Discrete Jitter          (DJ):    0.131ns
    Phase Error              (PE):    0.000ns

    Location             Delay type                Incr(ns)  Path(ns)    Netlist Resource(s)
  -------------------------------------------------------------------    -------------------
                         (clock clk_out1_system_clk_wiz_1_0 rise edge)
                                                      0.000     0.000 r  
    W5                                                0.000     0.000 r  clk (IN)
                         net (fo=0)                   0.000     0.000    system_i/clk_wiz_1/inst/clk_in1
    W5                   IBUF (Prop_ibuf_I_O)         1.458     1.458 r  system_i/clk_wiz_1/inst/clkin1_ibufg/O
                         net (fo=1, routed)           1.233     2.691    system_i/clk_wiz_1/inst/clk_in1_system_clk_wiz_1_0
    MMCME2_ADV_X1Y0      MMCME2_ADV (Prop_mmcme2_adv_CLKIN1_CLKOUT0)
                                                     -6.961    -4.269 r  system_i/clk_wiz_1/inst/mmcm_adv_inst/CLKOUT0
                         net (fo=1, routed)           1.661    -2.608    system_i/clk_wiz_1/inst/clk_out1_system_clk_wiz_1_0
    BUFGCTRL_X0Y0        BUFG (Prop_bufg_I_O)         0.096    -2.512 r  system_i/clk_wiz_1/inst/clkout1_buf/O
                         net (fo=2690, routed)        1.568    -0.944    system_i/microblaze_0/U0/MicroBlaze_Core_I/Performance.Core/Decode_I/Clk
    SLICE_X44Y2          FDRE                                         r  system_i/microblaze_0/U0/MicroBlaze_Core_I/Performance.Core/Decode_I/EX_ALU_Op_reg[0]/C
  -------------------------------------------------------------------    -------------------
    SLICE_X44Y2          FDRE (Prop_fdre_C_Q)         0.456    -0.488 r  system_i/microblaze_0/U0/MicroBlaze_Core_I/Performance.Core/Decode_I/EX_ALU_Op_reg[0]/Q
                         net (fo=65, routed)          1.343     0.855    system_i/microblaze_0/U0/MicroBlaze_Core_I/Performance.Core/Data_Flow_I/ALU_I/Using_FPGA.ALL_Bits[31].ALU_Bit_I1/Not_Last_Bit.I_ALU_LUT_V5/Using_FPGA.Native/I1
    SLICE_X35Y0          LUT6 (Prop_lut6_I1_O)        0.124     0.979 r  system_i/microblaze_0/U0/MicroBlaze_Core_I/Performance.Core/Data_Flow_I/ALU_I/Using_FPGA.ALL_Bits[31].ALU_Bit_I1/Not_Last_Bit.I_ALU_LUT_V5/Using_FPGA.Native/LUT6/O
                         net (fo=1, routed)           0.000     0.979    system_i/microblaze_0/U0/MicroBlaze_Core_I/Performance.Core/Data_Flow_I/Using_DAXI_ALU_Carry.Direct_MUXCY_I/lopt_9
    SLICE_X35Y0          CARRY4 (Prop_carry4_S[3]_CO[3])
                                                      0.401     1.380 r  system_i/microblaze_0/U0/MicroBlaze_Core_I/Performance.Core/Data_Flow_I/Using_DAXI_ALU_Carry.Direct_MUXCY_I/Using_FPGA.Native_CARRY4/CO[3]
                         net (fo=1, routed)           0.000     1.380    system_i/microblaze_0/U0/MicroBlaze_Core_I/Performance.Core/Data_Flow_I/ALU_I/Using_FPGA.ALL_Bits[30].ALU_Bit_I1/Not_Last_Bit.MUXCY_XOR_I/LO
    SLICE_X35Y1          CARRY4 (Prop_carry4_CI_CO[3])
                                                      0.114     1.494 r  system_i/microblaze_0/U0/MicroBlaze_Core_I/Performance.Core/Data_Flow_I/ALU_I/Using_FPGA.ALL_Bits[30].ALU_Bit_I1/Not_Last_Bit.MUXCY_XOR_I/Using_FPGA.Native_I1_CARRY4/CO[3]
                         net (fo=1, routed)           0.000     1.494    system_i/microblaze_0/U0/MicroBlaze_Core_I/Performance.Core/Data_Flow_I/ALU_I/Using_FPGA.ALL_Bits[26].ALU_Bit_I1/Not_Last_Bit.MUXCY_XOR_I/LO
    SLICE_X35Y2          CARRY4 (Prop_carry4_CI_CO[3])
                                                      0.114     1.608 r  system_i/microblaze_0/U0/MicroBlaze_Core_I/Performance.Core/Data_Flow_I/ALU_I/Using_FPGA.ALL_Bits[26].ALU_Bit_I1/Not_Last_Bit.MUXCY_XOR_I/Using_FPGA.Native_I1_CARRY4/CO[3]
                         net (fo=1, routed)           0.000     1.608    system_i/microblaze_0/U0/MicroBlaze_Core_I/Performance.Core/Data_Flow_I/ALU_I/Using_FPGA.ALL_Bits[22].ALU_Bit_I1/Not_Last_Bit.MUXCY_XOR_I/LO
    SLICE_X35Y3          CARRY4 (Prop_carry4_CI_CO[3])
                                                      0.114     1.722 r  system_i/microblaze_0/U0/MicroBlaze_Core_I/Performance.Core/Data_Flow_I/ALU_I/Using_FPGA.ALL_Bits[22].ALU_Bit_I1/Not_Last_Bit.MUXCY_XOR_I/Using_FPGA.Native_I1_CARRY4/CO[3]
                         net (fo=1, routed)           0.000     1.722    system_i/microblaze_0/U0/MicroBlaze_Core_I/Performance.Core/Data_Flow_I/ALU_I/Using_FPGA.ALL_Bits[18].ALU_Bit_I1/Not_Last_Bit.MUXCY_XOR_I/LO
    SLICE_X35Y4          CARRY4 (Prop_carry4_CI_O[0])
                                                      0.222     1.944 r  system_i/microblaze_0/U0/MicroBlaze_Core_I/Performance.Core/Data_Flow_I/ALU_I/Using_FPGA.ALL_Bits[18].ALU_Bit_I1/Not_Last_Bit.MUXCY_XOR_I/Using_FPGA.Native_I1_CARRY4/O[0]
                         net (fo=10, routed)          1.168     3.113    system_i/microblaze_0/U0/MicroBlaze_Core_I/Performance.Core/Decode_I/jump_logic_I1/MUXCY_JUMP_CARRY6/if_pc_reg[0]_0[11]
    SLICE_X43Y2          LUT3 (Prop_lut3_I0_O)        0.327     3.440 r  system_i/microblaze_0/U0/MicroBlaze_Core_I/Performance.Core/Decode_I/jump_logic_I1/MUXCY_JUMP_CARRY6/Instr_Addr[18]_INST_0/O
                         net (fo=9, routed)           2.155     5.595    system_i/microblaze_0_local_memory/lmb_bram/U0/inst_blk_mem_gen/gnbram.gnative_mem_map_bmg.native_mem_map_blk_mem_gen/valid.cstr/ramloop[5].ram.r/prim_noinit.ram/addrb[11]
    RAMB36_X0Y1          RAMB36E1                                     r  system_i/microblaze_0_local_memory/lmb_bram/U0/inst_blk_mem_gen/gnbram.gnative_mem_map_bmg.native_mem_map_blk_mem_gen/valid.cstr/ramloop[5].ram.r/prim_noinit.ram/DEVICE_7SERIES.WITH_BMM_INFO.TRUE_DP.SIMPLE_PRIM36.TDP_SP36_NO_ECC_ATTR.ram/ADDRBWRADDR[13]
  -------------------------------------------------------------------    -------------------

                         (clock clk_out1_system_clk_wiz_1_0 rise edge)
                                                     10.000    10.000 r  
    W5                                                0.000    10.000 r  clk (IN)
                         net (fo=0)                   0.000    10.000    system_i/clk_wiz_1/inst/clk_in1
    W5                   IBUF (Prop_ibuf_I_O)         1.388    11.388 r  system_i/clk_wiz_1/inst/clkin1_ibufg/O
                         net (fo=1, routed)           1.162    12.550    system_i/clk_wiz_1/inst/clk_in1_system_clk_wiz_1_0
    MMCME2_ADV_X1Y0      MMCME2_ADV (Prop_mmcme2_adv_CLKIN1_CLKOUT0)
                                                     -7.217     5.332 r  system_i/clk_wiz_1/inst/mmcm_adv_inst/CLKOUT0
                         net (fo=1, routed)           1.581     6.914    system_i/clk_wiz_1/inst/clk_out1_system_clk_wiz_1_0
    BUFGCTRL_X0Y0        BUFG (Prop_bufg_I_O)         0.091     7.005 r  system_i/clk_wiz_1/inst/clkout1_buf/O
                         net (fo=2690, routed)        1.493     8.497    system_i/microblaze_0_local_memory/lmb_bram/U0/inst_blk_mem_gen/gnbram.gnative_mem_map_bmg.native_mem_map_blk_mem_gen/valid.cstr/ramloop[5].ram.r/prim_noinit.ram/clkb
    RAMB36_X0Y1          RAMB36E1                                     r  system_i/microblaze_0_local_memory/lmb_bram/U0/inst_blk_mem_gen/gnbram.gnative_mem_map_bmg.native_mem_map_blk_mem_gen/valid.cstr/ramloop[5].ram.r/prim_noinit.ram/DEVICE_7SERIES.WITH_BMM_INFO.TRUE_DP.SIMPLE_PRIM36.TDP_SP36_NO_ECC_ATTR.ram/CLKBWRCLK
                         clock pessimism              0.492     8.989    
                         clock uncertainty           -0.074     8.915    
    RAMB36_X0Y1          RAMB36E1 (Setup_ramb36e1_CLKBWRCLK_ADDRBWRADDR[13])
                                                     -0.768     8.147    system_i/microblaze_0_local_memory/lmb_bram/U0/inst_blk_mem_gen/gnbram.gnative_mem_map_bmg.native_mem_map_blk_mem_gen/valid.cstr/ramloop[5].ram.r/prim_noinit.ram/DEVICE_7SERIES.WITH_BMM_INFO.TRUE_DP.SIMPLE_PRIM36.TDP_SP36_NO_ECC_ATTR.ram
  -------------------------------------------------------------------
                         required time                          8.147    
                         arrival time                          -5.595    
  -------------------------------------------------------------------
                         slack                                  2.551    

Slack (MET) :             2.565ns  (required time - arrival time)
  Source:                 system_i/analyzer_clump_0/inst/ablock1/ring_buf_addr_reg[3]/C
                            (rising edge-triggered cell FDRE clocked by clk_out1_system_clk_wiz_1_0  {rise@0.000ns fall@5.000ns period=10.000ns})
  Destination:            system_i/analyzer_clump_0/inst/ram_wr_data_reg[41]/CE
                            (rising edge-triggered cell FDRE clocked by clk_out1_system_clk_wiz_1_0  {rise@0.000ns fall@5.000ns period=10.000ns})
  Path Group:             clk_out1_system_clk_wiz_1_0
  Path Type:              Setup (Max at Slow Process Corner)
  Requirement:            10.000ns  (clk_out1_system_clk_wiz_1_0 rise@10.000ns - clk_out1_system_clk_wiz_1_0 rise@0.000ns)
  Data Path Delay:        7.120ns  (logic 2.328ns (32.695%)  route 4.792ns (67.305%))
  Logic Levels:           6  (CARRY4=1 LUT2=1 LUT5=2 LUT6=2)
  Clock Path Skew:        -0.035ns (DCD - SCD + CPR)
    Destination Clock Delay (DCD):    -1.550ns = ( 8.450 - 10.000 ) 
    Source Clock Delay      (SCD):    -0.952ns
    Clock Pessimism Removal (CPR):    0.564ns
  Clock Uncertainty:      0.074ns  ((TSJ^2 + DJ^2)^1/2) / 2 + PE
    Total System Jitter     (TSJ):    0.071ns
    Discrete Jitter          (DJ):    0.131ns
    Phase Error              (PE):    0.000ns

    Location             Delay type                Incr(ns)  Path(ns)    Netlist Resource(s)
  -------------------------------------------------------------------    -------------------
                         (clock clk_out1_system_clk_wiz_1_0 rise edge)
                                                      0.000     0.000 r  
    W5                                                0.000     0.000 r  clk (IN)
                         net (fo=0)                   0.000     0.000    system_i/clk_wiz_1/inst/clk_in1
    W5                   IBUF (Prop_ibuf_I_O)         1.458     1.458 r  system_i/clk_wiz_1/inst/clkin1_ibufg/O
                         net (fo=1, routed)           1.233     2.691    system_i/clk_wiz_1/inst/clk_in1_system_clk_wiz_1_0
    MMCME2_ADV_X1Y0      MMCME2_ADV (Prop_mmcme2_adv_CLKIN1_CLKOUT0)
                                                     -6.961    -4.269 r  system_i/clk_wiz_1/inst/mmcm_adv_inst/CLKOUT0
                         net (fo=1, routed)           1.661    -2.608    system_i/clk_wiz_1/inst/clk_out1_system_clk_wiz_1_0
    BUFGCTRL_X0Y0        BUFG (Prop_bufg_I_O)         0.096    -2.512 r  system_i/clk_wiz_1/inst/clkout1_buf/O
                         net (fo=2690, routed)        1.560    -0.952    system_i/analyzer_clump_0/inst/ablock1/aclk
    SLICE_X56Y31         FDRE                                         r  system_i/analyzer_clump_0/inst/ablock1/ring_buf_addr_reg[3]/C
  -------------------------------------------------------------------    -------------------
    SLICE_X56Y31         FDRE (Prop_fdre_C_Q)         0.518    -0.434 r  system_i/analyzer_clump_0/inst/ablock1/ring_buf_addr_reg[3]/Q
                         net (fo=8, routed)           0.991     0.558    system_i/analyzer_clump_0/inst/ablock1/buf_manager/Q[3]
    SLICE_X54Y29         LUT5 (Prop_lut5_I0_O)        0.148     0.706 f  system_i/analyzer_clump_0/inst/ablock1/buf_manager/can_read0_carry_i_5/O
                         net (fo=1, routed)           0.578     1.283    system_i/analyzer_clump_0/inst/ablock1/buf_manager/can_read0_carry_i_5_n_0
    SLICE_X55Y29         LUT6 (Prop_lut6_I5_O)        0.328     1.611 r  system_i/analyzer_clump_0/inst/ablock1/buf_manager/can_read0_carry_i_2__0/O
                         net (fo=1, routed)           0.000     1.611    system_i/analyzer_clump_0/inst/ablock1/buf_manager/can_read0_carry_i_2__0_n_0
    SLICE_X55Y29         CARRY4 (Prop_carry4_S[1]_CO[2])
                                                      0.570     2.181 f  system_i/analyzer_clump_0/inst/ablock1/buf_manager/can_read0_carry/CO[2]
                         net (fo=8, routed)           0.879     3.061    system_i/analyzer_clump_0/inst/ablock1/buf_manager/CO[0]
    SLICE_X47Y27         LUT2 (Prop_lut2_I1_O)        0.308     3.369 f  system_i/analyzer_clump_0/inst/ablock1/buf_manager/shared_wr_addr[7]_i_13/O
                         net (fo=65, routed)          0.577     3.945    system_i/analyzer_clump_0/inst/ablock1/buf_manager/shared_wr_addr[7]_i_13_n_0
    SLICE_X48Y27         LUT6 (Prop_lut6_I1_O)        0.332     4.277 f  system_i/analyzer_clump_0/inst/ablock1/buf_manager/shared_wr_addr[7]_i_6/O
                         net (fo=70, routed)          0.748     5.025    system_i/analyzer_clump_0/inst/ablock0/buf_manager/block_addr2_reg[0]
    SLICE_X46Y27         LUT5 (Prop_lut5_I3_O)        0.124     5.149 r  system_i/analyzer_clump_0/inst/ablock0/buf_manager/shared_wr_addr[7]_i_1/O
                         net (fo=72, routed)          1.020     6.169    system_i/analyzer_clump_0/inst/shared_wr_addr__0
    SLICE_X48Y34         FDRE                                         r  system_i/analyzer_clump_0/inst/ram_wr_data_reg[41]/CE
  -------------------------------------------------------------------    -------------------

                         (clock clk_out1_system_clk_wiz_1_0 rise edge)
                                                     10.000    10.000 r  
    W5                                                0.000    10.000 r  clk (IN)
                         net (fo=0)                   0.000    10.000    system_i/clk_wiz_1/inst/clk_in1
    W5                   IBUF (Prop_ibuf_I_O)         1.388    11.388 r  system_i/clk_wiz_1/inst/clkin1_ibufg/O
                         net (fo=1, routed)           1.162    12.550    system_i/clk_wiz_1/inst/clk_in1_system_clk_wiz_1_0
    MMCME2_ADV_X1Y0      MMCME2_ADV (Prop_mmcme2_adv_CLKIN1_CLKOUT0)
                                                     -7.217     5.332 r  system_i/clk_wiz_1/inst/mmcm_adv_inst/CLKOUT0
                         net (fo=1, routed)           1.581     6.914    system_i/clk_wiz_1/inst/clk_out1_system_clk_wiz_1_0
    BUFGCTRL_X0Y0        BUFG (Prop_bufg_I_O)         0.091     7.005 r  system_i/clk_wiz_1/inst/clkout1_buf/O
                         net (fo=2690, routed)        1.445     8.450    system_i/analyzer_clump_0/inst/aclk
    SLICE_X48Y34         FDRE                                         r  system_i/analyzer_clump_0/inst/ram_wr_data_reg[41]/C
                         clock pessimism              0.564     9.013    
                         clock uncertainty           -0.074     8.939    
    SLICE_X48Y34         FDRE (Setup_fdre_C_CE)      -0.205     8.734    system_i/analyzer_clump_0/inst/ram_wr_data_reg[41]
  -------------------------------------------------------------------
                         required time                          8.734    
                         arrival time                          -6.169    
  -------------------------------------------------------------------
                         slack                                  2.565    

Slack (MET) :             2.565ns  (required time - arrival time)
  Source:                 system_i/analyzer_clump_0/inst/ablock1/ring_buf_addr_reg[3]/C
                            (rising edge-triggered cell FDRE clocked by clk_out1_system_clk_wiz_1_0  {rise@0.000ns fall@5.000ns period=10.000ns})
  Destination:            system_i/analyzer_clump_0/inst/ram_wr_data_reg[47]/CE
                            (rising edge-triggered cell FDRE clocked by clk_out1_system_clk_wiz_1_0  {rise@0.000ns fall@5.000ns period=10.000ns})
  Path Group:             clk_out1_system_clk_wiz_1_0
  Path Type:              Setup (Max at Slow Process Corner)
  Requirement:            10.000ns  (clk_out1_system_clk_wiz_1_0 rise@10.000ns - clk_out1_system_clk_wiz_1_0 rise@0.000ns)
  Data Path Delay:        7.120ns  (logic 2.328ns (32.695%)  route 4.792ns (67.305%))
  Logic Levels:           6  (CARRY4=1 LUT2=1 LUT5=2 LUT6=2)
  Clock Path Skew:        -0.035ns (DCD - SCD + CPR)
    Destination Clock Delay (DCD):    -1.550ns = ( 8.450 - 10.000 ) 
    Source Clock Delay      (SCD):    -0.952ns
    Clock Pessimism Removal (CPR):    0.564ns
  Clock Uncertainty:      0.074ns  ((TSJ^2 + DJ^2)^1/2) / 2 + PE
    Total System Jitter     (TSJ):    0.071ns
    Discrete Jitter          (DJ):    0.131ns
    Phase Error              (PE):    0.000ns

    Location             Delay type                Incr(ns)  Path(ns)    Netlist Resource(s)
  -------------------------------------------------------------------    -------------------
                         (clock clk_out1_system_clk_wiz_1_0 rise edge)
                                                      0.000     0.000 r  
    W5                                                0.000     0.000 r  clk (IN)
                         net (fo=0)                   0.000     0.000    system_i/clk_wiz_1/inst/clk_in1
    W5                   IBUF (Prop_ibuf_I_O)         1.458     1.458 r  system_i/clk_wiz_1/inst/clkin1_ibufg/O
                         net (fo=1, routed)           1.233     2.691    system_i/clk_wiz_1/inst/clk_in1_system_clk_wiz_1_0
    MMCME2_ADV_X1Y0      MMCME2_ADV (Prop_mmcme2_adv_CLKIN1_CLKOUT0)
                                                     -6.961    -4.269 r  system_i/clk_wiz_1/inst/mmcm_adv_inst/CLKOUT0
                         net (fo=1, routed)           1.661    -2.608    system_i/clk_wiz_1/inst/clk_out1_system_clk_wiz_1_0
    BUFGCTRL_X0Y0        BUFG (Prop_bufg_I_O)         0.096    -2.512 r  system_i/clk_wiz_1/inst/clkout1_buf/O
                         net (fo=2690, routed)        1.560    -0.952    system_i/analyzer_clump_0/inst/ablock1/aclk
    SLICE_X56Y31         FDRE                                         r  system_i/analyzer_clump_0/inst/ablock1/ring_buf_addr_reg[3]/C
  -------------------------------------------------------------------    -------------------
    SLICE_X56Y31         FDRE (Prop_fdre_C_Q)         0.518    -0.434 r  system_i/analyzer_clump_0/inst/ablock1/ring_buf_addr_reg[3]/Q
                         net (fo=8, routed)           0.991     0.558    system_i/analyzer_clump_0/inst/ablock1/buf_manager/Q[3]
    SLICE_X54Y29         LUT5 (Prop_lut5_I0_O)        0.148     0.706 f  system_i/analyzer_clump_0/inst/ablock1/buf_manager/can_read0_carry_i_5/O
                         net (fo=1, routed)           0.578     1.283    system_i/analyzer_clump_0/inst/ablock1/buf_manager/can_read0_carry_i_5_n_0
    SLICE_X55Y29         LUT6 (Prop_lut6_I5_O)        0.328     1.611 r  system_i/analyzer_clump_0/inst/ablock1/buf_manager/can_read0_carry_i_2__0/O
                         net (fo=1, routed)           0.000     1.611    system_i/analyzer_clump_0/inst/ablock1/buf_manager/can_read0_carry_i_2__0_n_0
    SLICE_X55Y29         CARRY4 (Prop_carry4_S[1]_CO[2])
                                                      0.570     2.181 f  system_i/analyzer_clump_0/inst/ablock1/buf_manager/can_read0_carry/CO[2]
                         net (fo=8, routed)           0.879     3.061    system_i/analyzer_clump_0/inst/ablock1/buf_manager/CO[0]
    SLICE_X47Y27         LUT2 (Prop_lut2_I1_O)        0.308     3.369 f  system_i/analyzer_clump_0/inst/ablock1/buf_manager/shared_wr_addr[7]_i_13/O
                         net (fo=65, routed)          0.577     3.945    system_i/analyzer_clump_0/inst/ablock1/buf_manager/shared_wr_addr[7]_i_13_n_0
    SLICE_X48Y27         LUT6 (Prop_lut6_I1_O)        0.332     4.277 f  system_i/analyzer_clump_0/inst/ablock1/buf_manager/shared_wr_addr[7]_i_6/O
                         net (fo=70, routed)          0.748     5.025    system_i/analyzer_clump_0/inst/ablock0/buf_manager/block_addr2_reg[0]
    SLICE_X46Y27         LUT5 (Prop_lut5_I3_O)        0.124     5.149 r  system_i/analyzer_clump_0/inst/ablock0/buf_manager/shared_wr_addr[7]_i_1/O
                         net (fo=72, routed)          1.020     6.169    system_i/analyzer_clump_0/inst/shared_wr_addr__0
    SLICE_X48Y34         FDRE                                         r  system_i/analyzer_clump_0/inst/ram_wr_data_reg[47]/CE
  -------------------------------------------------------------------    -------------------

                         (clock clk_out1_system_clk_wiz_1_0 rise edge)
                                                     10.000    10.000 r  
    W5                                                0.000    10.000 r  clk (IN)
                         net (fo=0)                   0.000    10.000    system_i/clk_wiz_1/inst/clk_in1
    W5                   IBUF (Prop_ibuf_I_O)         1.388    11.388 r  system_i/clk_wiz_1/inst/clkin1_ibufg/O
                         net (fo=1, routed)           1.162    12.550    system_i/clk_wiz_1/inst/clk_in1_system_clk_wiz_1_0
    MMCME2_ADV_X1Y0      MMCME2_ADV (Prop_mmcme2_adv_CLKIN1_CLKOUT0)
                                                     -7.217     5.332 r  system_i/clk_wiz_1/inst/mmcm_adv_inst/CLKOUT0
                         net (fo=1, routed)           1.581     6.914    system_i/clk_wiz_1/inst/clk_out1_system_clk_wiz_1_0
    BUFGCTRL_X0Y0        BUFG (Prop_bufg_I_O)         0.091     7.005 r  system_i/clk_wiz_1/inst/clkout1_buf/O
                         net (fo=2690, routed)        1.445     8.450    system_i/analyzer_clump_0/inst/aclk
    SLICE_X48Y34         FDRE                                         r  system_i/analyzer_clump_0/inst/ram_wr_data_reg[47]/C
                         clock pessimism              0.564     9.013    
                         clock uncertainty           -0.074     8.939    
    SLICE_X48Y34         FDRE (Setup_fdre_C_CE)      -0.205     8.734    system_i/analyzer_clump_0/inst/ram_wr_data_reg[47]
  -------------------------------------------------------------------
                         required time                          8.734    
                         arrival time                          -6.169    
  -------------------------------------------------------------------
                         slack                                  2.565    

Slack (MET) :             2.566ns  (required time - arrival time)
  Source:                 system_i/analyzer_clump_0/inst/ablock1/ring_buf_addr_reg[3]/C
                            (rising edge-triggered cell FDRE clocked by clk_out1_system_clk_wiz_1_0  {rise@0.000ns fall@5.000ns period=10.000ns})
  Destination:            system_i/analyzer_clump_0/inst/ram_wr_data_reg[57]/CE
                            (rising edge-triggered cell FDRE clocked by clk_out1_system_clk_wiz_1_0  {rise@0.000ns fall@5.000ns period=10.000ns})
  Path Group:             clk_out1_system_clk_wiz_1_0
  Path Type:              Setup (Max at Slow Process Corner)
  Requirement:            10.000ns  (clk_out1_system_clk_wiz_1_0 rise@10.000ns - clk_out1_system_clk_wiz_1_0 rise@0.000ns)
  Data Path Delay:        7.156ns  (logic 2.328ns (32.532%)  route 4.828ns (67.468%))
  Logic Levels:           6  (CARRY4=1 LUT2=1 LUT5=2 LUT6=2)
  Clock Path Skew:        -0.034ns (DCD - SCD + CPR)
    Destination Clock Delay (DCD):    -1.549ns = ( 8.451 - 10.000 ) 
    Source Clock Delay      (SCD):    -0.952ns
    Clock Pessimism Removal (CPR):    0.564ns
  Clock Uncertainty:      0.074ns  ((TSJ^2 + DJ^2)^1/2) / 2 + PE
    Total System Jitter     (TSJ):    0.071ns
    Discrete Jitter          (DJ):    0.131ns
    Phase Error              (PE):    0.000ns

    Location             Delay type                Incr(ns)  Path(ns)    Netlist Resource(s)
  -------------------------------------------------------------------    -------------------
                         (clock clk_out1_system_clk_wiz_1_0 rise edge)
                                                      0.000     0.000 r  
    W5                                                0.000     0.000 r  clk (IN)
                         net (fo=0)                   0.000     0.000    system_i/clk_wiz_1/inst/clk_in1
    W5                   IBUF (Prop_ibuf_I_O)         1.458     1.458 r  system_i/clk_wiz_1/inst/clkin1_ibufg/O
                         net (fo=1, routed)           1.233     2.691    system_i/clk_wiz_1/inst/clk_in1_system_clk_wiz_1_0
    MMCME2_ADV_X1Y0      MMCME2_ADV (Prop_mmcme2_adv_CLKIN1_CLKOUT0)
                                                     -6.961    -4.269 r  system_i/clk_wiz_1/inst/mmcm_adv_inst/CLKOUT0
                         net (fo=1, routed)           1.661    -2.608    system_i/clk_wiz_1/inst/clk_out1_system_clk_wiz_1_0
    BUFGCTRL_X0Y0        BUFG (Prop_bufg_I_O)         0.096    -2.512 r  system_i/clk_wiz_1/inst/clkout1_buf/O
                         net (fo=2690, routed)        1.560    -0.952    system_i/analyzer_clump_0/inst/ablock1/aclk
    SLICE_X56Y31         FDRE                                         r  system_i/analyzer_clump_0/inst/ablock1/ring_buf_addr_reg[3]/C
  -------------------------------------------------------------------    -------------------
    SLICE_X56Y31         FDRE (Prop_fdre_C_Q)         0.518    -0.434 r  system_i/analyzer_clump_0/inst/ablock1/ring_buf_addr_reg[3]/Q
                         net (fo=8, routed)           0.991     0.558    system_i/analyzer_clump_0/inst/ablock1/buf_manager/Q[3]
    SLICE_X54Y29         LUT5 (Prop_lut5_I0_O)        0.148     0.706 f  system_i/analyzer_clump_0/inst/ablock1/buf_manager/can_read0_carry_i_5/O
                         net (fo=1, routed)           0.578     1.283    system_i/analyzer_clump_0/inst/ablock1/buf_manager/can_read0_carry_i_5_n_0
    SLICE_X55Y29         LUT6 (Prop_lut6_I5_O)        0.328     1.611 r  system_i/analyzer_clump_0/inst/ablock1/buf_manager/can_read0_carry_i_2__0/O
                         net (fo=1, routed)           0.000     1.611    system_i/analyzer_clump_0/inst/ablock1/buf_manager/can_read0_carry_i_2__0_n_0
    SLICE_X55Y29         CARRY4 (Prop_carry4_S[1]_CO[2])
                                                      0.570     2.181 f  system_i/analyzer_clump_0/inst/ablock1/buf_manager/can_read0_carry/CO[2]
                         net (fo=8, routed)           0.879     3.061    system_i/analyzer_clump_0/inst/ablock1/buf_manager/CO[0]
    SLICE_X47Y27         LUT2 (Prop_lut2_I1_O)        0.308     3.369 f  system_i/analyzer_clump_0/inst/ablock1/buf_manager/shared_wr_addr[7]_i_13/O
                         net (fo=65, routed)          0.577     3.945    system_i/analyzer_clump_0/inst/ablock1/buf_manager/shared_wr_addr[7]_i_13_n_0
    SLICE_X48Y27         LUT6 (Prop_lut6_I1_O)        0.332     4.277 f  system_i/analyzer_clump_0/inst/ablock1/buf_manager/shared_wr_addr[7]_i_6/O
                         net (fo=70, routed)          0.748     5.025    system_i/analyzer_clump_0/inst/ablock0/buf_manager/block_addr2_reg[0]
    SLICE_X46Y27         LUT5 (Prop_lut5_I3_O)        0.124     5.149 r  system_i/analyzer_clump_0/inst/ablock0/buf_manager/shared_wr_addr[7]_i_1/O
                         net (fo=72, routed)          1.055     6.205    system_i/analyzer_clump_0/inst/shared_wr_addr__0
    SLICE_X52Y34         FDRE                                         r  system_i/analyzer_clump_0/inst/ram_wr_data_reg[57]/CE
  -------------------------------------------------------------------    -------------------

                         (clock clk_out1_system_clk_wiz_1_0 rise edge)
                                                     10.000    10.000 r  
    W5                                                0.000    10.000 r  clk (IN)
                         net (fo=0)                   0.000    10.000    system_i/clk_wiz_1/inst/clk_in1
    W5                   IBUF (Prop_ibuf_I_O)         1.388    11.388 r  system_i/clk_wiz_1/inst/clkin1_ibufg/O
                         net (fo=1, routed)           1.162    12.550    system_i/clk_wiz_1/inst/clk_in1_system_clk_wiz_1_0
    MMCME2_ADV_X1Y0      MMCME2_ADV (Prop_mmcme2_adv_CLKIN1_CLKOUT0)
                                                     -7.217     5.332 r  system_i/clk_wiz_1/inst/mmcm_adv_inst/CLKOUT0
                         net (fo=1, routed)           1.581     6.914    system_i/clk_wiz_1/inst/clk_out1_system_clk_wiz_1_0
    BUFGCTRL_X0Y0        BUFG (Prop_bufg_I_O)         0.091     7.005 r  system_i/clk_wiz_1/inst/clkout1_buf/O
                         net (fo=2690, routed)        1.446     8.451    system_i/analyzer_clump_0/inst/aclk
    SLICE_X52Y34         FDRE                                         r  system_i/analyzer_clump_0/inst/ram_wr_data_reg[57]/C
                         clock pessimism              0.564     9.014    
                         clock uncertainty           -0.074     8.940    
    SLICE_X52Y34         FDRE (Setup_fdre_C_CE)      -0.169     8.771    system_i/analyzer_clump_0/inst/ram_wr_data_reg[57]
  -------------------------------------------------------------------
                         required time                          8.771    
                         arrival time                          -6.205    
  -------------------------------------------------------------------
                         slack                                  2.566    





Min Delay Paths
--------------------------------------------------------------------------------------
Slack (MET) :             0.011ns  (arrival time - required time)
  Source:                 system_i/analyzer_clump_0/inst/m_axis_tdata_reg[2]/C
                            (rising edge-triggered cell FDRE clocked by clk_out1_system_clk_wiz_1_0  {rise@0.000ns fall@5.000ns period=10.000ns})
  Destination:            system_i/axi_fifo_mm_s_0/U0/COMP_IPIC2AXI_S/grxd.COMP_RX_FIFO/gfifo_gen.COMP_AXIS_FG_FIFO/COMP_FIFO/xpm_fifo_base_inst/gen_sdpram.xpm_memory_base_inst/gen_wr_a.gen_word_narrow.mem_reg/DIADI[2]
                            (rising edge-triggered cell RAMB36E1 clocked by clk_out1_system_clk_wiz_1_0  {rise@0.000ns fall@5.000ns period=10.000ns})
  Path Group:             clk_out1_system_clk_wiz_1_0
  Path Type:              Hold (Min at Fast Process Corner)
  Requirement:            0.000ns  (clk_out1_system_clk_wiz_1_0 rise@0.000ns - clk_out1_system_clk_wiz_1_0 rise@0.000ns)
  Data Path Delay:        0.367ns  (logic 0.141ns (38.388%)  route 0.226ns (61.612%))
  Logic Levels:           0  
  Clock Path Skew:        0.060ns (DCD - SCD - CPR)
    Destination Clock Delay (DCD):    -0.818ns
    Source Clock Delay      (SCD):    -0.624ns
    Clock Pessimism Removal (CPR):    -0.254ns

    Location             Delay type                Incr(ns)  Path(ns)    Netlist Resource(s)
  -------------------------------------------------------------------    -------------------
                         (clock clk_out1_system_clk_wiz_1_0 rise edge)
                                                      0.000     0.000 r  
    W5                                                0.000     0.000 r  clk (IN)
                         net (fo=0)                   0.000     0.000    system_i/clk_wiz_1/inst/clk_in1
    W5                   IBUF (Prop_ibuf_I_O)         0.226     0.226 r  system_i/clk_wiz_1/inst/clkin1_ibufg/O
                         net (fo=1, routed)           0.440     0.667    system_i/clk_wiz_1/inst/clk_in1_system_clk_wiz_1_0
    MMCME2_ADV_X1Y0      MMCME2_ADV (Prop_mmcme2_adv_CLKIN1_CLKOUT0)
                                                     -2.360    -1.693 r  system_i/clk_wiz_1/inst/mmcm_adv_inst/CLKOUT0
                         net (fo=1, routed)           0.486    -1.207    system_i/clk_wiz_1/inst/clk_out1_system_clk_wiz_1_0
    BUFGCTRL_X0Y0        BUFG (Prop_bufg_I_O)         0.026    -1.181 r  system_i/clk_wiz_1/inst/clkout1_buf/O
                         net (fo=2690, routed)        0.557    -0.624    system_i/analyzer_clump_0/inst/aclk
    SLICE_X49Y20         FDRE                                         r  system_i/analyzer_clump_0/inst/m_axis_tdata_reg[2]/C
  -------------------------------------------------------------------    -------------------
    SLICE_X49Y20         FDRE (Prop_fdre_C_Q)         0.141    -0.483 r  system_i/analyzer_clump_0/inst/m_axis_tdata_reg[2]/Q
                         net (fo=1, routed)           0.226    -0.257    system_i/axi_fifo_mm_s_0/U0/COMP_IPIC2AXI_S/grxd.COMP_RX_FIFO/gfifo_gen.COMP_AXIS_FG_FIFO/COMP_FIFO/xpm_fifo_base_inst/gen_sdpram.xpm_memory_base_inst/dina[2]
    RAMB36_X1Y3          RAMB36E1                                     r  system_i/axi_fifo_mm_s_0/U0/COMP_IPIC2AXI_S/grxd.COMP_RX_FIFO/gfifo_gen.COMP_AXIS_FG_FIFO/COMP_FIFO/xpm_fifo_base_inst/gen_sdpram.xpm_memory_base_inst/gen_wr_a.gen_word_narrow.mem_reg/DIADI[2]
  -------------------------------------------------------------------    -------------------

                         (clock clk_out1_system_clk_wiz_1_0 rise edge)
                                                      0.000     0.000 r  
    W5                                                0.000     0.000 r  clk (IN)
                         net (fo=0)                   0.000     0.000    system_i/clk_wiz_1/inst/clk_in1
    W5                   IBUF (Prop_ibuf_I_O)         0.414     0.414 r  system_i/clk_wiz_1/inst/clkin1_ibufg/O
                         net (fo=1, routed)           0.480     0.894    system_i/clk_wiz_1/inst/clk_in1_system_clk_wiz_1_0
    MMCME2_ADV_X1Y0      MMCME2_ADV (Prop_mmcme2_adv_CLKIN1_CLKOUT0)
                                                     -3.142    -2.248 r  system_i/clk_wiz_1/inst/mmcm_adv_inst/CLKOUT0
                         net (fo=1, routed)           0.530    -1.718    system_i/clk_wiz_1/inst/clk_out1_system_clk_wiz_1_0
    BUFGCTRL_X0Y0        BUFG (Prop_bufg_I_O)         0.029    -1.689 r  system_i/clk_wiz_1/inst/clkout1_buf/O
                         net (fo=2690, routed)        0.871    -0.818    system_i/axi_fifo_mm_s_0/U0/COMP_IPIC2AXI_S/grxd.COMP_RX_FIFO/gfifo_gen.COMP_AXIS_FG_FIFO/COMP_FIFO/xpm_fifo_base_inst/gen_sdpram.xpm_memory_base_inst/clka
    RAMB36_X1Y3          RAMB36E1                                     r  system_i/axi_fifo_mm_s_0/U0/COMP_IPIC2AXI_S/grxd.COMP_RX_FIFO/gfifo_gen.COMP_AXIS_FG_FIFO/COMP_FIFO/xpm_fifo_base_inst/gen_sdpram.xpm_memory_base_inst/gen_wr_a.gen_word_narrow.mem_reg/CLKBWRCLK
                         clock pessimism              0.254    -0.564    
    RAMB36_X1Y3          RAMB36E1 (Hold_ramb36e1_CLKBWRCLK_DIADI[2])
                                                      0.296    -0.268    system_i/axi_fifo_mm_s_0/U0/COMP_IPIC2AXI_S/grxd.COMP_RX_FIFO/gfifo_gen.COMP_AXIS_FG_FIFO/COMP_FIFO/xpm_fifo_base_inst/gen_sdpram.xpm_memory_base_inst/gen_wr_a.gen_word_narrow.mem_reg
  -------------------------------------------------------------------
                         required time                          0.268    
                         arrival time                          -0.257    
  -------------------------------------------------------------------
                         slack                                  0.011    

Slack (MET) :             0.020ns  (arrival time - required time)
  Source:                 system_i/analyzer_clump_0/inst/ablock3/i2c/acquire_data_reg[2]/C
                            (rising edge-triggered cell FDRE clocked by clk_out1_system_clk_wiz_1_0  {rise@0.000ns fall@5.000ns period=10.000ns})
  Destination:            system_i/analyzer_clump_0/inst/ablock3/ring_buf_data_reg[2]/D
                            (rising edge-triggered cell FDRE clocked by clk_out1_system_clk_wiz_1_0  {rise@0.000ns fall@5.000ns period=10.000ns})
  Path Group:             clk_out1_system_clk_wiz_1_0
  Path Type:              Hold (Min at Fast Process Corner)
  Requirement:            0.000ns  (clk_out1_system_clk_wiz_1_0 rise@0.000ns - clk_out1_system_clk_wiz_1_0 rise@0.000ns)
  Data Path Delay:        0.402ns  (logic 0.209ns (52.049%)  route 0.193ns (47.951%))
  Logic Levels:           1  (LUT6=1)
  Clock Path Skew:        0.262ns (DCD - SCD - CPR)
    Destination Clock Delay (DCD):    -0.866ns
    Source Clock Delay      (SCD):    -0.624ns
    Clock Pessimism Removal (CPR):    -0.503ns

    Location             Delay type                Incr(ns)  Path(ns)    Netlist Resource(s)
  -------------------------------------------------------------------    -------------------
                         (clock clk_out1_system_clk_wiz_1_0 rise edge)
                                                      0.000     0.000 r  
    W5                                                0.000     0.000 r  clk (IN)
                         net (fo=0)                   0.000     0.000    system_i/clk_wiz_1/inst/clk_in1
    W5                   IBUF (Prop_ibuf_I_O)         0.226     0.226 r  system_i/clk_wiz_1/inst/clkin1_ibufg/O
                         net (fo=1, routed)           0.440     0.667    system_i/clk_wiz_1/inst/clk_in1_system_clk_wiz_1_0
    MMCME2_ADV_X1Y0      MMCME2_ADV (Prop_mmcme2_adv_CLKIN1_CLKOUT0)
                                                     -2.360    -1.693 r  system_i/clk_wiz_1/inst/mmcm_adv_inst/CLKOUT0
                         net (fo=1, routed)           0.486    -1.207    system_i/clk_wiz_1/inst/clk_out1_system_clk_wiz_1_0
    BUFGCTRL_X0Y0        BUFG (Prop_bufg_I_O)         0.026    -1.181 r  system_i/clk_wiz_1/inst/clkout1_buf/O
                         net (fo=2690, routed)        0.557    -0.624    system_i/analyzer_clump_0/inst/ablock3/i2c/aclk
    SLICE_X34Y33         FDRE                                         r  system_i/analyzer_clump_0/inst/ablock3/i2c/acquire_data_reg[2]/C
  -------------------------------------------------------------------    -------------------
    SLICE_X34Y33         FDRE (Prop_fdre_C_Q)         0.164    -0.460 r  system_i/analyzer_clump_0/inst/ablock3/i2c/acquire_data_reg[2]/Q
                         net (fo=1, routed)           0.193    -0.268    system_i/analyzer_clump_0/inst/ablock3/gpio/Q[2]
    SLICE_X38Y32         LUT6 (Prop_lut6_I3_O)        0.045    -0.223 r  system_i/analyzer_clump_0/inst/ablock3/gpio/ring_buf_data[2]_i_1__2/O
                         net (fo=1, routed)           0.000    -0.223    system_i/analyzer_clump_0/inst/ablock3/gpio_n_9
    SLICE_X38Y32         FDRE                                         r  system_i/analyzer_clump_0/inst/ablock3/ring_buf_data_reg[2]/D
  -------------------------------------------------------------------    -------------------

                         (clock clk_out1_system_clk_wiz_1_0 rise edge)
                                                      0.000     0.000 r  
    W5                                                0.000     0.000 r  clk (IN)
                         net (fo=0)                   0.000     0.000    system_i/clk_wiz_1/inst/clk_in1
    W5                   IBUF (Prop_ibuf_I_O)         0.414     0.414 r  system_i/clk_wiz_1/inst/clkin1_ibufg/O
                         net (fo=1, routed)           0.480     0.894    system_i/clk_wiz_1/inst/clk_in1_system_clk_wiz_1_0
    MMCME2_ADV_X1Y0      MMCME2_ADV (Prop_mmcme2_adv_CLKIN1_CLKOUT0)
                                                     -3.142    -2.248 r  system_i/clk_wiz_1/inst/mmcm_adv_inst/CLKOUT0
                         net (fo=1, routed)           0.530    -1.718    system_i/clk_wiz_1/inst/clk_out1_system_clk_wiz_1_0
    BUFGCTRL_X0Y0        BUFG (Prop_bufg_I_O)         0.029    -1.689 r  system_i/clk_wiz_1/inst/clkout1_buf/O
                         net (fo=2690, routed)        0.824    -0.866    system_i/analyzer_clump_0/inst/ablock3/aclk
    SLICE_X38Y32         FDRE                                         r  system_i/analyzer_clump_0/inst/ablock3/ring_buf_data_reg[2]/C
                         clock pessimism              0.503    -0.362    
    SLICE_X38Y32         FDRE (Hold_fdre_C_D)         0.120    -0.242    system_i/analyzer_clump_0/inst/ablock3/ring_buf_data_reg[2]
  -------------------------------------------------------------------
                         required time                          0.242    
                         arrival time                          -0.223    
  -------------------------------------------------------------------
                         slack                                  0.020    

Slack (MET) :             0.022ns  (arrival time - required time)
  Source:                 system_i/analyzer_clump_0/inst/ablock2/spi/acquire_data_reg[15]/C
                            (rising edge-triggered cell FDRE clocked by clk_out1_system_clk_wiz_1_0  {rise@0.000ns fall@5.000ns period=10.000ns})
  Destination:            system_i/analyzer_clump_0/inst/ablock2/ring_buf_data_reg[15]/D
                            (rising edge-triggered cell FDRE clocked by clk_out1_system_clk_wiz_1_0  {rise@0.000ns fall@5.000ns period=10.000ns})
  Path Group:             clk_out1_system_clk_wiz_1_0
  Path Type:              Hold (Min at Fast Process Corner)
  Requirement:            0.000ns  (clk_out1_system_clk_wiz_1_0 rise@0.000ns - clk_out1_system_clk_wiz_1_0 rise@0.000ns)
  Data Path Delay:        0.377ns  (logic 0.186ns (49.327%)  route 0.191ns (50.673%))
  Logic Levels:           1  (LUT2=1)
  Clock Path Skew:        0.263ns (DCD - SCD - CPR)
    Destination Clock Delay (DCD):    -0.869ns
    Source Clock Delay      (SCD):    -0.628ns
    Clock Pessimism Removal (CPR):    -0.503ns

    Location             Delay type                Incr(ns)  Path(ns)    Netlist Resource(s)
  -------------------------------------------------------------------    -------------------
                         (clock clk_out1_system_clk_wiz_1_0 rise edge)
                                                      0.000     0.000 r  
    W5                                                0.000     0.000 r  clk (IN)
                         net (fo=0)                   0.000     0.000    system_i/clk_wiz_1/inst/clk_in1
    W5                   IBUF (Prop_ibuf_I_O)         0.226     0.226 r  system_i/clk_wiz_1/inst/clkin1_ibufg/O
                         net (fo=1, routed)           0.440     0.667    system_i/clk_wiz_1/inst/clk_in1_system_clk_wiz_1_0
    MMCME2_ADV_X1Y0      MMCME2_ADV (Prop_mmcme2_adv_CLKIN1_CLKOUT0)
                                                     -2.360    -1.693 r  system_i/clk_wiz_1/inst/mmcm_adv_inst/CLKOUT0
                         net (fo=1, routed)           0.486    -1.207    system_i/clk_wiz_1/inst/clk_out1_system_clk_wiz_1_0
    BUFGCTRL_X0Y0        BUFG (Prop_bufg_I_O)         0.026    -1.181 r  system_i/clk_wiz_1/inst/clkout1_buf/O
                         net (fo=2690, routed)        0.553    -0.628    system_i/analyzer_clump_0/inst/ablock2/spi/aclk
    SLICE_X35Y29         FDRE                                         r  system_i/analyzer_clump_0/inst/ablock2/spi/acquire_data_reg[15]/C
  -------------------------------------------------------------------    -------------------
    SLICE_X35Y29         FDRE (Prop_fdre_C_Q)         0.141    -0.487 r  system_i/analyzer_clump_0/inst/ablock2/spi/acquire_data_reg[15]/Q
                         net (fo=1, routed)           0.191    -0.296    system_i/analyzer_clump_0/inst/ablock2/spi/spi_acquire_data[15]
    SLICE_X36Y29         LUT2 (Prop_lut2_I0_O)        0.045    -0.251 r  system_i/analyzer_clump_0/inst/ablock2/spi/ring_buf_data[15]_i_1__1/O
                         net (fo=1, routed)           0.000    -0.251    system_i/analyzer_clump_0/inst/ablock2/spi_n_1
    SLICE_X36Y29         FDRE                                         r  system_i/analyzer_clump_0/inst/ablock2/ring_buf_data_reg[15]/D
  -------------------------------------------------------------------    -------------------

                         (clock clk_out1_system_clk_wiz_1_0 rise edge)
                                                      0.000     0.000 r  
    W5                                                0.000     0.000 r  clk (IN)
                         net (fo=0)                   0.000     0.000    system_i/clk_wiz_1/inst/clk_in1
    W5                   IBUF (Prop_ibuf_I_O)         0.414     0.414 r  system_i/clk_wiz_1/inst/clkin1_ibufg/O
                         net (fo=1, routed)           0.480     0.894    system_i/clk_wiz_1/inst/clk_in1_system_clk_wiz_1_0
    MMCME2_ADV_X1Y0      MMCME2_ADV (Prop_mmcme2_adv_CLKIN1_CLKOUT0)
                                                     -3.142    -2.248 r  system_i/clk_wiz_1/inst/mmcm_adv_inst/CLKOUT0
                         net (fo=1, routed)           0.530    -1.718    system_i/clk_wiz_1/inst/clk_out1_system_clk_wiz_1_0
    BUFGCTRL_X0Y0        BUFG (Prop_bufg_I_O)         0.029    -1.689 r  system_i/clk_wiz_1/inst/clkout1_buf/O
                         net (fo=2690, routed)        0.821    -0.869    system_i/analyzer_clump_0/inst/ablock2/aclk
    SLICE_X36Y29         FDRE                                         r  system_i/analyzer_clump_0/inst/ablock2/ring_buf_data_reg[15]/C
                         clock pessimism              0.503    -0.365    
    SLICE_X36Y29         FDRE (Hold_fdre_C_D)         0.092    -0.273    system_i/analyzer_clump_0/inst/ablock2/ring_buf_data_reg[15]
  -------------------------------------------------------------------
                         required time                          0.273    
                         arrival time                          -0.251    
  -------------------------------------------------------------------
                         slack                                  0.022    

Slack (MET) :             0.036ns  (arrival time - required time)
  Source:                 system_i/analyzer_clump_0/inst/ablock3/i2c/acquire_data_reg[6]/C
                            (rising edge-triggered cell FDRE clocked by clk_out1_system_clk_wiz_1_0  {rise@0.000ns fall@5.000ns period=10.000ns})
  Destination:            system_i/analyzer_clump_0/inst/ablock3/ring_buf_data_reg[6]/D
                            (rising edge-triggered cell FDRE clocked by clk_out1_system_clk_wiz_1_0  {rise@0.000ns fall@5.000ns period=10.000ns})
  Path Group:             clk_out1_system_clk_wiz_1_0
  Path Type:              Hold (Min at Fast Process Corner)
  Requirement:            0.000ns  (clk_out1_system_clk_wiz_1_0 rise@0.000ns - clk_out1_system_clk_wiz_1_0 rise@0.000ns)
  Data Path Delay:        0.417ns  (logic 0.186ns (44.595%)  route 0.231ns (55.405%))
  Logic Levels:           1  (LUT6=1)
  Clock Path Skew:        0.260ns (DCD - SCD - CPR)
    Destination Clock Delay (DCD):    -0.866ns
    Source Clock Delay      (SCD):    -0.622ns
    Clock Pessimism Removal (CPR):    -0.503ns

    Location             Delay type                Incr(ns)  Path(ns)    Netlist Resource(s)
  -------------------------------------------------------------------    -------------------
                         (clock clk_out1_system_clk_wiz_1_0 rise edge)
                                                      0.000     0.000 r  
    W5                                                0.000     0.000 r  clk (IN)
                         net (fo=0)                   0.000     0.000    system_i/clk_wiz_1/inst/clk_in1
    W5                   IBUF (Prop_ibuf_I_O)         0.226     0.226 r  system_i/clk_wiz_1/inst/clkin1_ibufg/O
                         net (fo=1, routed)           0.440     0.667    system_i/clk_wiz_1/inst/clk_in1_system_clk_wiz_1_0
    MMCME2_ADV_X1Y0      MMCME2_ADV (Prop_mmcme2_adv_CLKIN1_CLKOUT0)
                                                     -2.360    -1.693 r  system_i/clk_wiz_1/inst/mmcm_adv_inst/CLKOUT0
                         net (fo=1, routed)           0.486    -1.207    system_i/clk_wiz_1/inst/clk_out1_system_clk_wiz_1_0
    BUFGCTRL_X0Y0        BUFG (Prop_bufg_I_O)         0.026    -1.181 r  system_i/clk_wiz_1/inst/clkout1_buf/O
                         net (fo=2690, routed)        0.559    -0.622    system_i/analyzer_clump_0/inst/ablock3/i2c/aclk
    SLICE_X31Y34         FDRE                                         r  system_i/analyzer_clump_0/inst/ablock3/i2c/acquire_data_reg[6]/C
  -------------------------------------------------------------------    -------------------
    SLICE_X31Y34         FDRE (Prop_fdre_C_Q)         0.141    -0.481 r  system_i/analyzer_clump_0/inst/ablock3/i2c/acquire_data_reg[6]/Q
                         net (fo=1, routed)           0.231    -0.250    system_i/analyzer_clump_0/inst/ablock3/gpio/Q[6]
    SLICE_X38Y32         LUT6 (Prop_lut6_I3_O)        0.045    -0.205 r  system_i/analyzer_clump_0/inst/ablock3/gpio/ring_buf_data[6]_i_1__2/O
                         net (fo=1, routed)           0.000    -0.205    system_i/analyzer_clump_0/inst/ablock3/gpio_n_5
    SLICE_X38Y32         FDRE                                         r  system_i/analyzer_clump_0/inst/ablock3/ring_buf_data_reg[6]/D
  -------------------------------------------------------------------    -------------------

                         (clock clk_out1_system_clk_wiz_1_0 rise edge)
                                                      0.000     0.000 r  
    W5                                                0.000     0.000 r  clk (IN)
                         net (fo=0)                   0.000     0.000    system_i/clk_wiz_1/inst/clk_in1
    W5                   IBUF (Prop_ibuf_I_O)         0.414     0.414 r  system_i/clk_wiz_1/inst/clkin1_ibufg/O
                         net (fo=1, routed)           0.480     0.894    system_i/clk_wiz_1/inst/clk_in1_system_clk_wiz_1_0
    MMCME2_ADV_X1Y0      MMCME2_ADV (Prop_mmcme2_adv_CLKIN1_CLKOUT0)
                                                     -3.142    -2.248 r  system_i/clk_wiz_1/inst/mmcm_adv_inst/CLKOUT0
                         net (fo=1, routed)           0.530    -1.718    system_i/clk_wiz_1/inst/clk_out1_system_clk_wiz_1_0
    BUFGCTRL_X0Y0        BUFG (Prop_bufg_I_O)         0.029    -1.689 r  system_i/clk_wiz_1/inst/clkout1_buf/O
                         net (fo=2690, routed)        0.824    -0.866    system_i/analyzer_clump_0/inst/ablock3/aclk
    SLICE_X38Y32         FDRE                                         r  system_i/analyzer_clump_0/inst/ablock3/ring_buf_data_reg[6]/C
                         clock pessimism              0.503    -0.362    
    SLICE_X38Y32         FDRE (Hold_fdre_C_D)         0.121    -0.241    system_i/analyzer_clump_0/inst/ablock3/ring_buf_data_reg[6]
  -------------------------------------------------------------------
                         required time                          0.241    
                         arrival time                          -0.205    
  -------------------------------------------------------------------
                         slack                                  0.036    

Slack (MET) :             0.037ns  (arrival time - required time)
  Source:                 system_i/analyzer_clump_0/inst/ablock2/ring_buf_data_reg[54]/C
                            (rising edge-triggered cell FDRE clocked by clk_out1_system_clk_wiz_1_0  {rise@0.000ns fall@5.000ns period=10.000ns})
  Destination:            system_i/analyzer_clump_0/inst/ablock2/ringbuf/mem_reg/DIBDI[22]
                            (rising edge-triggered cell RAMB36E1 clocked by clk_out1_system_clk_wiz_1_0  {rise@0.000ns fall@5.000ns period=10.000ns})
  Path Group:             clk_out1_system_clk_wiz_1_0
  Path Type:              Hold (Min at Fast Process Corner)
  Requirement:            0.000ns  (clk_out1_system_clk_wiz_1_0 rise@0.000ns - clk_out1_system_clk_wiz_1_0 rise@0.000ns)
  Data Path Delay:        0.247ns  (logic 0.141ns (57.072%)  route 0.106ns (42.928%))
  Logic Levels:           0  
  Clock Path Skew:        0.055ns (DCD - SCD - CPR)
    Destination Clock Delay (DCD):    -0.826ns
    Source Clock Delay      (SCD):    -0.627ns
    Clock Pessimism Removal (CPR):    -0.254ns

    Location             Delay type                Incr(ns)  Path(ns)    Netlist Resource(s)
  -------------------------------------------------------------------    -------------------
                         (clock clk_out1_system_clk_wiz_1_0 rise edge)
                                                      0.000     0.000 r  
    W5                                                0.000     0.000 r  clk (IN)
                         net (fo=0)                   0.000     0.000    system_i/clk_wiz_1/inst/clk_in1
    W5                   IBUF (Prop_ibuf_I_O)         0.226     0.226 r  system_i/clk_wiz_1/inst/clkin1_ibufg/O
                         net (fo=1, routed)           0.440     0.667    system_i/clk_wiz_1/inst/clk_in1_system_clk_wiz_1_0
    MMCME2_ADV_X1Y0      MMCME2_ADV (Prop_mmcme2_adv_CLKIN1_CLKOUT0)
                                                     -2.360    -1.693 r  system_i/clk_wiz_1/inst/mmcm_adv_inst/CLKOUT0
                         net (fo=1, routed)           0.486    -1.207    system_i/clk_wiz_1/inst/clk_out1_system_clk_wiz_1_0
    BUFGCTRL_X0Y0        BUFG (Prop_bufg_I_O)         0.026    -1.181 r  system_i/clk_wiz_1/inst/clkout1_buf/O
                         net (fo=2690, routed)        0.554    -0.627    system_i/analyzer_clump_0/inst/ablock2/aclk
    SLICE_X49Y26         FDRE                                         r  system_i/analyzer_clump_0/inst/ablock2/ring_buf_data_reg[54]/C
  -------------------------------------------------------------------    -------------------
    SLICE_X49Y26         FDRE (Prop_fdre_C_Q)         0.141    -0.486 r  system_i/analyzer_clump_0/inst/ablock2/ring_buf_data_reg[54]/Q
                         net (fo=1, routed)           0.106    -0.380    system_i/analyzer_clump_0/inst/ablock2/ringbuf/mem_reg_0[54]
    RAMB36_X1Y5          RAMB36E1                                     r  system_i/analyzer_clump_0/inst/ablock2/ringbuf/mem_reg/DIBDI[22]
  -------------------------------------------------------------------    -------------------

                         (clock clk_out1_system_clk_wiz_1_0 rise edge)
                                                      0.000     0.000 r  
    W5                                                0.000     0.000 r  clk (IN)
                         net (fo=0)                   0.000     0.000    system_i/clk_wiz_1/inst/clk_in1
    W5                   IBUF (Prop_ibuf_I_O)         0.414     0.414 r  system_i/clk_wiz_1/inst/clkin1_ibufg/O
                         net (fo=1, routed)           0.480     0.894    system_i/clk_wiz_1/inst/clk_in1_system_clk_wiz_1_0
    MMCME2_ADV_X1Y0      MMCME2_ADV (Prop_mmcme2_adv_CLKIN1_CLKOUT0)
                                                     -3.142    -2.248 r  system_i/clk_wiz_1/inst/mmcm_adv_inst/CLKOUT0
                         net (fo=1, routed)           0.530    -1.718    system_i/clk_wiz_1/inst/clk_out1_system_clk_wiz_1_0
    BUFGCTRL_X0Y0        BUFG (Prop_bufg_I_O)         0.029    -1.689 r  system_i/clk_wiz_1/inst/clkout1_buf/O
                         net (fo=2690, routed)        0.863    -0.826    system_i/analyzer_clump_0/inst/ablock2/ringbuf/aclk
    RAMB36_X1Y5          RAMB36E1                                     r  system_i/analyzer_clump_0/inst/ablock2/ringbuf/mem_reg/CLKBWRCLK
                         clock pessimism              0.254    -0.572    
    RAMB36_X1Y5          RAMB36E1 (Hold_ramb36e1_CLKBWRCLK_DIBDI[22])
                                                      0.155    -0.417    system_i/analyzer_clump_0/inst/ablock2/ringbuf/mem_reg
  -------------------------------------------------------------------
                         required time                          0.417    
                         arrival time                          -0.380    
  -------------------------------------------------------------------
                         slack                                  0.037    

Slack (MET) :             0.037ns  (arrival time - required time)
  Source:                 system_i/analyzer_clump_0/inst/ablock2/ring_buf_data_reg[42]/C
                            (rising edge-triggered cell FDRE clocked by clk_out1_system_clk_wiz_1_0  {rise@0.000ns fall@5.000ns period=10.000ns})
  Destination:            system_i/analyzer_clump_0/inst/ablock2/ringbuf/mem_reg/DIBDI[10]
                            (rising edge-triggered cell RAMB36E1 clocked by clk_out1_system_clk_wiz_1_0  {rise@0.000ns fall@5.000ns period=10.000ns})
  Path Group:             clk_out1_system_clk_wiz_1_0
  Path Type:              Hold (Min at Fast Process Corner)
  Requirement:            0.000ns  (clk_out1_system_clk_wiz_1_0 rise@0.000ns - clk_out1_system_clk_wiz_1_0 rise@0.000ns)
  Data Path Delay:        0.248ns  (logic 0.141ns (56.898%)  route 0.107ns (43.102%))
  Logic Levels:           0  
  Clock Path Skew:        0.055ns (DCD - SCD - CPR)
    Destination Clock Delay (DCD):    -0.826ns
    Source Clock Delay      (SCD):    -0.627ns
    Clock Pessimism Removal (CPR):    -0.254ns

    Location             Delay type                Incr(ns)  Path(ns)    Netlist Resource(s)
  -------------------------------------------------------------------    -------------------
                         (clock clk_out1_system_clk_wiz_1_0 rise edge)
                                                      0.000     0.000 r  
    W5                                                0.000     0.000 r  clk (IN)
                         net (fo=0)                   0.000     0.000    system_i/clk_wiz_1/inst/clk_in1
    W5                   IBUF (Prop_ibuf_I_O)         0.226     0.226 r  system_i/clk_wiz_1/inst/clkin1_ibufg/O
                         net (fo=1, routed)           0.440     0.667    system_i/clk_wiz_1/inst/clk_in1_system_clk_wiz_1_0
    MMCME2_ADV_X1Y0      MMCME2_ADV (Prop_mmcme2_adv_CLKIN1_CLKOUT0)
                                                     -2.360    -1.693 r  system_i/clk_wiz_1/inst/mmcm_adv_inst/CLKOUT0
                         net (fo=1, routed)           0.486    -1.207    system_i/clk_wiz_1/inst/clk_out1_system_clk_wiz_1_0
    BUFGCTRL_X0Y0        BUFG (Prop_bufg_I_O)         0.026    -1.181 r  system_i/clk_wiz_1/inst/clkout1_buf/O
                         net (fo=2690, routed)        0.554    -0.627    system_i/analyzer_clump_0/inst/ablock2/aclk
    SLICE_X49Y26         FDRE                                         r  system_i/analyzer_clump_0/inst/ablock2/ring_buf_data_reg[42]/C
  -------------------------------------------------------------------    -------------------
    SLICE_X49Y26         FDRE (Prop_fdre_C_Q)         0.141    -0.486 r  system_i/analyzer_clump_0/inst/ablock2/ring_buf_data_reg[42]/Q
                         net (fo=1, routed)           0.107    -0.380    system_i/analyzer_clump_0/inst/ablock2/ringbuf/mem_reg_0[42]
    RAMB36_X1Y5          RAMB36E1                                     r  system_i/analyzer_clump_0/inst/ablock2/ringbuf/mem_reg/DIBDI[10]
  -------------------------------------------------------------------    -------------------

                         (clock clk_out1_system_clk_wiz_1_0 rise edge)
                                                      0.000     0.000 r  
    W5                                                0.000     0.000 r  clk (IN)
                         net (fo=0)                   0.000     0.000    system_i/clk_wiz_1/inst/clk_in1
    W5                   IBUF (Prop_ibuf_I_O)         0.414     0.414 r  system_i/clk_wiz_1/inst/clkin1_ibufg/O
                         net (fo=1, routed)           0.480     0.894    system_i/clk_wiz_1/inst/clk_in1_system_clk_wiz_1_0
    MMCME2_ADV_X1Y0      MMCME2_ADV (Prop_mmcme2_adv_CLKIN1_CLKOUT0)
                                                     -3.142    -2.248 r  system_i/clk_wiz_1/inst/mmcm_adv_inst/CLKOUT0
                         net (fo=1, routed)           0.530    -1.718    system_i/clk_wiz_1/inst/clk_out1_system_clk_wiz_1_0
    BUFGCTRL_X0Y0        BUFG (Prop_bufg_I_O)         0.029    -1.689 r  system_i/clk_wiz_1/inst/clkout1_buf/O
                         net (fo=2690, routed)        0.863    -0.826    system_i/analyzer_clump_0/inst/ablock2/ringbuf/aclk
    RAMB36_X1Y5          RAMB36E1                                     r  system_i/analyzer_clump_0/inst/ablock2/ringbuf/mem_reg/CLKBWRCLK
                         clock pessimism              0.254    -0.572    
    RAMB36_X1Y5          RAMB36E1 (Hold_ramb36e1_CLKBWRCLK_DIBDI[10])
                                                      0.155    -0.417    system_i/analyzer_clump_0/inst/ablock2/ringbuf/mem_reg
  -------------------------------------------------------------------
                         required time                          0.417    
                         arrival time                          -0.380    
  -------------------------------------------------------------------
                         slack                                  0.037    

Slack (MET) :             0.037ns  (arrival time - required time)
  Source:                 system_i/analyzer_clump_0/inst/ablock0/ring_buf_data_reg[6]/C
                            (rising edge-triggered cell FDRE clocked by clk_out1_system_clk_wiz_1_0  {rise@0.000ns fall@5.000ns period=10.000ns})
  Destination:            system_i/analyzer_clump_0/inst/ablock0/ringbuf/mem_reg/DIADI[6]
                            (rising edge-triggered cell RAMB36E1 clocked by clk_out1_system_clk_wiz_1_0  {rise@0.000ns fall@5.000ns period=10.000ns})
  Path Group:             clk_out1_system_clk_wiz_1_0
  Path Type:              Hold (Min at Fast Process Corner)
  Requirement:            0.000ns  (clk_out1_system_clk_wiz_1_0 rise@0.000ns - clk_out1_system_clk_wiz_1_0 rise@0.000ns)
  Data Path Delay:        0.250ns  (logic 0.141ns (56.427%)  route 0.109ns (43.573%))
  Logic Levels:           0  
  Clock Path Skew:        0.057ns (DCD - SCD - CPR)
    Destination Clock Delay (DCD):    -0.816ns
    Source Clock Delay      (SCD):    -0.619ns
    Clock Pessimism Removal (CPR):    -0.254ns

    Location             Delay type                Incr(ns)  Path(ns)    Netlist Resource(s)
  -------------------------------------------------------------------    -------------------
                         (clock clk_out1_system_clk_wiz_1_0 rise edge)
                                                      0.000     0.000 r  
    W5                                                0.000     0.000 r  clk (IN)
                         net (fo=0)                   0.000     0.000    system_i/clk_wiz_1/inst/clk_in1
    W5                   IBUF (Prop_ibuf_I_O)         0.226     0.226 r  system_i/clk_wiz_1/inst/clkin1_ibufg/O
                         net (fo=1, routed)           0.440     0.667    system_i/clk_wiz_1/inst/clk_in1_system_clk_wiz_1_0
    MMCME2_ADV_X1Y0      MMCME2_ADV (Prop_mmcme2_adv_CLKIN1_CLKOUT0)
                                                     -2.360    -1.693 r  system_i/clk_wiz_1/inst/mmcm_adv_inst/CLKOUT0
                         net (fo=1, routed)           0.486    -1.207    system_i/clk_wiz_1/inst/clk_out1_system_clk_wiz_1_0
    BUFGCTRL_X0Y0        BUFG (Prop_bufg_I_O)         0.026    -1.181 r  system_i/clk_wiz_1/inst/clkout1_buf/O
                         net (fo=2690, routed)        0.562    -0.619    system_i/analyzer_clump_0/inst/ablock0/aclk
    SLICE_X48Y36         FDRE                                         r  system_i/analyzer_clump_0/inst/ablock0/ring_buf_data_reg[6]/C
  -------------------------------------------------------------------    -------------------
    SLICE_X48Y36         FDRE (Prop_fdre_C_Q)         0.141    -0.478 r  system_i/analyzer_clump_0/inst/ablock0/ring_buf_data_reg[6]/Q
                         net (fo=1, routed)           0.109    -0.369    system_i/analyzer_clump_0/inst/ablock0/ringbuf/mem_reg_0[6]
    RAMB36_X1Y7          RAMB36E1                                     r  system_i/analyzer_clump_0/inst/ablock0/ringbuf/mem_reg/DIADI[6]
  -------------------------------------------------------------------    -------------------

                         (clock clk_out1_system_clk_wiz_1_0 rise edge)
                                                      0.000     0.000 r  
    W5                                                0.000     0.000 r  clk (IN)
                         net (fo=0)                   0.000     0.000    system_i/clk_wiz_1/inst/clk_in1
    W5                   IBUF (Prop_ibuf_I_O)         0.414     0.414 r  system_i/clk_wiz_1/inst/clkin1_ibufg/O
                         net (fo=1, routed)           0.480     0.894    system_i/clk_wiz_1/inst/clk_in1_system_clk_wiz_1_0
    MMCME2_ADV_X1Y0      MMCME2_ADV (Prop_mmcme2_adv_CLKIN1_CLKOUT0)
                                                     -3.142    -2.248 r  system_i/clk_wiz_1/inst/mmcm_adv_inst/CLKOUT0
                         net (fo=1, routed)           0.530    -1.718    system_i/clk_wiz_1/inst/clk_out1_system_clk_wiz_1_0
    BUFGCTRL_X0Y0        BUFG (Prop_bufg_I_O)         0.029    -1.689 r  system_i/clk_wiz_1/inst/clkout1_buf/O
                         net (fo=2690, routed)        0.873    -0.816    system_i/analyzer_clump_0/inst/ablock0/ringbuf/aclk
    RAMB36_X1Y7          RAMB36E1                                     r  system_i/analyzer_clump_0/inst/ablock0/ringbuf/mem_reg/CLKBWRCLK
                         clock pessimism              0.254    -0.562    
    RAMB36_X1Y7          RAMB36E1 (Hold_ramb36e1_CLKBWRCLK_DIADI[6])
                                                      0.155    -0.407    system_i/analyzer_clump_0/inst/ablock0/ringbuf/mem_reg
  -------------------------------------------------------------------
                         required time                          0.407    
                         arrival time                          -0.369    
  -------------------------------------------------------------------
                         slack                                  0.037    

Slack (MET) :             0.038ns  (arrival time - required time)
  Source:                 system_i/analyzer_clump_0/inst/ablock0/ring_buf_data_reg[16]/C
                            (rising edge-triggered cell FDRE clocked by clk_out1_system_clk_wiz_1_0  {rise@0.000ns fall@5.000ns period=10.000ns})
  Destination:            system_i/analyzer_clump_0/inst/ablock0/ringbuf/mem_reg/DIADI[16]
                            (rising edge-triggered cell RAMB36E1 clocked by clk_out1_system_clk_wiz_1_0  {rise@0.000ns fall@5.000ns period=10.000ns})
  Path Group:             clk_out1_system_clk_wiz_1_0
  Path Type:              Hold (Min at Fast Process Corner)
  Requirement:            0.000ns  (clk_out1_system_clk_wiz_1_0 rise@0.000ns - clk_out1_system_clk_wiz_1_0 rise@0.000ns)
  Data Path Delay:        0.251ns  (logic 0.141ns (56.258%)  route 0.110ns (43.742%))
  Logic Levels:           0  
  Clock Path Skew:        0.057ns (DCD - SCD - CPR)
    Destination Clock Delay (DCD):    -0.816ns
    Source Clock Delay      (SCD):    -0.619ns
    Clock Pessimism Removal (CPR):    -0.254ns

    Location             Delay type                Incr(ns)  Path(ns)    Netlist Resource(s)
  -------------------------------------------------------------------    -------------------
                         (clock clk_out1_system_clk_wiz_1_0 rise edge)
                                                      0.000     0.000 r  
    W5                                                0.000     0.000 r  clk (IN)
                         net (fo=0)                   0.000     0.000    system_i/clk_wiz_1/inst/clk_in1
    W5                   IBUF (Prop_ibuf_I_O)         0.226     0.226 r  system_i/clk_wiz_1/inst/clkin1_ibufg/O
                         net (fo=1, routed)           0.440     0.667    system_i/clk_wiz_1/inst/clk_in1_system_clk_wiz_1_0
    MMCME2_ADV_X1Y0      MMCME2_ADV (Prop_mmcme2_adv_CLKIN1_CLKOUT0)
                                                     -2.360    -1.693 r  system_i/clk_wiz_1/inst/mmcm_adv_inst/CLKOUT0
                         net (fo=1, routed)           0.486    -1.207    system_i/clk_wiz_1/inst/clk_out1_system_clk_wiz_1_0
    BUFGCTRL_X0Y0        BUFG (Prop_bufg_I_O)         0.026    -1.181 r  system_i/clk_wiz_1/inst/clkout1_buf/O
                         net (fo=2690, routed)        0.562    -0.619    system_i/analyzer_clump_0/inst/ablock0/aclk
    SLICE_X48Y36         FDRE                                         r  system_i/analyzer_clump_0/inst/ablock0/ring_buf_data_reg[16]/C
  -------------------------------------------------------------------    -------------------
    SLICE_X48Y36         FDRE (Prop_fdre_C_Q)         0.141    -0.478 r  system_i/analyzer_clump_0/inst/ablock0/ring_buf_data_reg[16]/Q
                         net (fo=1, routed)           0.110    -0.369    system_i/analyzer_clump_0/inst/ablock0/ringbuf/mem_reg_0[16]
    RAMB36_X1Y7          RAMB36E1                                     r  system_i/analyzer_clump_0/inst/ablock0/ringbuf/mem_reg/DIADI[16]
  -------------------------------------------------------------------    -------------------

                         (clock clk_out1_system_clk_wiz_1_0 rise edge)
                                                      0.000     0.000 r  
    W5                                                0.000     0.000 r  clk (IN)
                         net (fo=0)                   0.000     0.000    system_i/clk_wiz_1/inst/clk_in1
    W5                   IBUF (Prop_ibuf_I_O)         0.414     0.414 r  system_i/clk_wiz_1/inst/clkin1_ibufg/O
                         net (fo=1, routed)           0.480     0.894    system_i/clk_wiz_1/inst/clk_in1_system_clk_wiz_1_0
    MMCME2_ADV_X1Y0      MMCME2_ADV (Prop_mmcme2_adv_CLKIN1_CLKOUT0)
                                                     -3.142    -2.248 r  system_i/clk_wiz_1/inst/mmcm_adv_inst/CLKOUT0
                         net (fo=1, routed)           0.530    -1.718    system_i/clk_wiz_1/inst/clk_out1_system_clk_wiz_1_0
    BUFGCTRL_X0Y0        BUFG (Prop_bufg_I_O)         0.029    -1.689 r  system_i/clk_wiz_1/inst/clkout1_buf/O
                         net (fo=2690, routed)        0.873    -0.816    system_i/analyzer_clump_0/inst/ablock0/ringbuf/aclk
    RAMB36_X1Y7          RAMB36E1                                     r  system_i/analyzer_clump_0/inst/ablock0/ringbuf/mem_reg/CLKBWRCLK
                         clock pessimism              0.254    -0.562    
    RAMB36_X1Y7          RAMB36E1 (Hold_ramb36e1_CLKBWRCLK_DIADI[16])
                                                      0.155    -0.407    system_i/analyzer_clump_0/inst/ablock0/ringbuf/mem_reg
  -------------------------------------------------------------------
                         required time                          0.407    
                         arrival time                          -0.369    
  -------------------------------------------------------------------
                         slack                                  0.038    

Slack (MET) :             0.039ns  (arrival time - required time)
  Source:                 system_i/analyzer_clump_0/inst/ablock2/ring_buf_data_reg[18]/C
                            (rising edge-triggered cell FDRE clocked by clk_out1_system_clk_wiz_1_0  {rise@0.000ns fall@5.000ns period=10.000ns})
  Destination:            system_i/analyzer_clump_0/inst/ablock2/ringbuf/mem_reg/DIADI[18]
                            (rising edge-triggered cell RAMB36E1 clocked by clk_out1_system_clk_wiz_1_0  {rise@0.000ns fall@5.000ns period=10.000ns})
  Path Group:             clk_out1_system_clk_wiz_1_0
  Path Type:              Hold (Min at Fast Process Corner)
  Requirement:            0.000ns  (clk_out1_system_clk_wiz_1_0 rise@0.000ns - clk_out1_system_clk_wiz_1_0 rise@0.000ns)
  Data Path Delay:        0.251ns  (logic 0.141ns (56.256%)  route 0.110ns (43.744%))
  Logic Levels:           0  
  Clock Path Skew:        0.056ns (DCD - SCD - CPR)
    Destination Clock Delay (DCD):    -0.826ns
    Source Clock Delay      (SCD):    -0.628ns
    Clock Pessimism Removal (CPR):    -0.254ns

    Location             Delay type                Incr(ns)  Path(ns)    Netlist Resource(s)
  -------------------------------------------------------------------    -------------------
                         (clock clk_out1_system_clk_wiz_1_0 rise edge)
                                                      0.000     0.000 r  
    W5                                                0.000     0.000 r  clk (IN)
                         net (fo=0)                   0.000     0.000    system_i/clk_wiz_1/inst/clk_in1
    W5                   IBUF (Prop_ibuf_I_O)         0.226     0.226 r  system_i/clk_wiz_1/inst/clkin1_ibufg/O
                         net (fo=1, routed)           0.440     0.667    system_i/clk_wiz_1/inst/clk_in1_system_clk_wiz_1_0
    MMCME2_ADV_X1Y0      MMCME2_ADV (Prop_mmcme2_adv_CLKIN1_CLKOUT0)
                                                     -2.360    -1.693 r  system_i/clk_wiz_1/inst/mmcm_adv_inst/CLKOUT0
                         net (fo=1, routed)           0.486    -1.207    system_i/clk_wiz_1/inst/clk_out1_system_clk_wiz_1_0
    BUFGCTRL_X0Y0        BUFG (Prop_bufg_I_O)         0.026    -1.181 r  system_i/clk_wiz_1/inst/clkout1_buf/O
                         net (fo=2690, routed)        0.553    -0.628    system_i/analyzer_clump_0/inst/ablock2/aclk
    SLICE_X48Y25         FDRE                                         r  system_i/analyzer_clump_0/inst/ablock2/ring_buf_data_reg[18]/C
  -------------------------------------------------------------------    -------------------
    SLICE_X48Y25         FDRE (Prop_fdre_C_Q)         0.141    -0.487 r  system_i/analyzer_clump_0/inst/ablock2/ring_buf_data_reg[18]/Q
                         net (fo=1, routed)           0.110    -0.378    system_i/analyzer_clump_0/inst/ablock2/ringbuf/mem_reg_0[18]
    RAMB36_X1Y5          RAMB36E1                                     r  system_i/analyzer_clump_0/inst/ablock2/ringbuf/mem_reg/DIADI[18]
  -------------------------------------------------------------------    -------------------

                         (clock clk_out1_system_clk_wiz_1_0 rise edge)
                                                      0.000     0.000 r  
    W5                                                0.000     0.000 r  clk (IN)
                         net (fo=0)                   0.000     0.000    system_i/clk_wiz_1/inst/clk_in1
    W5                   IBUF (Prop_ibuf_I_O)         0.414     0.414 r  system_i/clk_wiz_1/inst/clkin1_ibufg/O
                         net (fo=1, routed)           0.480     0.894    system_i/clk_wiz_1/inst/clk_in1_system_clk_wiz_1_0
    MMCME2_ADV_X1Y0      MMCME2_ADV (Prop_mmcme2_adv_CLKIN1_CLKOUT0)
                                                     -3.142    -2.248 r  system_i/clk_wiz_1/inst/mmcm_adv_inst/CLKOUT0
                         net (fo=1, routed)           0.530    -1.718    system_i/clk_wiz_1/inst/clk_out1_system_clk_wiz_1_0
    BUFGCTRL_X0Y0        BUFG (Prop_bufg_I_O)         0.029    -1.689 r  system_i/clk_wiz_1/inst/clkout1_buf/O
                         net (fo=2690, routed)        0.863    -0.826    system_i/analyzer_clump_0/inst/ablock2/ringbuf/aclk
    RAMB36_X1Y5          RAMB36E1                                     r  system_i/analyzer_clump_0/inst/ablock2/ringbuf/mem_reg/CLKBWRCLK
                         clock pessimism              0.254    -0.572    
    RAMB36_X1Y5          RAMB36E1 (Hold_ramb36e1_CLKBWRCLK_DIADI[18])
                                                      0.155    -0.417    system_i/analyzer_clump_0/inst/ablock2/ringbuf/mem_reg
  -------------------------------------------------------------------
                         required time                          0.417    
                         arrival time                          -0.378    
  -------------------------------------------------------------------
                         slack                                  0.039    

Slack (MET) :             0.040ns  (arrival time - required time)
  Source:                 system_i/analyzer_clump_0/inst/ablock0/ring_buf_data_reg[3]/C
                            (rising edge-triggered cell FDRE clocked by clk_out1_system_clk_wiz_1_0  {rise@0.000ns fall@5.000ns period=10.000ns})
  Destination:            system_i/analyzer_clump_0/inst/ablock0/ringbuf/mem_reg/DIADI[3]
                            (rising edge-triggered cell RAMB36E1 clocked by clk_out1_system_clk_wiz_1_0  {rise@0.000ns fall@5.000ns period=10.000ns})
  Path Group:             clk_out1_system_clk_wiz_1_0
  Path Type:              Hold (Min at Fast Process Corner)
  Requirement:            0.000ns  (clk_out1_system_clk_wiz_1_0 rise@0.000ns - clk_out1_system_clk_wiz_1_0 rise@0.000ns)
  Data Path Delay:        0.251ns  (logic 0.141ns (56.258%)  route 0.110ns (43.742%))
  Logic Levels:           0  
  Clock Path Skew:        0.055ns (DCD - SCD - CPR)
    Destination Clock Delay (DCD):    -0.816ns
    Source Clock Delay      (SCD):    -0.617ns
    Clock Pessimism Removal (CPR):    -0.254ns

    Location             Delay type                Incr(ns)  Path(ns)    Netlist Resource(s)
  -------------------------------------------------------------------    -------------------
                         (clock clk_out1_system_clk_wiz_1_0 rise edge)
                                                      0.000     0.000 r  
    W5                                                0.000     0.000 r  clk (IN)
                         net (fo=0)                   0.000     0.000    system_i/clk_wiz_1/inst/clk_in1
    W5                   IBUF (Prop_ibuf_I_O)         0.226     0.226 r  system_i/clk_wiz_1/inst/clkin1_ibufg/O
                         net (fo=1, routed)           0.440     0.667    system_i/clk_wiz_1/inst/clk_in1_system_clk_wiz_1_0
    MMCME2_ADV_X1Y0      MMCME2_ADV (Prop_mmcme2_adv_CLKIN1_CLKOUT0)
                                                     -2.360    -1.693 r  system_i/clk_wiz_1/inst/mmcm_adv_inst/CLKOUT0
                         net (fo=1, routed)           0.486    -1.207    system_i/clk_wiz_1/inst/clk_out1_system_clk_wiz_1_0
    BUFGCTRL_X0Y0        BUFG (Prop_bufg_I_O)         0.026    -1.181 r  system_i/clk_wiz_1/inst/clkout1_buf/O
                         net (fo=2690, routed)        0.564    -0.617    system_i/analyzer_clump_0/inst/ablock0/aclk
    SLICE_X48Y39         FDRE                                         r  system_i/analyzer_clump_0/inst/ablock0/ring_buf_data_reg[3]/C
  -------------------------------------------------------------------    -------------------
    SLICE_X48Y39         FDRE (Prop_fdre_C_Q)         0.141    -0.476 r  system_i/analyzer_clump_0/inst/ablock0/ring_buf_data_reg[3]/Q
                         net (fo=1, routed)           0.110    -0.367    system_i/analyzer_clump_0/inst/ablock0/ringbuf/mem_reg_0[3]
    RAMB36_X1Y7          RAMB36E1                                     r  system_i/analyzer_clump_0/inst/ablock0/ringbuf/mem_reg/DIADI[3]
  -------------------------------------------------------------------    -------------------

                         (clock clk_out1_system_clk_wiz_1_0 rise edge)
                                                      0.000     0.000 r  
    W5                                                0.000     0.000 r  clk (IN)
                         net (fo=0)                   0.000     0.000    system_i/clk_wiz_1/inst/clk_in1
    W5                   IBUF (Prop_ibuf_I_O)         0.414     0.414 r  system_i/clk_wiz_1/inst/clkin1_ibufg/O
                         net (fo=1, routed)           0.480     0.894    system_i/clk_wiz_1/inst/clk_in1_system_clk_wiz_1_0
    MMCME2_ADV_X1Y0      MMCME2_ADV (Prop_mmcme2_adv_CLKIN1_CLKOUT0)
                                                     -3.142    -2.248 r  system_i/clk_wiz_1/inst/mmcm_adv_inst/CLKOUT0
                         net (fo=1, routed)           0.530    -1.718    system_i/clk_wiz_1/inst/clk_out1_system_clk_wiz_1_0
    BUFGCTRL_X0Y0        BUFG (Prop_bufg_I_O)         0.029    -1.689 r  system_i/clk_wiz_1/inst/clkout1_buf/O
                         net (fo=2690, routed)        0.873    -0.816    system_i/analyzer_clump_0/inst/ablock0/ringbuf/aclk
    RAMB36_X1Y7          RAMB36E1                                     r  system_i/analyzer_clump_0/inst/ablock0/ringbuf/mem_reg/CLKBWRCLK
                         clock pessimism              0.254    -0.562    
    RAMB36_X1Y7          RAMB36E1 (Hold_ramb36e1_CLKBWRCLK_DIADI[3])
                                                      0.155    -0.407    system_i/analyzer_clump_0/inst/ablock0/ringbuf/mem_reg
  -------------------------------------------------------------------
                         required time                          0.407    
                         arrival time                          -0.367    
  -------------------------------------------------------------------
                         slack                                  0.040    





Pulse Width Checks
--------------------------------------------------------------------------------------
Clock Name:         clk_out1_system_clk_wiz_1_0
Waveform(ns):       { 0.000 5.000 }
Period(ns):         10.000
Sources:            { system_i/clk_wiz_1/inst/mmcm_adv_inst/CLKOUT0 }

Check Type        Corner  Lib Pin             Reference Pin  Required(ns)  Actual(ns)  Slack(ns)  Location         Pin
Min Period        n/a     RAMB36E1/CLKARDCLK  n/a            2.944         10.000      7.056      RAMB36_X1Y4      system_i/analyzer_clump_0/inst/shared_ram_reg/CLKARDCLK
Min Period        n/a     RAMB36E1/CLKBWRCLK  n/a            2.944         10.000      7.056      RAMB36_X1Y4      system_i/analyzer_clump_0/inst/shared_ram_reg/CLKBWRCLK
Min Period        n/a     RAMB36E1/CLKARDCLK  n/a            2.944         10.000      7.056      RAMB36_X1Y7      system_i/analyzer_clump_0/inst/ablock0/ringbuf/mem_reg/CLKARDCLK
Min Period        n/a     RAMB36E1/CLKBWRCLK  n/a            2.944         10.000      7.056      RAMB36_X1Y7      system_i/analyzer_clump_0/inst/ablock0/ringbuf/mem_reg/CLKBWRCLK
Min Period        n/a     RAMB36E1/CLKARDCLK  n/a            2.944         10.000      7.056      RAMB36_X1Y5      system_i/analyzer_clump_0/inst/ablock2/ringbuf/mem_reg/CLKARDCLK
Min Period        n/a     RAMB36E1/CLKBWRCLK  n/a            2.944         10.000      7.056      RAMB36_X1Y5      system_i/analyzer_clump_0/inst/ablock2/ringbuf/mem_reg/CLKBWRCLK
Min Period        n/a     RAMB36E1/CLKARDCLK  n/a            2.944         10.000      7.056      RAMB36_X1Y6      system_i/analyzer_clump_0/inst/ablock3/ringbuf/mem_reg/CLKARDCLK
Min Period        n/a     RAMB36E1/CLKBWRCLK  n/a            2.944         10.000      7.056      RAMB36_X1Y6      system_i/analyzer_clump_0/inst/ablock3/ringbuf/mem_reg/CLKBWRCLK
Min Period        n/a     RAMB36E1/CLKARDCLK  n/a            2.944         10.000      7.056      RAMB36_X2Y6      system_i/analyzer_clump_0/inst/ablock1/ringbuf/mem_reg/CLKARDCLK
Min Period        n/a     RAMB36E1/CLKBWRCLK  n/a            2.944         10.000      7.056      RAMB36_X2Y6      system_i/analyzer_clump_0/inst/ablock1/ringbuf/mem_reg/CLKBWRCLK
Max Period        n/a     MMCME2_ADV/CLKOUT0  n/a            213.360       10.000      203.360    MMCME2_ADV_X1Y0  system_i/clk_wiz_1/inst/mmcm_adv_inst/CLKOUT0
Low Pulse Width   Slow    RAMD64E/CLK         n/a            1.250         5.000       3.750      SLICE_X38Y22     system_i/axi_fifo_mm_s_0/U0/COMP_IPIC2AXI_S/grxd.COMP_rx_len_fifo/xpm_fifo_base_inst/gen_sdpram.xpm_memory_base_inst/gen_wr_a.gen_word_narrow.mem_reg_0_63_15_17/RAMA/CLK
Low Pulse Width   Slow    RAMD64E/CLK         n/a            1.250         5.000       3.750      SLICE_X38Y22     system_i/axi_fifo_mm_s_0/U0/COMP_IPIC2AXI_S/grxd.COMP_rx_len_fifo/xpm_fifo_base_inst/gen_sdpram.xpm_memory_base_inst/gen_wr_a.gen_word_narrow.mem_reg_0_63_15_17/RAMB/CLK
Low Pulse Width   Slow    RAMD64E/CLK         n/a            1.250         5.000       3.750      SLICE_X38Y22     system_i/axi_fifo_mm_s_0/U0/COMP_IPIC2AXI_S/grxd.COMP_rx_len_fifo/xpm_fifo_base_inst/gen_sdpram.xpm_memory_base_inst/gen_wr_a.gen_word_narrow.mem_reg_0_63_15_17/RAMC/CLK
Low Pulse Width   Slow    RAMD64E/CLK         n/a            1.250         5.000       3.750      SLICE_X38Y22     system_i/axi_fifo_mm_s_0/U0/COMP_IPIC2AXI_S/grxd.COMP_rx_len_fifo/xpm_fifo_base_inst/gen_sdpram.xpm_memory_base_inst/gen_wr_a.gen_word_narrow.mem_reg_0_63_15_17/RAMD/CLK
Low Pulse Width   Slow    RAMD32/CLK          n/a            1.250         5.000       3.750      SLICE_X34Y3      system_i/microblaze_0/U0/MicroBlaze_Core_I/Performance.Core/Data_Flow_I/Register_File_I/Using_LUT6.All_RAM32M[10].ram32m_i/Using_FPGA.Native/RAMA/CLK
Low Pulse Width   Slow    RAMD32/CLK          n/a            1.250         5.000       3.750      SLICE_X34Y3      system_i/microblaze_0/U0/MicroBlaze_Core_I/Performance.Core/Data_Flow_I/Register_File_I/Using_LUT6.All_RAM32M[10].ram32m_i/Using_FPGA.Native/RAMA_D1/CLK
Low Pulse Width   Slow    RAMD32/CLK          n/a            1.250         5.000       3.750      SLICE_X34Y3      system_i/microblaze_0/U0/MicroBlaze_Core_I/Performance.Core/Data_Flow_I/Register_File_I/Using_LUT6.All_RAM32M[10].ram32m_i/Using_FPGA.Native/RAMB/CLK
Low Pulse Width   Slow    RAMD32/CLK          n/a            1.250         5.000       3.750      SLICE_X34Y3      system_i/microblaze_0/U0/MicroBlaze_Core_I/Performance.Core/Data_Flow_I/Register_File_I/Using_LUT6.All_RAM32M[10].ram32m_i/Using_FPGA.Native/RAMB_D1/CLK
Low Pulse Width   Slow    RAMD32/CLK          n/a            1.250         5.000       3.750      SLICE_X34Y3      system_i/microblaze_0/U0/MicroBlaze_Core_I/Performance.Core/Data_Flow_I/Register_File_I/Using_LUT6.All_RAM32M[10].ram32m_i/Using_FPGA.Native/RAMC/CLK
Low Pulse Width   Slow    RAMD64E/CLK         n/a            1.250         5.000       3.750      SLICE_X34Y15     system_i/axi_fifo_mm_s_0/U0/COMP_IPIC2AXI_S/grxd.COMP_rx_len_fifo/xpm_fifo_base_inst/gen_sdpram.xpm_memory_base_inst/gen_wr_a.gen_word_narrow.mem_reg_0_63_21_21/DP/CLK
High Pulse Width  Fast    RAMD64E/CLK         n/a            1.250         5.000       3.750      SLICE_X38Y22     system_i/axi_fifo_mm_s_0/U0/COMP_IPIC2AXI_S/grxd.COMP_rx_len_fifo/xpm_fifo_base_inst/gen_sdpram.xpm_memory_base_inst/gen_wr_a.gen_word_narrow.mem_reg_0_63_15_17/RAMA/CLK
High Pulse Width  Fast    RAMD64E/CLK         n/a            1.250         5.000       3.750      SLICE_X38Y22     system_i/axi_fifo_mm_s_0/U0/COMP_IPIC2AXI_S/grxd.COMP_rx_len_fifo/xpm_fifo_base_inst/gen_sdpram.xpm_memory_base_inst/gen_wr_a.gen_word_narrow.mem_reg_0_63_15_17/RAMB/CLK
High Pulse Width  Fast    RAMD64E/CLK         n/a            1.250         5.000       3.750      SLICE_X38Y22     system_i/axi_fifo_mm_s_0/U0/COMP_IPIC2AXI_S/grxd.COMP_rx_len_fifo/xpm_fifo_base_inst/gen_sdpram.xpm_memory_base_inst/gen_wr_a.gen_word_narrow.mem_reg_0_63_15_17/RAMC/CLK
High Pulse Width  Fast    RAMD64E/CLK         n/a            1.250         5.000       3.750      SLICE_X38Y22     system_i/axi_fifo_mm_s_0/U0/COMP_IPIC2AXI_S/grxd.COMP_rx_len_fifo/xpm_fifo_base_inst/gen_sdpram.xpm_memory_base_inst/gen_wr_a.gen_word_narrow.mem_reg_0_63_15_17/RAMD/CLK
High Pulse Width  Slow    RAMD64E/CLK         n/a            1.250         5.000       3.750      SLICE_X34Y21     system_i/axi_fifo_mm_s_0/U0/COMP_IPIC2AXI_S/grxd.COMP_rx_len_fifo/xpm_fifo_base_inst/gen_sdpram.xpm_memory_base_inst/gen_wr_a.gen_word_narrow.mem_reg_0_63_18_20/RAMA/CLK
High Pulse Width  Slow    RAMD64E/CLK         n/a            1.250         5.000       3.750      SLICE_X34Y21     system_i/axi_fifo_mm_s_0/U0/COMP_IPIC2AXI_S/grxd.COMP_rx_len_fifo/xpm_fifo_base_inst/gen_sdpram.xpm_memory_base_inst/gen_wr_a.gen_word_narrow.mem_reg_0_63_18_20/RAMB/CLK
High Pulse Width  Slow    RAMD64E/CLK         n/a            1.250         5.000       3.750      SLICE_X34Y21     system_i/axi_fifo_mm_s_0/U0/COMP_IPIC2AXI_S/grxd.COMP_rx_len_fifo/xpm_fifo_base_inst/gen_sdpram.xpm_memory_base_inst/gen_wr_a.gen_word_narrow.mem_reg_0_63_18_20/RAMC/CLK
High Pulse Width  Slow    RAMD64E/CLK         n/a            1.250         5.000       3.750      SLICE_X34Y21     system_i/axi_fifo_mm_s_0/U0/COMP_IPIC2AXI_S/grxd.COMP_rx_len_fifo/xpm_fifo_base_inst/gen_sdpram.xpm_memory_base_inst/gen_wr_a.gen_word_narrow.mem_reg_0_63_18_20/RAMD/CLK
High Pulse Width  Fast    RAMD64E/CLK         n/a            1.250         5.000       3.750      SLICE_X34Y15     system_i/axi_fifo_mm_s_0/U0/COMP_IPIC2AXI_S/grxd.COMP_rx_len_fifo/xpm_fifo_base_inst/gen_sdpram.xpm_memory_base_inst/gen_wr_a.gen_word_narrow.mem_reg_0_63_21_21/DP/CLK
High Pulse Width  Fast    RAMD64E/CLK         n/a            1.250         5.000       3.750      SLICE_X34Y15     system_i/axi_fifo_mm_s_0/U0/COMP_IPIC2AXI_S/grxd.COMP_rx_len_fifo/xpm_fifo_base_inst/gen_sdpram.xpm_memory_base_inst/gen_wr_a.gen_word_narrow.mem_reg_0_63_21_21/SP/CLK



---------------------------------------------------------------------------------------------------
From Clock:  clkfbout_system_clk_wiz_1_0
  To Clock:  clkfbout_system_clk_wiz_1_0

Setup :           NA  Failing Endpoints,  Worst Slack           NA  ,  Total Violation           NA
Hold  :           NA  Failing Endpoints,  Worst Slack           NA  ,  Total Violation           NA
PW    :            0  Failing Endpoints,  Worst Slack        7.845ns,  Total Violation        0.000ns
---------------------------------------------------------------------------------------------------


Pulse Width Checks
--------------------------------------------------------------------------------------
Clock Name:         clkfbout_system_clk_wiz_1_0
Waveform(ns):       { 0.000 5.000 }
Period(ns):         10.000
Sources:            { system_i/clk_wiz_1/inst/mmcm_adv_inst/CLKFBOUT }

Check Type  Corner  Lib Pin              Reference Pin  Required(ns)  Actual(ns)  Slack(ns)  Location         Pin
Min Period  n/a     BUFG/I               n/a            2.155         10.000      7.845      BUFGCTRL_X0Y3    system_i/clk_wiz_1/inst/clkf_buf/I
Min Period  n/a     MMCME2_ADV/CLKFBOUT  n/a            1.249         10.000      8.751      MMCME2_ADV_X1Y0  system_i/clk_wiz_1/inst/mmcm_adv_inst/CLKFBOUT
Min Period  n/a     MMCME2_ADV/CLKFBIN   n/a            1.249         10.000      8.751      MMCME2_ADV_X1Y0  system_i/clk_wiz_1/inst/mmcm_adv_inst/CLKFBIN
Max Period  n/a     MMCME2_ADV/CLKFBIN   n/a            100.000       10.000      90.000     MMCME2_ADV_X1Y0  system_i/clk_wiz_1/inst/mmcm_adv_inst/CLKFBIN
Max Period  n/a     MMCME2_ADV/CLKFBOUT  n/a            213.360       10.000      203.360    MMCME2_ADV_X1Y0  system_i/clk_wiz_1/inst/mmcm_adv_inst/CLKFBOUT



---------------------------------------------------------------------------------------------------
From Clock:  system_i/mdm_1/U0/Use_E2.BSCAN_I/Use_E2.BSCANE2_I/DRCK
  To Clock:  system_i/mdm_1/U0/Use_E2.BSCAN_I/Use_E2.BSCANE2_I/DRCK

Setup :            0  Failing Endpoints,  Worst Slack       13.345ns,  Total Violation        0.000ns
Hold  :            0  Failing Endpoints,  Worst Slack        0.153ns,  Total Violation        0.000ns
PW    :            0  Failing Endpoints,  Worst Slack       15.686ns,  Total Violation        0.000ns
---------------------------------------------------------------------------------------------------


Max Delay Paths
--------------------------------------------------------------------------------------
Slack (MET) :             13.345ns  (required time - arrival time)
  Source:                 system_i/mdm_1/U0/MDM_Core_I1/JTAG_CONTROL_I/tdi_shifter_reg[1]/C
                            (rising edge-triggered cell FDCE clocked by system_i/mdm_1/U0/Use_E2.BSCAN_I/Use_E2.BSCANE2_I/DRCK  {rise@0.000ns fall@16.667ns period=33.333ns})
  Destination:            system_i/mdm_1/U0/MDM_Core_I1/JTAG_CONTROL_I/Use_BSCAN.SYNC_FDRE/Using_FPGA.Native/CE
                            (falling edge-triggered cell FDRE clocked by system_i/mdm_1/U0/Use_E2.BSCAN_I/Use_E2.BSCANE2_I/DRCK  {rise@0.000ns fall@16.667ns period=33.333ns})
  Path Group:             system_i/mdm_1/U0/Use_E2.BSCAN_I/Use_E2.BSCANE2_I/DRCK
  Path Type:              Setup (Max at Slow Process Corner)
  Requirement:            16.667ns  (system_i/mdm_1/U0/Use_E2.BSCAN_I/Use_E2.BSCANE2_I/DRCK fall@16.667ns - system_i/mdm_1/U0/Use_E2.BSCAN_I/Use_E2.BSCANE2_I/DRCK rise@0.000ns)
  Data Path Delay:        3.104ns  (logic 0.704ns (22.683%)  route 2.400ns (77.317%))
  Logic Levels:           2  (LUT5=1 LUT6=1)
  Clock Path Skew:        -0.019ns (DCD - SCD + CPR)
    Destination Clock Delay (DCD):    3.139ns = ( 19.805 - 16.667 ) 
    Source Clock Delay      (SCD):    3.519ns
    Clock Pessimism Removal (CPR):    0.361ns
  Clock Uncertainty:      0.035ns  ((TSJ^2 + TIJ^2)^1/2 + DJ) / 2 + PE
    Total System Jitter     (TSJ):    0.071ns
    Total Input Jitter      (TIJ):    0.000ns
    Discrete Jitter          (DJ):    0.000ns
    Phase Error              (PE):    0.000ns

    Location             Delay type                Incr(ns)  Path(ns)    Netlist Resource(s)
  -------------------------------------------------------------------    -------------------
                         (clock system_i/mdm_1/U0/Use_E2.BSCAN_I/Use_E2.BSCANE2_I/DRCK rise edge)
                                                      0.000     0.000 r  
    BSCAN_X0Y1           BSCANE2                      0.000     0.000 r  system_i/mdm_1/U0/Use_E2.BSCAN_I/Use_E2.BSCANE2_I/DRCK
                         net (fo=1, routed)           1.864     1.864    system_i/mdm_1/U0/No_Dbg_Reg_Access.BUFG_DRCK/DRCK
    BUFGCTRL_X0Y1        BUFG (Prop_bufg_I_O)         0.096     1.960 r  system_i/mdm_1/U0/No_Dbg_Reg_Access.BUFG_DRCK/Using_FPGA.Native/O
                         net (fo=232, routed)         1.558     3.519    system_i/mdm_1/U0/MDM_Core_I1/JTAG_CONTROL_I/Using_FPGA.Native
    SLICE_X51Y20         FDCE                                         r  system_i/mdm_1/U0/MDM_Core_I1/JTAG_CONTROL_I/tdi_shifter_reg[1]/C
  -------------------------------------------------------------------    -------------------
    SLICE_X51Y20         FDCE (Prop_fdce_C_Q)         0.456     3.975 r  system_i/mdm_1/U0/MDM_Core_I1/JTAG_CONTROL_I/tdi_shifter_reg[1]/Q
                         net (fo=4, routed)           1.129     5.104    system_i/mdm_1/U0/MDM_Core_I1/JTAG_CONTROL_I/Use_BSCAN.FDC_I/Debug_Rst_i_reg[6]
    SLICE_X50Y19         LUT6 (Prop_lut6_I2_O)        0.124     5.228 r  system_i/mdm_1/U0/MDM_Core_I1/JTAG_CONTROL_I/Use_BSCAN.FDC_I/Using_FPGA.Native_i_2/O
                         net (fo=1, routed)           0.658     5.886    system_i/mdm_1/U0/MDM_Core_I1/JTAG_CONTROL_I/Use_BSCAN.FDC_I/Using_FPGA.Native_i_2_n_0
    SLICE_X50Y19         LUT5 (Prop_lut5_I0_O)        0.124     6.010 r  system_i/mdm_1/U0/MDM_Core_I1/JTAG_CONTROL_I/Use_BSCAN.FDC_I/Using_FPGA.Native_i_1/O
                         net (fo=1, routed)           0.612     6.622    system_i/mdm_1/U0/MDM_Core_I1/JTAG_CONTROL_I/Use_BSCAN.SYNC_FDRE/CE
    SLICE_X50Y16         FDRE                                         r  system_i/mdm_1/U0/MDM_Core_I1/JTAG_CONTROL_I/Use_BSCAN.SYNC_FDRE/Using_FPGA.Native/CE
  -------------------------------------------------------------------    -------------------

                         (clock system_i/mdm_1/U0/Use_E2.BSCAN_I/Use_E2.BSCANE2_I/DRCK fall edge)
                                                     16.667    16.667 f  
    BSCAN_X0Y1           BSCANE2                      0.000    16.667 f  system_i/mdm_1/U0/Use_E2.BSCAN_I/Use_E2.BSCANE2_I/DRCK
                         net (fo=1, routed)           1.602    18.269    system_i/mdm_1/U0/No_Dbg_Reg_Access.BUFG_DRCK/DRCK
    BUFGCTRL_X0Y1        BUFG (Prop_bufg_I_O)         0.091    18.360 f  system_i/mdm_1/U0/No_Dbg_Reg_Access.BUFG_DRCK/Using_FPGA.Native/O
                         net (fo=232, routed)         1.445    19.805    system_i/mdm_1/U0/MDM_Core_I1/JTAG_CONTROL_I/Use_BSCAN.SYNC_FDRE/Using_FPGA.Native_0
    SLICE_X50Y16         FDRE                                         r  system_i/mdm_1/U0/MDM_Core_I1/JTAG_CONTROL_I/Use_BSCAN.SYNC_FDRE/Using_FPGA.Native/C  (IS_INVERTED)
                         clock pessimism              0.361    20.166    
                         clock uncertainty           -0.035    20.131    
    SLICE_X50Y16         FDRE (Setup_fdre_C_CE)      -0.164    19.967    system_i/mdm_1/U0/MDM_Core_I1/JTAG_CONTROL_I/Use_BSCAN.SYNC_FDRE/Using_FPGA.Native
  -------------------------------------------------------------------
                         required time                         19.967    
                         arrival time                          -6.622    
  -------------------------------------------------------------------
                         slack                                 13.345    

Slack (MET) :             14.291ns  (required time - arrival time)
  Source:                 system_i/mdm_1/U0/MDM_Core_I1/JTAG_CONTROL_I/Use_BSCAN.SYNC_FDRE/Using_FPGA.Native/C
                            (falling edge-triggered cell FDRE clocked by system_i/mdm_1/U0/Use_E2.BSCAN_I/Use_E2.BSCANE2_I/DRCK  {rise@0.000ns fall@16.667ns period=33.333ns})
  Destination:            system_i/mdm_1/U0/MDM_Core_I1/JTAG_CONTROL_I/Use_Serial_Unified_Completion.mb_instr_error_reg/D
                            (rising edge-triggered cell FDCE clocked by system_i/mdm_1/U0/Use_E2.BSCAN_I/Use_E2.BSCANE2_I/DRCK  {rise@0.000ns fall@16.667ns period=33.333ns})
  Path Group:             system_i/mdm_1/U0/Use_E2.BSCAN_I/Use_E2.BSCANE2_I/DRCK
  Path Type:              Setup (Max at Slow Process Corner)
  Requirement:            16.667ns  (system_i/mdm_1/U0/Use_E2.BSCAN_I/Use_E2.BSCANE2_I/DRCK rise@33.333ns - system_i/mdm_1/U0/Use_E2.BSCAN_I/Use_E2.BSCANE2_I/DRCK fall@16.667ns)
  Data Path Delay:        2.394ns  (logic 0.772ns (32.246%)  route 1.622ns (67.754%))
  Logic Levels:           2  (LUT6=2)
  Clock Path Skew:        -0.023ns (DCD - SCD + CPR)
    Destination Clock Delay (DCD):    3.140ns = ( 36.473 - 33.333 ) 
    Source Clock Delay      (SCD):    3.524ns = ( 20.190 - 16.667 ) 
    Clock Pessimism Removal (CPR):    0.361ns
  Clock Uncertainty:      0.035ns  ((TSJ^2 + TIJ^2)^1/2 + DJ) / 2 + PE
    Total System Jitter     (TSJ):    0.071ns
    Total Input Jitter      (TIJ):    0.000ns
    Discrete Jitter          (DJ):    0.000ns
    Phase Error              (PE):    0.000ns

    Location             Delay type                Incr(ns)  Path(ns)    Netlist Resource(s)
  -------------------------------------------------------------------    -------------------
                         (clock system_i/mdm_1/U0/Use_E2.BSCAN_I/Use_E2.BSCANE2_I/DRCK fall edge)
                                                     16.667    16.667 f  
    BSCAN_X0Y1           BSCANE2                      0.000    16.667 f  system_i/mdm_1/U0/Use_E2.BSCAN_I/Use_E2.BSCANE2_I/DRCK
                         net (fo=1, routed)           1.864    18.531    system_i/mdm_1/U0/No_Dbg_Reg_Access.BUFG_DRCK/DRCK
    BUFGCTRL_X0Y1        BUFG (Prop_bufg_I_O)         0.096    18.627 f  system_i/mdm_1/U0/No_Dbg_Reg_Access.BUFG_DRCK/Using_FPGA.Native/O
                         net (fo=232, routed)         1.563    20.190    system_i/mdm_1/U0/MDM_Core_I1/JTAG_CONTROL_I/Use_BSCAN.SYNC_FDRE/Using_FPGA.Native_0
    SLICE_X50Y16         FDRE                                         r  system_i/mdm_1/U0/MDM_Core_I1/JTAG_CONTROL_I/Use_BSCAN.SYNC_FDRE/Using_FPGA.Native/C  (IS_INVERTED)
  -------------------------------------------------------------------    -------------------
    SLICE_X50Y16         FDRE (Prop_fdre_C_Q)         0.524    20.714 r  system_i/mdm_1/U0/MDM_Core_I1/JTAG_CONTROL_I/Use_BSCAN.SYNC_FDRE/Using_FPGA.Native/Q
                         net (fo=4, routed)           0.660    21.374    system_i/mdm_1/U0/MDM_Core_I1/JTAG_CONTROL_I/Use_BSCAN.FDC_I/sync
    SLICE_X51Y15         LUT6 (Prop_lut6_I4_O)        0.124    21.498 r  system_i/mdm_1/U0/MDM_Core_I1/JTAG_CONTROL_I/Use_BSCAN.FDC_I/Use_Serial_Unified_Completion.mb_instr_overrun_i_3/O
                         net (fo=2, routed)           0.962    22.460    system_i/mdm_1/U0/MDM_Core_I1/JTAG_CONTROL_I/Use_BSCAN.FDC_I/mb_instr_overrun1__0
    SLICE_X52Y15         LUT6 (Prop_lut6_I1_O)        0.124    22.584 r  system_i/mdm_1/U0/MDM_Core_I1/JTAG_CONTROL_I/Use_BSCAN.FDC_I/Use_Serial_Unified_Completion.mb_instr_error_i_1/O
                         net (fo=1, routed)           0.000    22.584    system_i/mdm_1/U0/MDM_Core_I1/JTAG_CONTROL_I/Use_BSCAN.FDC_I_n_31
    SLICE_X52Y15         FDCE                                         r  system_i/mdm_1/U0/MDM_Core_I1/JTAG_CONTROL_I/Use_Serial_Unified_Completion.mb_instr_error_reg/D
  -------------------------------------------------------------------    -------------------

                         (clock system_i/mdm_1/U0/Use_E2.BSCAN_I/Use_E2.BSCANE2_I/DRCK rise edge)
                                                     33.333    33.333 r  
    BSCAN_X0Y1           BSCANE2                      0.000    33.333 r  system_i/mdm_1/U0/Use_E2.BSCAN_I/Use_E2.BSCANE2_I/DRCK
                         net (fo=1, routed)           1.602    34.935    system_i/mdm_1/U0/No_Dbg_Reg_Access.BUFG_DRCK/DRCK
    BUFGCTRL_X0Y1        BUFG (Prop_bufg_I_O)         0.091    35.026 r  system_i/mdm_1/U0/No_Dbg_Reg_Access.BUFG_DRCK/Using_FPGA.Native/O
                         net (fo=232, routed)         1.446    36.473    system_i/mdm_1/U0/MDM_Core_I1/JTAG_CONTROL_I/Using_FPGA.Native
    SLICE_X52Y15         FDCE                                         r  system_i/mdm_1/U0/MDM_Core_I1/JTAG_CONTROL_I/Use_Serial_Unified_Completion.mb_instr_error_reg/C
                         clock pessimism              0.361    36.834    
                         clock uncertainty           -0.035    36.798    
    SLICE_X52Y15         FDCE (Setup_fdce_C_D)        0.077    36.875    system_i/mdm_1/U0/MDM_Core_I1/JTAG_CONTROL_I/Use_Serial_Unified_Completion.mb_instr_error_reg
  -------------------------------------------------------------------
                         required time                         36.875    
                         arrival time                         -22.584    
  -------------------------------------------------------------------
                         slack                                 14.291    

Slack (MET) :             14.305ns  (required time - arrival time)
  Source:                 system_i/mdm_1/U0/MDM_Core_I1/JTAG_CONTROL_I/Use_BSCAN.SYNC_FDRE/Using_FPGA.Native/C
                            (falling edge-triggered cell FDRE clocked by system_i/mdm_1/U0/Use_E2.BSCAN_I/Use_E2.BSCANE2_I/DRCK  {rise@0.000ns fall@16.667ns period=33.333ns})
  Destination:            system_i/mdm_1/U0/MDM_Core_I1/JTAG_CONTROL_I/Use_Serial_Unified_Completion.mb_instr_overrun_reg/D
                            (rising edge-triggered cell FDCE clocked by system_i/mdm_1/U0/Use_E2.BSCAN_I/Use_E2.BSCANE2_I/DRCK  {rise@0.000ns fall@16.667ns period=33.333ns})
  Path Group:             system_i/mdm_1/U0/Use_E2.BSCAN_I/Use_E2.BSCANE2_I/DRCK
  Path Type:              Setup (Max at Slow Process Corner)
  Requirement:            16.667ns  (system_i/mdm_1/U0/Use_E2.BSCAN_I/Use_E2.BSCANE2_I/DRCK rise@33.333ns - system_i/mdm_1/U0/Use_E2.BSCAN_I/Use_E2.BSCANE2_I/DRCK fall@16.667ns)
  Data Path Delay:        2.384ns  (logic 0.772ns (32.381%)  route 1.612ns (67.619%))
  Logic Levels:           2  (LUT6=2)
  Clock Path Skew:        -0.023ns (DCD - SCD + CPR)
    Destination Clock Delay (DCD):    3.140ns = ( 36.473 - 33.333 ) 
    Source Clock Delay      (SCD):    3.524ns = ( 20.190 - 16.667 ) 
    Clock Pessimism Removal (CPR):    0.361ns
  Clock Uncertainty:      0.035ns  ((TSJ^2 + TIJ^2)^1/2 + DJ) / 2 + PE
    Total System Jitter     (TSJ):    0.071ns
    Total Input Jitter      (TIJ):    0.000ns
    Discrete Jitter          (DJ):    0.000ns
    Phase Error              (PE):    0.000ns

    Location             Delay type                Incr(ns)  Path(ns)    Netlist Resource(s)
  -------------------------------------------------------------------    -------------------
                         (clock system_i/mdm_1/U0/Use_E2.BSCAN_I/Use_E2.BSCANE2_I/DRCK fall edge)
                                                     16.667    16.667 f  
    BSCAN_X0Y1           BSCANE2                      0.000    16.667 f  system_i/mdm_1/U0/Use_E2.BSCAN_I/Use_E2.BSCANE2_I/DRCK
                         net (fo=1, routed)           1.864    18.531    system_i/mdm_1/U0/No_Dbg_Reg_Access.BUFG_DRCK/DRCK
    BUFGCTRL_X0Y1        BUFG (Prop_bufg_I_O)         0.096    18.627 f  system_i/mdm_1/U0/No_Dbg_Reg_Access.BUFG_DRCK/Using_FPGA.Native/O
                         net (fo=232, routed)         1.563    20.190    system_i/mdm_1/U0/MDM_Core_I1/JTAG_CONTROL_I/Use_BSCAN.SYNC_FDRE/Using_FPGA.Native_0
    SLICE_X50Y16         FDRE                                         r  system_i/mdm_1/U0/MDM_Core_I1/JTAG_CONTROL_I/Use_BSCAN.SYNC_FDRE/Using_FPGA.Native/C  (IS_INVERTED)
  -------------------------------------------------------------------    -------------------
    SLICE_X50Y16         FDRE (Prop_fdre_C_Q)         0.524    20.714 r  system_i/mdm_1/U0/MDM_Core_I1/JTAG_CONTROL_I/Use_BSCAN.SYNC_FDRE/Using_FPGA.Native/Q
                         net (fo=4, routed)           0.660    21.374    system_i/mdm_1/U0/MDM_Core_I1/JTAG_CONTROL_I/Use_BSCAN.FDC_I/sync
    SLICE_X51Y15         LUT6 (Prop_lut6_I4_O)        0.124    21.498 r  system_i/mdm_1/U0/MDM_Core_I1/JTAG_CONTROL_I/Use_BSCAN.FDC_I/Use_Serial_Unified_Completion.mb_instr_overrun_i_3/O
                         net (fo=2, routed)           0.952    22.450    system_i/mdm_1/U0/MDM_Core_I1/JTAG_CONTROL_I/Use_BSCAN.FDC_I/mb_instr_overrun1__0
    SLICE_X52Y15         LUT6 (Prop_lut6_I1_O)        0.124    22.574 r  system_i/mdm_1/U0/MDM_Core_I1/JTAG_CONTROL_I/Use_BSCAN.FDC_I/Use_Serial_Unified_Completion.mb_instr_overrun_i_1/O
                         net (fo=1, routed)           0.000    22.574    system_i/mdm_1/U0/MDM_Core_I1/JTAG_CONTROL_I/Use_BSCAN.FDC_I_n_30
    SLICE_X52Y15         FDCE                                         r  system_i/mdm_1/U0/MDM_Core_I1/JTAG_CONTROL_I/Use_Serial_Unified_Completion.mb_instr_overrun_reg/D
  -------------------------------------------------------------------    -------------------

                         (clock system_i/mdm_1/U0/Use_E2.BSCAN_I/Use_E2.BSCANE2_I/DRCK rise edge)
                                                     33.333    33.333 r  
    BSCAN_X0Y1           BSCANE2                      0.000    33.333 r  system_i/mdm_1/U0/Use_E2.BSCAN_I/Use_E2.BSCANE2_I/DRCK
                         net (fo=1, routed)           1.602    34.935    system_i/mdm_1/U0/No_Dbg_Reg_Access.BUFG_DRCK/DRCK
    BUFGCTRL_X0Y1        BUFG (Prop_bufg_I_O)         0.091    35.026 r  system_i/mdm_1/U0/No_Dbg_Reg_Access.BUFG_DRCK/Using_FPGA.Native/O
                         net (fo=232, routed)         1.446    36.473    system_i/mdm_1/U0/MDM_Core_I1/JTAG_CONTROL_I/Using_FPGA.Native
    SLICE_X52Y15         FDCE                                         r  system_i/mdm_1/U0/MDM_Core_I1/JTAG_CONTROL_I/Use_Serial_Unified_Completion.mb_instr_overrun_reg/C
                         clock pessimism              0.361    36.834    
                         clock uncertainty           -0.035    36.798    
    SLICE_X52Y15         FDCE (Setup_fdce_C_D)        0.081    36.879    system_i/mdm_1/U0/MDM_Core_I1/JTAG_CONTROL_I/Use_Serial_Unified_Completion.mb_instr_overrun_reg
  -------------------------------------------------------------------
                         required time                         36.879    
                         arrival time                         -22.574    
  -------------------------------------------------------------------
                         slack                                 14.305    

Slack (MET) :             14.515ns  (required time - arrival time)
  Source:                 system_i/mdm_1/U0/MDM_Core_I1/JTAG_CONTROL_I/Use_BSCAN.SYNC_FDRE/Using_FPGA.Native/C
                            (falling edge-triggered cell FDRE clocked by system_i/mdm_1/U0/Use_E2.BSCAN_I/Use_E2.BSCANE2_I/DRCK  {rise@0.000ns fall@16.667ns period=33.333ns})
  Destination:            system_i/microblaze_0/U0/MicroBlaze_Core_I/Performance.Core/Use_Debug_Logic.Master_Core.Debug_Perf/Serial_Dbg_Intf.shift_count_reg[6]/D
                            (rising edge-triggered cell FDCE clocked by system_i/mdm_1/U0/Use_E2.BSCAN_I/Use_E2.BSCANE2_I/DRCK  {rise@0.000ns fall@16.667ns period=33.333ns})
  Path Group:             system_i/mdm_1/U0/Use_E2.BSCAN_I/Use_E2.BSCANE2_I/DRCK
  Path Type:              Setup (Max at Slow Process Corner)
  Requirement:            16.667ns  (system_i/mdm_1/U0/Use_E2.BSCAN_I/Use_E2.BSCANE2_I/DRCK rise@33.333ns - system_i/mdm_1/U0/Use_E2.BSCAN_I/Use_E2.BSCANE2_I/DRCK fall@16.667ns)
  Data Path Delay:        2.111ns  (logic 0.772ns (36.567%)  route 1.339ns (63.433%))
  Logic Levels:           2  (LUT3=1 LUT6=1)
  Clock Path Skew:        -0.036ns (DCD - SCD + CPR)
    Destination Clock Delay (DCD):    3.141ns = ( 36.474 - 33.333 ) 
    Source Clock Delay      (SCD):    3.524ns = ( 20.190 - 16.667 ) 
    Clock Pessimism Removal (CPR):    0.347ns
  Clock Uncertainty:      0.035ns  ((TSJ^2 + TIJ^2)^1/2 + DJ) / 2 + PE
    Total System Jitter     (TSJ):    0.071ns
    Total Input Jitter      (TIJ):    0.000ns
    Discrete Jitter          (DJ):    0.000ns
    Phase Error              (PE):    0.000ns

    Location             Delay type                Incr(ns)  Path(ns)    Netlist Resource(s)
  -------------------------------------------------------------------    -------------------
                         (clock system_i/mdm_1/U0/Use_E2.BSCAN_I/Use_E2.BSCANE2_I/DRCK fall edge)
                                                     16.667    16.667 f  
    BSCAN_X0Y1           BSCANE2                      0.000    16.667 f  system_i/mdm_1/U0/Use_E2.BSCAN_I/Use_E2.BSCANE2_I/DRCK
                         net (fo=1, routed)           1.864    18.531    system_i/mdm_1/U0/No_Dbg_Reg_Access.BUFG_DRCK/DRCK
    BUFGCTRL_X0Y1        BUFG (Prop_bufg_I_O)         0.096    18.627 f  system_i/mdm_1/U0/No_Dbg_Reg_Access.BUFG_DRCK/Using_FPGA.Native/O
                         net (fo=232, routed)         1.563    20.190    system_i/mdm_1/U0/MDM_Core_I1/JTAG_CONTROL_I/Use_BSCAN.SYNC_FDRE/Using_FPGA.Native_0
    SLICE_X50Y16         FDRE                                         r  system_i/mdm_1/U0/MDM_Core_I1/JTAG_CONTROL_I/Use_BSCAN.SYNC_FDRE/Using_FPGA.Native/C  (IS_INVERTED)
  -------------------------------------------------------------------    -------------------
    SLICE_X50Y16         FDRE (Prop_fdre_C_Q)         0.524    20.714 r  system_i/mdm_1/U0/MDM_Core_I1/JTAG_CONTROL_I/Use_BSCAN.SYNC_FDRE/Using_FPGA.Native/Q
                         net (fo=4, routed)           0.513    21.227    system_i/mdm_1/U0/MDM_Core_I1/JTAG_CONTROL_I/Use_BSCAN.SYNC_FDRE/sync
    SLICE_X50Y15         LUT6 (Prop_lut6_I0_O)        0.124    21.351 r  system_i/mdm_1/U0/MDM_Core_I1/JTAG_CONTROL_I/Use_BSCAN.SYNC_FDRE/Dbg_Shift_31_INST_0/O
                         net (fo=8, routed)           0.826    22.177    system_i/microblaze_0/U0/MicroBlaze_Core_I/Performance.Core/Use_Debug_Logic.Master_Core.Debug_Perf/Dbg_Shift
    SLICE_X48Y12         LUT3 (Prop_lut3_I0_O)        0.124    22.301 r  system_i/microblaze_0/U0/MicroBlaze_Core_I/Performance.Core/Use_Debug_Logic.Master_Core.Debug_Perf/Serial_Dbg_Intf.shift_count[6]_i_1/O
                         net (fo=1, routed)           0.000    22.301    system_i/microblaze_0/U0/MicroBlaze_Core_I/Performance.Core/Use_Debug_Logic.Master_Core.Debug_Perf/Serial_Dbg_Intf.shift_count[6]_i_1_n_0
    SLICE_X48Y12         FDCE                                         r  system_i/microblaze_0/U0/MicroBlaze_Core_I/Performance.Core/Use_Debug_Logic.Master_Core.Debug_Perf/Serial_Dbg_Intf.shift_count_reg[6]/D
  -------------------------------------------------------------------    -------------------

                         (clock system_i/mdm_1/U0/Use_E2.BSCAN_I/Use_E2.BSCANE2_I/DRCK rise edge)
                                                     33.333    33.333 r  
    BSCAN_X0Y1           BSCANE2                      0.000    33.333 r  system_i/mdm_1/U0/Use_E2.BSCAN_I/Use_E2.BSCANE2_I/DRCK
                         net (fo=1, routed)           1.602    34.935    system_i/mdm_1/U0/No_Dbg_Reg_Access.BUFG_DRCK/DRCK
    BUFGCTRL_X0Y1        BUFG (Prop_bufg_I_O)         0.091    35.026 r  system_i/mdm_1/U0/No_Dbg_Reg_Access.BUFG_DRCK/Using_FPGA.Native/O
                         net (fo=232, routed)         1.447    36.474    system_i/microblaze_0/U0/MicroBlaze_Core_I/Performance.Core/Use_Debug_Logic.Master_Core.Debug_Perf/Dbg_Clk
    SLICE_X48Y12         FDCE                                         r  system_i/microblaze_0/U0/MicroBlaze_Core_I/Performance.Core/Use_Debug_Logic.Master_Core.Debug_Perf/Serial_Dbg_Intf.shift_count_reg[6]/C
                         clock pessimism              0.347    36.821    
                         clock uncertainty           -0.035    36.785    
    SLICE_X48Y12         FDCE (Setup_fdce_C_D)        0.031    36.816    system_i/microblaze_0/U0/MicroBlaze_Core_I/Performance.Core/Use_Debug_Logic.Master_Core.Debug_Perf/Serial_Dbg_Intf.shift_count_reg[6]
  -------------------------------------------------------------------
                         required time                         36.816    
                         arrival time                         -22.301    
  -------------------------------------------------------------------
                         slack                                 14.515    

Slack (MET) :             14.530ns  (required time - arrival time)
  Source:                 system_i/mdm_1/U0/MDM_Core_I1/JTAG_CONTROL_I/Use_BSCAN.SYNC_FDRE/Using_FPGA.Native/C
                            (falling edge-triggered cell FDRE clocked by system_i/mdm_1/U0/Use_E2.BSCAN_I/Use_E2.BSCANE2_I/DRCK  {rise@0.000ns fall@16.667ns period=33.333ns})
  Destination:            system_i/microblaze_0/U0/MicroBlaze_Core_I/Performance.Core/Use_Debug_Logic.Master_Core.Debug_Perf/Serial_Dbg_Intf.shift_count_reg[7]/D
                            (rising edge-triggered cell FDCE clocked by system_i/mdm_1/U0/Use_E2.BSCAN_I/Use_E2.BSCANE2_I/DRCK  {rise@0.000ns fall@16.667ns period=33.333ns})
  Path Group:             system_i/mdm_1/U0/Use_E2.BSCAN_I/Use_E2.BSCANE2_I/DRCK
  Path Type:              Setup (Max at Slow Process Corner)
  Requirement:            16.667ns  (system_i/mdm_1/U0/Use_E2.BSCAN_I/Use_E2.BSCANE2_I/DRCK rise@33.333ns - system_i/mdm_1/U0/Use_E2.BSCAN_I/Use_E2.BSCANE2_I/DRCK fall@16.667ns)
  Data Path Delay:        2.140ns  (logic 0.801ns (37.427%)  route 1.339ns (62.573%))
  Logic Levels:           2  (LUT4=1 LUT6=1)
  Clock Path Skew:        -0.036ns (DCD - SCD + CPR)
    Destination Clock Delay (DCD):    3.141ns = ( 36.474 - 33.333 ) 
    Source Clock Delay      (SCD):    3.524ns = ( 20.190 - 16.667 ) 
    Clock Pessimism Removal (CPR):    0.347ns
  Clock Uncertainty:      0.035ns  ((TSJ^2 + TIJ^2)^1/2 + DJ) / 2 + PE
    Total System Jitter     (TSJ):    0.071ns
    Total Input Jitter      (TIJ):    0.000ns
    Discrete Jitter          (DJ):    0.000ns
    Phase Error              (PE):    0.000ns

    Location             Delay type                Incr(ns)  Path(ns)    Netlist Resource(s)
  -------------------------------------------------------------------    -------------------
                         (clock system_i/mdm_1/U0/Use_E2.BSCAN_I/Use_E2.BSCANE2_I/DRCK fall edge)
                                                     16.667    16.667 f  
    BSCAN_X0Y1           BSCANE2                      0.000    16.667 f  system_i/mdm_1/U0/Use_E2.BSCAN_I/Use_E2.BSCANE2_I/DRCK
                         net (fo=1, routed)           1.864    18.531    system_i/mdm_1/U0/No_Dbg_Reg_Access.BUFG_DRCK/DRCK
    BUFGCTRL_X0Y1        BUFG (Prop_bufg_I_O)         0.096    18.627 f  system_i/mdm_1/U0/No_Dbg_Reg_Access.BUFG_DRCK/Using_FPGA.Native/O
                         net (fo=232, routed)         1.563    20.190    system_i/mdm_1/U0/MDM_Core_I1/JTAG_CONTROL_I/Use_BSCAN.SYNC_FDRE/Using_FPGA.Native_0
    SLICE_X50Y16         FDRE                                         r  system_i/mdm_1/U0/MDM_Core_I1/JTAG_CONTROL_I/Use_BSCAN.SYNC_FDRE/Using_FPGA.Native/C  (IS_INVERTED)
  -------------------------------------------------------------------    -------------------
    SLICE_X50Y16         FDRE (Prop_fdre_C_Q)         0.524    20.714 r  system_i/mdm_1/U0/MDM_Core_I1/JTAG_CONTROL_I/Use_BSCAN.SYNC_FDRE/Using_FPGA.Native/Q
                         net (fo=4, routed)           0.513    21.227    system_i/mdm_1/U0/MDM_Core_I1/JTAG_CONTROL_I/Use_BSCAN.SYNC_FDRE/sync
    SLICE_X50Y15         LUT6 (Prop_lut6_I0_O)        0.124    21.351 r  system_i/mdm_1/U0/MDM_Core_I1/JTAG_CONTROL_I/Use_BSCAN.SYNC_FDRE/Dbg_Shift_31_INST_0/O
                         net (fo=8, routed)           0.826    22.177    system_i/microblaze_0/U0/MicroBlaze_Core_I/Performance.Core/Use_Debug_Logic.Master_Core.Debug_Perf/Dbg_Shift
    SLICE_X48Y12         LUT4 (Prop_lut4_I0_O)        0.153    22.330 r  system_i/microblaze_0/U0/MicroBlaze_Core_I/Performance.Core/Use_Debug_Logic.Master_Core.Debug_Perf/Serial_Dbg_Intf.shift_count[7]_i_1/O
                         net (fo=1, routed)           0.000    22.330    system_i/microblaze_0/U0/MicroBlaze_Core_I/Performance.Core/Use_Debug_Logic.Master_Core.Debug_Perf/Serial_Dbg_Intf.shift_count[7]_i_1_n_0
    SLICE_X48Y12         FDCE                                         r  system_i/microblaze_0/U0/MicroBlaze_Core_I/Performance.Core/Use_Debug_Logic.Master_Core.Debug_Perf/Serial_Dbg_Intf.shift_count_reg[7]/D
  -------------------------------------------------------------------    -------------------

                         (clock system_i/mdm_1/U0/Use_E2.BSCAN_I/Use_E2.BSCANE2_I/DRCK rise edge)
                                                     33.333    33.333 r  
    BSCAN_X0Y1           BSCANE2                      0.000    33.333 r  system_i/mdm_1/U0/Use_E2.BSCAN_I/Use_E2.BSCANE2_I/DRCK
                         net (fo=1, routed)           1.602    34.935    system_i/mdm_1/U0/No_Dbg_Reg_Access.BUFG_DRCK/DRCK
    BUFGCTRL_X0Y1        BUFG (Prop_bufg_I_O)         0.091    35.026 r  system_i/mdm_1/U0/No_Dbg_Reg_Access.BUFG_DRCK/Using_FPGA.Native/O
                         net (fo=232, routed)         1.447    36.474    system_i/microblaze_0/U0/MicroBlaze_Core_I/Performance.Core/Use_Debug_Logic.Master_Core.Debug_Perf/Dbg_Clk
    SLICE_X48Y12         FDCE                                         r  system_i/microblaze_0/U0/MicroBlaze_Core_I/Performance.Core/Use_Debug_Logic.Master_Core.Debug_Perf/Serial_Dbg_Intf.shift_count_reg[7]/C
                         clock pessimism              0.347    36.821    
                         clock uncertainty           -0.035    36.785    
    SLICE_X48Y12         FDCE (Setup_fdce_C_D)        0.075    36.860    system_i/microblaze_0/U0/MicroBlaze_Core_I/Performance.Core/Use_Debug_Logic.Master_Core.Debug_Perf/Serial_Dbg_Intf.shift_count_reg[7]
  -------------------------------------------------------------------
                         required time                         36.860    
                         arrival time                         -22.330    
  -------------------------------------------------------------------
                         slack                                 14.530    

Slack (MET) :             14.566ns  (required time - arrival time)
  Source:                 system_i/mdm_1/U0/MDM_Core_I1/JTAG_CONTROL_I/Use_BSCAN.SYNC_FDRE/Using_FPGA.Native/C
                            (falling edge-triggered cell FDRE clocked by system_i/mdm_1/U0/Use_E2.BSCAN_I/Use_E2.BSCANE2_I/DRCK  {rise@0.000ns fall@16.667ns period=33.333ns})
  Destination:            system_i/microblaze_0/U0/MicroBlaze_Core_I/Performance.Core/Use_Debug_Logic.Master_Core.Debug_Perf/Serial_Dbg_Intf.shift_count_reg[1]/D
                            (rising edge-triggered cell FDCE clocked by system_i/mdm_1/U0/Use_E2.BSCAN_I/Use_E2.BSCANE2_I/DRCK  {rise@0.000ns fall@16.667ns period=33.333ns})
  Path Group:             system_i/mdm_1/U0/Use_E2.BSCAN_I/Use_E2.BSCANE2_I/DRCK
  Path Type:              Setup (Max at Slow Process Corner)
  Requirement:            16.667ns  (system_i/mdm_1/U0/Use_E2.BSCAN_I/Use_E2.BSCANE2_I/DRCK rise@33.333ns - system_i/mdm_1/U0/Use_E2.BSCAN_I/Use_E2.BSCANE2_I/DRCK fall@16.667ns)
  Data Path Delay:        2.136ns  (logic 0.798ns (37.368%)  route 1.338ns (62.632%))
  Logic Levels:           2  (LUT3=1 LUT6=1)
  Clock Path Skew:        -0.022ns (DCD - SCD + CPR)
    Destination Clock Delay (DCD):    3.141ns = ( 36.474 - 33.333 ) 
    Source Clock Delay      (SCD):    3.524ns = ( 20.190 - 16.667 ) 
    Clock Pessimism Removal (CPR):    0.361ns
  Clock Uncertainty:      0.035ns  ((TSJ^2 + TIJ^2)^1/2 + DJ) / 2 + PE
    Total System Jitter     (TSJ):    0.071ns
    Total Input Jitter      (TIJ):    0.000ns
    Discrete Jitter          (DJ):    0.000ns
    Phase Error              (PE):    0.000ns

    Location             Delay type                Incr(ns)  Path(ns)    Netlist Resource(s)
  -------------------------------------------------------------------    -------------------
                         (clock system_i/mdm_1/U0/Use_E2.BSCAN_I/Use_E2.BSCANE2_I/DRCK fall edge)
                                                     16.667    16.667 f  
    BSCAN_X0Y1           BSCANE2                      0.000    16.667 f  system_i/mdm_1/U0/Use_E2.BSCAN_I/Use_E2.BSCANE2_I/DRCK
                         net (fo=1, routed)           1.864    18.531    system_i/mdm_1/U0/No_Dbg_Reg_Access.BUFG_DRCK/DRCK
    BUFGCTRL_X0Y1        BUFG (Prop_bufg_I_O)         0.096    18.627 f  system_i/mdm_1/U0/No_Dbg_Reg_Access.BUFG_DRCK/Using_FPGA.Native/O
                         net (fo=232, routed)         1.563    20.190    system_i/mdm_1/U0/MDM_Core_I1/JTAG_CONTROL_I/Use_BSCAN.SYNC_FDRE/Using_FPGA.Native_0
    SLICE_X50Y16         FDRE                                         r  system_i/mdm_1/U0/MDM_Core_I1/JTAG_CONTROL_I/Use_BSCAN.SYNC_FDRE/Using_FPGA.Native/C  (IS_INVERTED)
  -------------------------------------------------------------------    -------------------
    SLICE_X50Y16         FDRE (Prop_fdre_C_Q)         0.524    20.714 r  system_i/mdm_1/U0/MDM_Core_I1/JTAG_CONTROL_I/Use_BSCAN.SYNC_FDRE/Using_FPGA.Native/Q
                         net (fo=4, routed)           0.513    21.227    system_i/mdm_1/U0/MDM_Core_I1/JTAG_CONTROL_I/Use_BSCAN.SYNC_FDRE/sync
    SLICE_X50Y15         LUT6 (Prop_lut6_I0_O)        0.124    21.351 r  system_i/mdm_1/U0/MDM_Core_I1/JTAG_CONTROL_I/Use_BSCAN.SYNC_FDRE/Dbg_Shift_31_INST_0/O
                         net (fo=8, routed)           0.825    22.176    system_i/microblaze_0/U0/MicroBlaze_Core_I/Performance.Core/Use_Debug_Logic.Master_Core.Debug_Perf/Dbg_Shift
    SLICE_X50Y13         LUT3 (Prop_lut3_I0_O)        0.150    22.326 r  system_i/microblaze_0/U0/MicroBlaze_Core_I/Performance.Core/Use_Debug_Logic.Master_Core.Debug_Perf/Serial_Dbg_Intf.shift_count[1]_i_1/O
                         net (fo=1, routed)           0.000    22.326    system_i/microblaze_0/U0/MicroBlaze_Core_I/Performance.Core/Use_Debug_Logic.Master_Core.Debug_Perf/Serial_Dbg_Intf.shift_count[1]_i_1_n_0
    SLICE_X50Y13         FDCE                                         r  system_i/microblaze_0/U0/MicroBlaze_Core_I/Performance.Core/Use_Debug_Logic.Master_Core.Debug_Perf/Serial_Dbg_Intf.shift_count_reg[1]/D
  -------------------------------------------------------------------    -------------------

                         (clock system_i/mdm_1/U0/Use_E2.BSCAN_I/Use_E2.BSCANE2_I/DRCK rise edge)
                                                     33.333    33.333 r  
    BSCAN_X0Y1           BSCANE2                      0.000    33.333 r  system_i/mdm_1/U0/Use_E2.BSCAN_I/Use_E2.BSCANE2_I/DRCK
                         net (fo=1, routed)           1.602    34.935    system_i/mdm_1/U0/No_Dbg_Reg_Access.BUFG_DRCK/DRCK
    BUFGCTRL_X0Y1        BUFG (Prop_bufg_I_O)         0.091    35.026 r  system_i/mdm_1/U0/No_Dbg_Reg_Access.BUFG_DRCK/Using_FPGA.Native/O
                         net (fo=232, routed)         1.447    36.474    system_i/microblaze_0/U0/MicroBlaze_Core_I/Performance.Core/Use_Debug_Logic.Master_Core.Debug_Perf/Dbg_Clk
    SLICE_X50Y13         FDCE                                         r  system_i/microblaze_0/U0/MicroBlaze_Core_I/Performance.Core/Use_Debug_Logic.Master_Core.Debug_Perf/Serial_Dbg_Intf.shift_count_reg[1]/C
                         clock pessimism              0.361    36.835    
                         clock uncertainty           -0.035    36.799    
    SLICE_X50Y13         FDCE (Setup_fdce_C_D)        0.092    36.891    system_i/microblaze_0/U0/MicroBlaze_Core_I/Performance.Core/Use_Debug_Logic.Master_Core.Debug_Perf/Serial_Dbg_Intf.shift_count_reg[1]
  -------------------------------------------------------------------
                         required time                         36.891    
                         arrival time                         -22.326    
  -------------------------------------------------------------------
                         slack                                 14.566    

Slack (MET) :             14.584ns  (required time - arrival time)
  Source:                 system_i/mdm_1/U0/MDM_Core_I1/JTAG_CONTROL_I/Use_BSCAN.SYNC_FDRE/Using_FPGA.Native/C
                            (falling edge-triggered cell FDRE clocked by system_i/mdm_1/U0/Use_E2.BSCAN_I/Use_E2.BSCANE2_I/DRCK  {rise@0.000ns fall@16.667ns period=33.333ns})
  Destination:            system_i/microblaze_0/U0/MicroBlaze_Core_I/Performance.Core/Use_Debug_Logic.Master_Core.Debug_Perf/Serial_Dbg_Intf.shift_count_reg[0]/D
                            (rising edge-triggered cell FDCE clocked by system_i/mdm_1/U0/Use_E2.BSCAN_I/Use_E2.BSCANE2_I/DRCK  {rise@0.000ns fall@16.667ns period=33.333ns})
  Path Group:             system_i/mdm_1/U0/Use_E2.BSCAN_I/Use_E2.BSCANE2_I/DRCK
  Path Type:              Setup (Max at Slow Process Corner)
  Requirement:            16.667ns  (system_i/mdm_1/U0/Use_E2.BSCAN_I/Use_E2.BSCANE2_I/DRCK rise@33.333ns - system_i/mdm_1/U0/Use_E2.BSCAN_I/Use_E2.BSCANE2_I/DRCK fall@16.667ns)
  Data Path Delay:        2.107ns  (logic 0.772ns (36.648%)  route 1.335ns (63.352%))
  Logic Levels:           2  (LUT2=1 LUT6=1)
  Clock Path Skew:        -0.022ns (DCD - SCD + CPR)
    Destination Clock Delay (DCD):    3.141ns = ( 36.474 - 33.333 ) 
    Source Clock Delay      (SCD):    3.524ns = ( 20.190 - 16.667 ) 
    Clock Pessimism Removal (CPR):    0.361ns
  Clock Uncertainty:      0.035ns  ((TSJ^2 + TIJ^2)^1/2 + DJ) / 2 + PE
    Total System Jitter     (TSJ):    0.071ns
    Total Input Jitter      (TIJ):    0.000ns
    Discrete Jitter          (DJ):    0.000ns
    Phase Error              (PE):    0.000ns

    Location             Delay type                Incr(ns)  Path(ns)    Netlist Resource(s)
  -------------------------------------------------------------------    -------------------
                         (clock system_i/mdm_1/U0/Use_E2.BSCAN_I/Use_E2.BSCANE2_I/DRCK fall edge)
                                                     16.667    16.667 f  
    BSCAN_X0Y1           BSCANE2                      0.000    16.667 f  system_i/mdm_1/U0/Use_E2.BSCAN_I/Use_E2.BSCANE2_I/DRCK
                         net (fo=1, routed)           1.864    18.531    system_i/mdm_1/U0/No_Dbg_Reg_Access.BUFG_DRCK/DRCK
    BUFGCTRL_X0Y1        BUFG (Prop_bufg_I_O)         0.096    18.627 f  system_i/mdm_1/U0/No_Dbg_Reg_Access.BUFG_DRCK/Using_FPGA.Native/O
                         net (fo=232, routed)         1.563    20.190    system_i/mdm_1/U0/MDM_Core_I1/JTAG_CONTROL_I/Use_BSCAN.SYNC_FDRE/Using_FPGA.Native_0
    SLICE_X50Y16         FDRE                                         r  system_i/mdm_1/U0/MDM_Core_I1/JTAG_CONTROL_I/Use_BSCAN.SYNC_FDRE/Using_FPGA.Native/C  (IS_INVERTED)
  -------------------------------------------------------------------    -------------------
    SLICE_X50Y16         FDRE (Prop_fdre_C_Q)         0.524    20.714 r  system_i/mdm_1/U0/MDM_Core_I1/JTAG_CONTROL_I/Use_BSCAN.SYNC_FDRE/Using_FPGA.Native/Q
                         net (fo=4, routed)           0.513    21.227    system_i/mdm_1/U0/MDM_Core_I1/JTAG_CONTROL_I/Use_BSCAN.SYNC_FDRE/sync
    SLICE_X50Y15         LUT6 (Prop_lut6_I0_O)        0.124    21.351 r  system_i/mdm_1/U0/MDM_Core_I1/JTAG_CONTROL_I/Use_BSCAN.SYNC_FDRE/Dbg_Shift_31_INST_0/O
                         net (fo=8, routed)           0.822    22.173    system_i/microblaze_0/U0/MicroBlaze_Core_I/Performance.Core/Use_Debug_Logic.Master_Core.Debug_Perf/Dbg_Shift
    SLICE_X50Y13         LUT2 (Prop_lut2_I0_O)        0.124    22.297 r  system_i/microblaze_0/U0/MicroBlaze_Core_I/Performance.Core/Use_Debug_Logic.Master_Core.Debug_Perf/Serial_Dbg_Intf.shift_count[0]_i_1/O
                         net (fo=1, routed)           0.000    22.297    system_i/microblaze_0/U0/MicroBlaze_Core_I/Performance.Core/Use_Debug_Logic.Master_Core.Debug_Perf/Serial_Dbg_Intf.shift_count[0]_i_1_n_0
    SLICE_X50Y13         FDCE                                         r  system_i/microblaze_0/U0/MicroBlaze_Core_I/Performance.Core/Use_Debug_Logic.Master_Core.Debug_Perf/Serial_Dbg_Intf.shift_count_reg[0]/D
  -------------------------------------------------------------------    -------------------

                         (clock system_i/mdm_1/U0/Use_E2.BSCAN_I/Use_E2.BSCANE2_I/DRCK rise edge)
                                                     33.333    33.333 r  
    BSCAN_X0Y1           BSCANE2                      0.000    33.333 r  system_i/mdm_1/U0/Use_E2.BSCAN_I/Use_E2.BSCANE2_I/DRCK
                         net (fo=1, routed)           1.602    34.935    system_i/mdm_1/U0/No_Dbg_Reg_Access.BUFG_DRCK/DRCK
    BUFGCTRL_X0Y1        BUFG (Prop_bufg_I_O)         0.091    35.026 r  system_i/mdm_1/U0/No_Dbg_Reg_Access.BUFG_DRCK/Using_FPGA.Native/O
                         net (fo=232, routed)         1.447    36.474    system_i/microblaze_0/U0/MicroBlaze_Core_I/Performance.Core/Use_Debug_Logic.Master_Core.Debug_Perf/Dbg_Clk
    SLICE_X50Y13         FDCE                                         r  system_i/microblaze_0/U0/MicroBlaze_Core_I/Performance.Core/Use_Debug_Logic.Master_Core.Debug_Perf/Serial_Dbg_Intf.shift_count_reg[0]/C
                         clock pessimism              0.361    36.835    
                         clock uncertainty           -0.035    36.799    
    SLICE_X50Y13         FDCE (Setup_fdce_C_D)        0.081    36.880    system_i/microblaze_0/U0/MicroBlaze_Core_I/Performance.Core/Use_Debug_Logic.Master_Core.Debug_Perf/Serial_Dbg_Intf.shift_count_reg[0]
  -------------------------------------------------------------------
                         required time                         36.880    
                         arrival time                         -22.297    
  -------------------------------------------------------------------
                         slack                                 14.584    

Slack (MET) :             14.595ns  (required time - arrival time)
  Source:                 system_i/mdm_1/U0/MDM_Core_I1/JTAG_CONTROL_I/Use_BSCAN.SYNC_FDRE/Using_FPGA.Native/C
                            (falling edge-triggered cell FDRE clocked by system_i/mdm_1/U0/Use_E2.BSCAN_I/Use_E2.BSCANE2_I/DRCK  {rise@0.000ns fall@16.667ns period=33.333ns})
  Destination:            system_i/microblaze_0/U0/MicroBlaze_Core_I/Performance.Core/Use_Debug_Logic.Master_Core.Debug_Perf/Serial_Dbg_Intf.shift_count_reg[5]/D
                            (rising edge-triggered cell FDCE clocked by system_i/mdm_1/U0/Use_E2.BSCAN_I/Use_E2.BSCANE2_I/DRCK  {rise@0.000ns fall@16.667ns period=33.333ns})
  Path Group:             system_i/mdm_1/U0/Use_E2.BSCAN_I/Use_E2.BSCANE2_I/DRCK
  Path Type:              Setup (Max at Slow Process Corner)
  Requirement:            16.667ns  (system_i/mdm_1/U0/Use_E2.BSCAN_I/Use_E2.BSCANE2_I/DRCK rise@33.333ns - system_i/mdm_1/U0/Use_E2.BSCAN_I/Use_E2.BSCANE2_I/DRCK fall@16.667ns)
  Data Path Delay:        2.133ns  (logic 0.798ns (37.421%)  route 1.335ns (62.579%))
  Logic Levels:           2  (LUT3=1 LUT6=1)
  Clock Path Skew:        -0.022ns (DCD - SCD + CPR)
    Destination Clock Delay (DCD):    3.141ns = ( 36.474 - 33.333 ) 
    Source Clock Delay      (SCD):    3.524ns = ( 20.190 - 16.667 ) 
    Clock Pessimism Removal (CPR):    0.361ns
  Clock Uncertainty:      0.035ns  ((TSJ^2 + TIJ^2)^1/2 + DJ) / 2 + PE
    Total System Jitter     (TSJ):    0.071ns
    Total Input Jitter      (TIJ):    0.000ns
    Discrete Jitter          (DJ):    0.000ns
    Phase Error              (PE):    0.000ns

    Location             Delay type                Incr(ns)  Path(ns)    Netlist Resource(s)
  -------------------------------------------------------------------    -------------------
                         (clock system_i/mdm_1/U0/Use_E2.BSCAN_I/Use_E2.BSCANE2_I/DRCK fall edge)
                                                     16.667    16.667 f  
    BSCAN_X0Y1           BSCANE2                      0.000    16.667 f  system_i/mdm_1/U0/Use_E2.BSCAN_I/Use_E2.BSCANE2_I/DRCK
                         net (fo=1, routed)           1.864    18.531    system_i/mdm_1/U0/No_Dbg_Reg_Access.BUFG_DRCK/DRCK
    BUFGCTRL_X0Y1        BUFG (Prop_bufg_I_O)         0.096    18.627 f  system_i/mdm_1/U0/No_Dbg_Reg_Access.BUFG_DRCK/Using_FPGA.Native/O
                         net (fo=232, routed)         1.563    20.190    system_i/mdm_1/U0/MDM_Core_I1/JTAG_CONTROL_I/Use_BSCAN.SYNC_FDRE/Using_FPGA.Native_0
    SLICE_X50Y16         FDRE                                         r  system_i/mdm_1/U0/MDM_Core_I1/JTAG_CONTROL_I/Use_BSCAN.SYNC_FDRE/Using_FPGA.Native/C  (IS_INVERTED)
  -------------------------------------------------------------------    -------------------
    SLICE_X50Y16         FDRE (Prop_fdre_C_Q)         0.524    20.714 r  system_i/mdm_1/U0/MDM_Core_I1/JTAG_CONTROL_I/Use_BSCAN.SYNC_FDRE/Using_FPGA.Native/Q
                         net (fo=4, routed)           0.513    21.227    system_i/mdm_1/U0/MDM_Core_I1/JTAG_CONTROL_I/Use_BSCAN.SYNC_FDRE/sync
    SLICE_X50Y15         LUT6 (Prop_lut6_I0_O)        0.124    21.351 r  system_i/mdm_1/U0/MDM_Core_I1/JTAG_CONTROL_I/Use_BSCAN.SYNC_FDRE/Dbg_Shift_31_INST_0/O
                         net (fo=8, routed)           0.822    22.173    system_i/microblaze_0/U0/MicroBlaze_Core_I/Performance.Core/Use_Debug_Logic.Master_Core.Debug_Perf/Dbg_Shift
    SLICE_X50Y13         LUT3 (Prop_lut3_I0_O)        0.150    22.323 r  system_i/microblaze_0/U0/MicroBlaze_Core_I/Performance.Core/Use_Debug_Logic.Master_Core.Debug_Perf/Serial_Dbg_Intf.shift_count[5]_i_1/O
                         net (fo=1, routed)           0.000    22.323    system_i/microblaze_0/U0/MicroBlaze_Core_I/Performance.Core/Use_Debug_Logic.Master_Core.Debug_Perf/Serial_Dbg_Intf.shift_count[5]_i_1_n_0
    SLICE_X50Y13         FDCE                                         r  system_i/microblaze_0/U0/MicroBlaze_Core_I/Performance.Core/Use_Debug_Logic.Master_Core.Debug_Perf/Serial_Dbg_Intf.shift_count_reg[5]/D
  -------------------------------------------------------------------    -------------------

                         (clock system_i/mdm_1/U0/Use_E2.BSCAN_I/Use_E2.BSCANE2_I/DRCK rise edge)
                                                     33.333    33.333 r  
    BSCAN_X0Y1           BSCANE2                      0.000    33.333 r  system_i/mdm_1/U0/Use_E2.BSCAN_I/Use_E2.BSCANE2_I/DRCK
                         net (fo=1, routed)           1.602    34.935    system_i/mdm_1/U0/No_Dbg_Reg_Access.BUFG_DRCK/DRCK
    BUFGCTRL_X0Y1        BUFG (Prop_bufg_I_O)         0.091    35.026 r  system_i/mdm_1/U0/No_Dbg_Reg_Access.BUFG_DRCK/Using_FPGA.Native/O
                         net (fo=232, routed)         1.447    36.474    system_i/microblaze_0/U0/MicroBlaze_Core_I/Performance.Core/Use_Debug_Logic.Master_Core.Debug_Perf/Dbg_Clk
    SLICE_X50Y13         FDCE                                         r  system_i/microblaze_0/U0/MicroBlaze_Core_I/Performance.Core/Use_Debug_Logic.Master_Core.Debug_Perf/Serial_Dbg_Intf.shift_count_reg[5]/C
                         clock pessimism              0.361    36.835    
                         clock uncertainty           -0.035    36.799    
    SLICE_X50Y13         FDCE (Setup_fdce_C_D)        0.118    36.917    system_i/microblaze_0/U0/MicroBlaze_Core_I/Performance.Core/Use_Debug_Logic.Master_Core.Debug_Perf/Serial_Dbg_Intf.shift_count_reg[5]
  -------------------------------------------------------------------
                         required time                         36.917    
                         arrival time                         -22.323    
  -------------------------------------------------------------------
                         slack                                 14.595    

Slack (MET) :             14.726ns  (required time - arrival time)
  Source:                 system_i/mdm_1/U0/MDM_Core_I1/JTAG_CONTROL_I/Use_BSCAN.SYNC_FDRE/Using_FPGA.Native/C
                            (falling edge-triggered cell FDRE clocked by system_i/mdm_1/U0/Use_E2.BSCAN_I/Use_E2.BSCANE2_I/DRCK  {rise@0.000ns fall@16.667ns period=33.333ns})
  Destination:            system_i/microblaze_0/U0/MicroBlaze_Core_I/Performance.Core/Use_Debug_Logic.Master_Core.Debug_Perf/Serial_Dbg_Intf.shift_count_reg[2]/D
                            (rising edge-triggered cell FDCE clocked by system_i/mdm_1/U0/Use_E2.BSCAN_I/Use_E2.BSCANE2_I/DRCK  {rise@0.000ns fall@16.667ns period=33.333ns})
  Path Group:             system_i/mdm_1/U0/Use_E2.BSCAN_I/Use_E2.BSCANE2_I/DRCK
  Path Type:              Setup (Max at Slow Process Corner)
  Requirement:            16.667ns  (system_i/mdm_1/U0/Use_E2.BSCAN_I/Use_E2.BSCANE2_I/DRCK rise@33.333ns - system_i/mdm_1/U0/Use_E2.BSCAN_I/Use_E2.BSCANE2_I/DRCK fall@16.667ns)
  Data Path Delay:        1.962ns  (logic 0.772ns (39.346%)  route 1.190ns (60.654%))
  Logic Levels:           2  (LUT4=1 LUT6=1)
  Clock Path Skew:        -0.022ns (DCD - SCD + CPR)
    Destination Clock Delay (DCD):    3.141ns = ( 36.474 - 33.333 ) 
    Source Clock Delay      (SCD):    3.524ns = ( 20.190 - 16.667 ) 
    Clock Pessimism Removal (CPR):    0.361ns
  Clock Uncertainty:      0.035ns  ((TSJ^2 + TIJ^2)^1/2 + DJ) / 2 + PE
    Total System Jitter     (TSJ):    0.071ns
    Total Input Jitter      (TIJ):    0.000ns
    Discrete Jitter          (DJ):    0.000ns
    Phase Error              (PE):    0.000ns

    Location             Delay type                Incr(ns)  Path(ns)    Netlist Resource(s)
  -------------------------------------------------------------------    -------------------
                         (clock system_i/mdm_1/U0/Use_E2.BSCAN_I/Use_E2.BSCANE2_I/DRCK fall edge)
                                                     16.667    16.667 f  
    BSCAN_X0Y1           BSCANE2                      0.000    16.667 f  system_i/mdm_1/U0/Use_E2.BSCAN_I/Use_E2.BSCANE2_I/DRCK
                         net (fo=1, routed)           1.864    18.531    system_i/mdm_1/U0/No_Dbg_Reg_Access.BUFG_DRCK/DRCK
    BUFGCTRL_X0Y1        BUFG (Prop_bufg_I_O)         0.096    18.627 f  system_i/mdm_1/U0/No_Dbg_Reg_Access.BUFG_DRCK/Using_FPGA.Native/O
                         net (fo=232, routed)         1.563    20.190    system_i/mdm_1/U0/MDM_Core_I1/JTAG_CONTROL_I/Use_BSCAN.SYNC_FDRE/Using_FPGA.Native_0
    SLICE_X50Y16         FDRE                                         r  system_i/mdm_1/U0/MDM_Core_I1/JTAG_CONTROL_I/Use_BSCAN.SYNC_FDRE/Using_FPGA.Native/C  (IS_INVERTED)
  -------------------------------------------------------------------    -------------------
    SLICE_X50Y16         FDRE (Prop_fdre_C_Q)         0.524    20.714 r  system_i/mdm_1/U0/MDM_Core_I1/JTAG_CONTROL_I/Use_BSCAN.SYNC_FDRE/Using_FPGA.Native/Q
                         net (fo=4, routed)           0.513    21.227    system_i/mdm_1/U0/MDM_Core_I1/JTAG_CONTROL_I/Use_BSCAN.SYNC_FDRE/sync
    SLICE_X50Y15         LUT6 (Prop_lut6_I0_O)        0.124    21.351 r  system_i/mdm_1/U0/MDM_Core_I1/JTAG_CONTROL_I/Use_BSCAN.SYNC_FDRE/Dbg_Shift_31_INST_0/O
                         net (fo=8, routed)           0.677    22.028    system_i/microblaze_0/U0/MicroBlaze_Core_I/Performance.Core/Use_Debug_Logic.Master_Core.Debug_Perf/Dbg_Shift
    SLICE_X50Y13         LUT4 (Prop_lut4_I0_O)        0.124    22.152 r  system_i/microblaze_0/U0/MicroBlaze_Core_I/Performance.Core/Use_Debug_Logic.Master_Core.Debug_Perf/Serial_Dbg_Intf.shift_count[2]_i_1/O
                         net (fo=1, routed)           0.000    22.152    system_i/microblaze_0/U0/MicroBlaze_Core_I/Performance.Core/Use_Debug_Logic.Master_Core.Debug_Perf/Serial_Dbg_Intf.shift_count[2]_i_1_n_0
    SLICE_X50Y13         FDCE                                         r  system_i/microblaze_0/U0/MicroBlaze_Core_I/Performance.Core/Use_Debug_Logic.Master_Core.Debug_Perf/Serial_Dbg_Intf.shift_count_reg[2]/D
  -------------------------------------------------------------------    -------------------

                         (clock system_i/mdm_1/U0/Use_E2.BSCAN_I/Use_E2.BSCANE2_I/DRCK rise edge)
                                                     33.333    33.333 r  
    BSCAN_X0Y1           BSCANE2                      0.000    33.333 r  system_i/mdm_1/U0/Use_E2.BSCAN_I/Use_E2.BSCANE2_I/DRCK
                         net (fo=1, routed)           1.602    34.935    system_i/mdm_1/U0/No_Dbg_Reg_Access.BUFG_DRCK/DRCK
    BUFGCTRL_X0Y1        BUFG (Prop_bufg_I_O)         0.091    35.026 r  system_i/mdm_1/U0/No_Dbg_Reg_Access.BUFG_DRCK/Using_FPGA.Native/O
                         net (fo=232, routed)         1.447    36.474    system_i/microblaze_0/U0/MicroBlaze_Core_I/Performance.Core/Use_Debug_Logic.Master_Core.Debug_Perf/Dbg_Clk
    SLICE_X50Y13         FDCE                                         r  system_i/microblaze_0/U0/MicroBlaze_Core_I/Performance.Core/Use_Debug_Logic.Master_Core.Debug_Perf/Serial_Dbg_Intf.shift_count_reg[2]/C
                         clock pessimism              0.361    36.835    
                         clock uncertainty           -0.035    36.799    
    SLICE_X50Y13         FDCE (Setup_fdce_C_D)        0.079    36.878    system_i/microblaze_0/U0/MicroBlaze_Core_I/Performance.Core/Use_Debug_Logic.Master_Core.Debug_Perf/Serial_Dbg_Intf.shift_count_reg[2]
  -------------------------------------------------------------------
                         required time                         36.878    
                         arrival time                         -22.152    
  -------------------------------------------------------------------
                         slack                                 14.726    

Slack (MET) :             14.736ns  (required time - arrival time)
  Source:                 system_i/mdm_1/U0/MDM_Core_I1/JTAG_CONTROL_I/Use_BSCAN.SYNC_FDRE/Using_FPGA.Native/C
                            (falling edge-triggered cell FDRE clocked by system_i/mdm_1/U0/Use_E2.BSCAN_I/Use_E2.BSCANE2_I/DRCK  {rise@0.000ns fall@16.667ns period=33.333ns})
  Destination:            system_i/microblaze_0/U0/MicroBlaze_Core_I/Performance.Core/Use_Debug_Logic.Master_Core.Debug_Perf/Serial_Dbg_Intf.shift_count_reg[3]/D
                            (rising edge-triggered cell FDCE clocked by system_i/mdm_1/U0/Use_E2.BSCAN_I/Use_E2.BSCANE2_I/DRCK  {rise@0.000ns fall@16.667ns period=33.333ns})
  Path Group:             system_i/mdm_1/U0/Use_E2.BSCAN_I/Use_E2.BSCANE2_I/DRCK
  Path Type:              Setup (Max at Slow Process Corner)
  Requirement:            16.667ns  (system_i/mdm_1/U0/Use_E2.BSCAN_I/Use_E2.BSCANE2_I/DRCK rise@33.333ns - system_i/mdm_1/U0/Use_E2.BSCAN_I/Use_E2.BSCANE2_I/DRCK fall@16.667ns)
  Data Path Delay:        1.991ns  (logic 0.801ns (40.230%)  route 1.190ns (59.770%))
  Logic Levels:           2  (LUT5=1 LUT6=1)
  Clock Path Skew:        -0.022ns (DCD - SCD + CPR)
    Destination Clock Delay (DCD):    3.141ns = ( 36.474 - 33.333 ) 
    Source Clock Delay      (SCD):    3.524ns = ( 20.190 - 16.667 ) 
    Clock Pessimism Removal (CPR):    0.361ns
  Clock Uncertainty:      0.035ns  ((TSJ^2 + TIJ^2)^1/2 + DJ) / 2 + PE
    Total System Jitter     (TSJ):    0.071ns
    Total Input Jitter      (TIJ):    0.000ns
    Discrete Jitter          (DJ):    0.000ns
    Phase Error              (PE):    0.000ns

    Location             Delay type                Incr(ns)  Path(ns)    Netlist Resource(s)
  -------------------------------------------------------------------    -------------------
                         (clock system_i/mdm_1/U0/Use_E2.BSCAN_I/Use_E2.BSCANE2_I/DRCK fall edge)
                                                     16.667    16.667 f  
    BSCAN_X0Y1           BSCANE2                      0.000    16.667 f  system_i/mdm_1/U0/Use_E2.BSCAN_I/Use_E2.BSCANE2_I/DRCK
                         net (fo=1, routed)           1.864    18.531    system_i/mdm_1/U0/No_Dbg_Reg_Access.BUFG_DRCK/DRCK
    BUFGCTRL_X0Y1        BUFG (Prop_bufg_I_O)         0.096    18.627 f  system_i/mdm_1/U0/No_Dbg_Reg_Access.BUFG_DRCK/Using_FPGA.Native/O
                         net (fo=232, routed)         1.563    20.190    system_i/mdm_1/U0/MDM_Core_I1/JTAG_CONTROL_I/Use_BSCAN.SYNC_FDRE/Using_FPGA.Native_0
    SLICE_X50Y16         FDRE                                         r  system_i/mdm_1/U0/MDM_Core_I1/JTAG_CONTROL_I/Use_BSCAN.SYNC_FDRE/Using_FPGA.Native/C  (IS_INVERTED)
  -------------------------------------------------------------------    -------------------
    SLICE_X50Y16         FDRE (Prop_fdre_C_Q)         0.524    20.714 r  system_i/mdm_1/U0/MDM_Core_I1/JTAG_CONTROL_I/Use_BSCAN.SYNC_FDRE/Using_FPGA.Native/Q
                         net (fo=4, routed)           0.513    21.227    system_i/mdm_1/U0/MDM_Core_I1/JTAG_CONTROL_I/Use_BSCAN.SYNC_FDRE/sync
    SLICE_X50Y15         LUT6 (Prop_lut6_I0_O)        0.124    21.351 r  system_i/mdm_1/U0/MDM_Core_I1/JTAG_CONTROL_I/Use_BSCAN.SYNC_FDRE/Dbg_Shift_31_INST_0/O
                         net (fo=8, routed)           0.677    22.028    system_i/microblaze_0/U0/MicroBlaze_Core_I/Performance.Core/Use_Debug_Logic.Master_Core.Debug_Perf/Dbg_Shift
    SLICE_X50Y13         LUT5 (Prop_lut5_I0_O)        0.153    22.181 r  system_i/microblaze_0/U0/MicroBlaze_Core_I/Performance.Core/Use_Debug_Logic.Master_Core.Debug_Perf/Serial_Dbg_Intf.shift_count[3]_i_1/O
                         net (fo=1, routed)           0.000    22.181    system_i/microblaze_0/U0/MicroBlaze_Core_I/Performance.Core/Use_Debug_Logic.Master_Core.Debug_Perf/Serial_Dbg_Intf.shift_count[3]_i_1_n_0
    SLICE_X50Y13         FDCE                                         r  system_i/microblaze_0/U0/MicroBlaze_Core_I/Performance.Core/Use_Debug_Logic.Master_Core.Debug_Perf/Serial_Dbg_Intf.shift_count_reg[3]/D
  -------------------------------------------------------------------    -------------------

                         (clock system_i/mdm_1/U0/Use_E2.BSCAN_I/Use_E2.BSCANE2_I/DRCK rise edge)
                                                     33.333    33.333 r  
    BSCAN_X0Y1           BSCANE2                      0.000    33.333 r  system_i/mdm_1/U0/Use_E2.BSCAN_I/Use_E2.BSCANE2_I/DRCK
                         net (fo=1, routed)           1.602    34.935    system_i/mdm_1/U0/No_Dbg_Reg_Access.BUFG_DRCK/DRCK
    BUFGCTRL_X0Y1        BUFG (Prop_bufg_I_O)         0.091    35.026 r  system_i/mdm_1/U0/No_Dbg_Reg_Access.BUFG_DRCK/Using_FPGA.Native/O
                         net (fo=232, routed)         1.447    36.474    system_i/microblaze_0/U0/MicroBlaze_Core_I/Performance.Core/Use_Debug_Logic.Master_Core.Debug_Perf/Dbg_Clk
    SLICE_X50Y13         FDCE                                         r  system_i/microblaze_0/U0/MicroBlaze_Core_I/Performance.Core/Use_Debug_Logic.Master_Core.Debug_Perf/Serial_Dbg_Intf.shift_count_reg[3]/C
                         clock pessimism              0.361    36.835    
                         clock uncertainty           -0.035    36.799    
    SLICE_X50Y13         FDCE (Setup_fdce_C_D)        0.118    36.917    system_i/microblaze_0/U0/MicroBlaze_Core_I/Performance.Core/Use_Debug_Logic.Master_Core.Debug_Perf/Serial_Dbg_Intf.shift_count_reg[3]
  -------------------------------------------------------------------
                         required time                         36.917    
                         arrival time                         -22.181    
  -------------------------------------------------------------------
                         slack                                 14.736    





Min Delay Paths
--------------------------------------------------------------------------------------
Slack (MET) :             0.153ns  (arrival time - required time)
  Source:                 system_i/mdm_1/U0/MDM_Core_I1/Use_BSCAN.Config_Reg_reg[30]/C
                            (rising edge-triggered cell FDPE clocked by system_i/mdm_1/U0/Use_E2.BSCAN_I/Use_E2.BSCANE2_I/DRCK  {rise@0.000ns fall@16.667ns period=33.333ns})
  Destination:            system_i/mdm_1/U0/MDM_Core_I1/Use_BSCAN.Config_Reg_reg[28]_srl2_MDM_Core_I1_Use_BSCAN.Config_Reg_reg_c_14/D
                            (rising edge-triggered cell SRL16E clocked by system_i/mdm_1/U0/Use_E2.BSCAN_I/Use_E2.BSCANE2_I/DRCK  {rise@0.000ns fall@16.667ns period=33.333ns})
  Path Group:             system_i/mdm_1/U0/Use_E2.BSCAN_I/Use_E2.BSCANE2_I/DRCK
  Path Type:              Hold (Min at Fast Process Corner)
  Requirement:            0.000ns  (system_i/mdm_1/U0/Use_E2.BSCAN_I/Use_E2.BSCANE2_I/DRCK rise@0.000ns - system_i/mdm_1/U0/Use_E2.BSCAN_I/Use_E2.BSCANE2_I/DRCK rise@0.000ns)
  Data Path Delay:        0.302ns  (logic 0.141ns (46.667%)  route 0.161ns (53.333%))
  Logic Levels:           0  
  Clock Path Skew:        0.034ns (DCD - SCD - CPR)
    Destination Clock Delay (DCD):    1.718ns
    Source Clock Delay      (SCD):    1.330ns
    Clock Pessimism Removal (CPR):    0.354ns

    Location             Delay type                Incr(ns)  Path(ns)    Netlist Resource(s)
  -------------------------------------------------------------------    -------------------
                         (clock system_i/mdm_1/U0/Use_E2.BSCAN_I/Use_E2.BSCANE2_I/DRCK rise edge)
                                                      0.000     0.000 r  
    BSCAN_X0Y1           BSCANE2                      0.000     0.000 r  system_i/mdm_1/U0/Use_E2.BSCAN_I/Use_E2.BSCANE2_I/DRCK
                         net (fo=1, routed)           0.751     0.751    system_i/mdm_1/U0/No_Dbg_Reg_Access.BUFG_DRCK/DRCK
    BUFGCTRL_X0Y1        BUFG (Prop_bufg_I_O)         0.026     0.777 r  system_i/mdm_1/U0/No_Dbg_Reg_Access.BUFG_DRCK/Using_FPGA.Native/O
                         net (fo=232, routed)         0.553     1.330    system_i/mdm_1/U0/MDM_Core_I1/Using_FPGA.Native
    SLICE_X55Y25         FDPE                                         r  system_i/mdm_1/U0/MDM_Core_I1/Use_BSCAN.Config_Reg_reg[30]/C
  -------------------------------------------------------------------    -------------------
    SLICE_X55Y25         FDPE (Prop_fdpe_C_Q)         0.141     1.471 r  system_i/mdm_1/U0/MDM_Core_I1/Use_BSCAN.Config_Reg_reg[30]/Q
                         net (fo=1, routed)           0.161     1.632    system_i/mdm_1/U0/MDM_Core_I1/Use_BSCAN.Config_Reg_reg_n_0_[30]
    SLICE_X56Y25         SRL16E                                       r  system_i/mdm_1/U0/MDM_Core_I1/Use_BSCAN.Config_Reg_reg[28]_srl2_MDM_Core_I1_Use_BSCAN.Config_Reg_reg_c_14/D
  -------------------------------------------------------------------    -------------------

                         (clock system_i/mdm_1/U0/Use_E2.BSCAN_I/Use_E2.BSCANE2_I/DRCK rise edge)
                                                      0.000     0.000 r  
    BSCAN_X0Y1           BSCANE2                      0.000     0.000 r  system_i/mdm_1/U0/Use_E2.BSCAN_I/Use_E2.BSCANE2_I/DRCK
                         net (fo=1, routed)           0.868     0.868    system_i/mdm_1/U0/No_Dbg_Reg_Access.BUFG_DRCK/DRCK
    BUFGCTRL_X0Y1        BUFG (Prop_bufg_I_O)         0.029     0.897 r  system_i/mdm_1/U0/No_Dbg_Reg_Access.BUFG_DRCK/Using_FPGA.Native/O
                         net (fo=232, routed)         0.821     1.718    system_i/mdm_1/U0/MDM_Core_I1/Using_FPGA.Native
    SLICE_X56Y25         SRL16E                                       r  system_i/mdm_1/U0/MDM_Core_I1/Use_BSCAN.Config_Reg_reg[28]_srl2_MDM_Core_I1_Use_BSCAN.Config_Reg_reg_c_14/CLK
                         clock pessimism             -0.354     1.364    
    SLICE_X56Y25         SRL16E (Hold_srl16e_CLK_D)
                                                      0.115     1.479    system_i/mdm_1/U0/MDM_Core_I1/Use_BSCAN.Config_Reg_reg[28]_srl2_MDM_Core_I1_Use_BSCAN.Config_Reg_reg_c_14
  -------------------------------------------------------------------
                         required time                         -1.479    
                         arrival time                           1.632    
  -------------------------------------------------------------------
                         slack                                  0.153    

Slack (MET) :             0.164ns  (arrival time - required time)
  Source:                 system_i/microblaze_0/U0/MicroBlaze_Core_I/Performance.Core/Use_Debug_Logic.Master_Core.Debug_Perf/Serial_Dbg_Intf.shift_datain_reg[2]/C
                            (rising edge-triggered cell FDCE clocked by system_i/mdm_1/U0/Use_E2.BSCAN_I/Use_E2.BSCANE2_I/DRCK  {rise@0.000ns fall@16.667ns period=33.333ns})
  Destination:            system_i/microblaze_0/U0/MicroBlaze_Core_I/Performance.Core/Use_Debug_Logic.Master_Core.Debug_Perf/Serial_Dbg_Intf.New_Instr_Reg_TCK_reg[1]/D
                            (rising edge-triggered cell FDCE clocked by system_i/mdm_1/U0/Use_E2.BSCAN_I/Use_E2.BSCANE2_I/DRCK  {rise@0.000ns fall@16.667ns period=33.333ns})
  Path Group:             system_i/mdm_1/U0/Use_E2.BSCAN_I/Use_E2.BSCANE2_I/DRCK
  Path Type:              Hold (Min at Fast Process Corner)
  Requirement:            0.000ns  (system_i/mdm_1/U0/Use_E2.BSCAN_I/Use_E2.BSCANE2_I/DRCK rise@0.000ns - system_i/mdm_1/U0/Use_E2.BSCAN_I/Use_E2.BSCANE2_I/DRCK rise@0.000ns)
  Data Path Delay:        0.269ns  (logic 0.141ns (52.482%)  route 0.128ns (47.518%))
  Logic Levels:           0  
  Clock Path Skew:        0.035ns (DCD - SCD - CPR)
    Destination Clock Delay (DCD):    1.735ns
    Source Clock Delay      (SCD):    1.346ns
    Clock Pessimism Removal (CPR):    0.354ns

    Location             Delay type                Incr(ns)  Path(ns)    Netlist Resource(s)
  -------------------------------------------------------------------    -------------------
                         (clock system_i/mdm_1/U0/Use_E2.BSCAN_I/Use_E2.BSCANE2_I/DRCK rise edge)
                                                      0.000     0.000 r  
    BSCAN_X0Y1           BSCANE2                      0.000     0.000 r  system_i/mdm_1/U0/Use_E2.BSCAN_I/Use_E2.BSCANE2_I/DRCK
                         net (fo=1, routed)           0.751     0.751    system_i/mdm_1/U0/No_Dbg_Reg_Access.BUFG_DRCK/DRCK
    BUFGCTRL_X0Y1        BUFG (Prop_bufg_I_O)         0.026     0.777 r  system_i/mdm_1/U0/No_Dbg_Reg_Access.BUFG_DRCK/Using_FPGA.Native/O
                         net (fo=232, routed)         0.569     1.346    system_i/microblaze_0/U0/MicroBlaze_Core_I/Performance.Core/Use_Debug_Logic.Master_Core.Debug_Perf/Dbg_Clk
    SLICE_X57Y1          FDCE                                         r  system_i/microblaze_0/U0/MicroBlaze_Core_I/Performance.Core/Use_Debug_Logic.Master_Core.Debug_Perf/Serial_Dbg_Intf.shift_datain_reg[2]/C
  -------------------------------------------------------------------    -------------------
    SLICE_X57Y1          FDCE (Prop_fdce_C_Q)         0.141     1.487 r  system_i/microblaze_0/U0/MicroBlaze_Core_I/Performance.Core/Use_Debug_Logic.Master_Core.Debug_Perf/Serial_Dbg_Intf.shift_datain_reg[2]/Q
                         net (fo=2, routed)           0.128     1.614    system_i/microblaze_0/U0/MicroBlaze_Core_I/Performance.Core/Use_Debug_Logic.Master_Core.Debug_Perf/Serial_Dbg_Intf.shift_datain_reg_n_0_[2]
    SLICE_X55Y1          FDCE                                         r  system_i/microblaze_0/U0/MicroBlaze_Core_I/Performance.Core/Use_Debug_Logic.Master_Core.Debug_Perf/Serial_Dbg_Intf.New_Instr_Reg_TCK_reg[1]/D
  -------------------------------------------------------------------    -------------------

                         (clock system_i/mdm_1/U0/Use_E2.BSCAN_I/Use_E2.BSCANE2_I/DRCK rise edge)
                                                      0.000     0.000 r  
    BSCAN_X0Y1           BSCANE2                      0.000     0.000 r  system_i/mdm_1/U0/Use_E2.BSCAN_I/Use_E2.BSCANE2_I/DRCK
                         net (fo=1, routed)           0.868     0.868    system_i/mdm_1/U0/No_Dbg_Reg_Access.BUFG_DRCK/DRCK
    BUFGCTRL_X0Y1        BUFG (Prop_bufg_I_O)         0.029     0.897 r  system_i/mdm_1/U0/No_Dbg_Reg_Access.BUFG_DRCK/Using_FPGA.Native/O
                         net (fo=232, routed)         0.838     1.735    system_i/microblaze_0/U0/MicroBlaze_Core_I/Performance.Core/Use_Debug_Logic.Master_Core.Debug_Perf/Dbg_Clk
    SLICE_X55Y1          FDCE                                         r  system_i/microblaze_0/U0/MicroBlaze_Core_I/Performance.Core/Use_Debug_Logic.Master_Core.Debug_Perf/Serial_Dbg_Intf.New_Instr_Reg_TCK_reg[1]/C
                         clock pessimism             -0.354     1.381    
    SLICE_X55Y1          FDCE (Hold_fdce_C_D)         0.070     1.451    system_i/microblaze_0/U0/MicroBlaze_Core_I/Performance.Core/Use_Debug_Logic.Master_Core.Debug_Perf/Serial_Dbg_Intf.New_Instr_Reg_TCK_reg[1]
  -------------------------------------------------------------------
                         required time                         -1.451    
                         arrival time                           1.614    
  -------------------------------------------------------------------
                         slack                                  0.164    

Slack (MET) :             0.172ns  (arrival time - required time)
  Source:                 system_i/microblaze_0/U0/MicroBlaze_Core_I/Performance.Core/Use_Debug_Logic.Master_Core.Debug_Perf/Serial_Dbg_Intf.shift_datain_reg[1]/C
                            (rising edge-triggered cell FDCE clocked by system_i/mdm_1/U0/Use_E2.BSCAN_I/Use_E2.BSCANE2_I/DRCK  {rise@0.000ns fall@16.667ns period=33.333ns})
  Destination:            system_i/microblaze_0/U0/MicroBlaze_Core_I/Performance.Core/Use_Debug_Logic.Master_Core.Debug_Perf/Serial_Dbg_Intf.New_Instr_Reg_TCK_reg[0]/D
                            (rising edge-triggered cell FDCE clocked by system_i/mdm_1/U0/Use_E2.BSCAN_I/Use_E2.BSCANE2_I/DRCK  {rise@0.000ns fall@16.667ns period=33.333ns})
  Path Group:             system_i/mdm_1/U0/Use_E2.BSCAN_I/Use_E2.BSCANE2_I/DRCK
  Path Type:              Hold (Min at Fast Process Corner)
  Requirement:            0.000ns  (system_i/mdm_1/U0/Use_E2.BSCAN_I/Use_E2.BSCANE2_I/DRCK rise@0.000ns - system_i/mdm_1/U0/Use_E2.BSCAN_I/Use_E2.BSCANE2_I/DRCK rise@0.000ns)
  Data Path Delay:        0.257ns  (logic 0.141ns (54.812%)  route 0.116ns (45.188%))
  Logic Levels:           0  
  Clock Path Skew:        0.015ns (DCD - SCD - CPR)
    Destination Clock Delay (DCD):    1.734ns
    Source Clock Delay      (SCD):    1.346ns
    Clock Pessimism Removal (CPR):    0.373ns

    Location             Delay type                Incr(ns)  Path(ns)    Netlist Resource(s)
  -------------------------------------------------------------------    -------------------
                         (clock system_i/mdm_1/U0/Use_E2.BSCAN_I/Use_E2.BSCANE2_I/DRCK rise edge)
                                                      0.000     0.000 r  
    BSCAN_X0Y1           BSCANE2                      0.000     0.000 r  system_i/mdm_1/U0/Use_E2.BSCAN_I/Use_E2.BSCANE2_I/DRCK
                         net (fo=1, routed)           0.751     0.751    system_i/mdm_1/U0/No_Dbg_Reg_Access.BUFG_DRCK/DRCK
    BUFGCTRL_X0Y1        BUFG (Prop_bufg_I_O)         0.026     0.777 r  system_i/mdm_1/U0/No_Dbg_Reg_Access.BUFG_DRCK/Using_FPGA.Native/O
                         net (fo=232, routed)         0.569     1.346    system_i/microblaze_0/U0/MicroBlaze_Core_I/Performance.Core/Use_Debug_Logic.Master_Core.Debug_Perf/Dbg_Clk
    SLICE_X57Y1          FDCE                                         r  system_i/microblaze_0/U0/MicroBlaze_Core_I/Performance.Core/Use_Debug_Logic.Master_Core.Debug_Perf/Serial_Dbg_Intf.shift_datain_reg[1]/C
  -------------------------------------------------------------------    -------------------
    SLICE_X57Y1          FDCE (Prop_fdce_C_Q)         0.141     1.487 r  system_i/microblaze_0/U0/MicroBlaze_Core_I/Performance.Core/Use_Debug_Logic.Master_Core.Debug_Perf/Serial_Dbg_Intf.shift_datain_reg[1]/Q
                         net (fo=1, routed)           0.116     1.603    system_i/microblaze_0/U0/MicroBlaze_Core_I/Performance.Core/Use_Debug_Logic.Master_Core.Debug_Perf/Serial_Dbg_Intf.shift_datain_reg_n_0_[1]
    SLICE_X57Y3          FDCE                                         r  system_i/microblaze_0/U0/MicroBlaze_Core_I/Performance.Core/Use_Debug_Logic.Master_Core.Debug_Perf/Serial_Dbg_Intf.New_Instr_Reg_TCK_reg[0]/D
  -------------------------------------------------------------------    -------------------

                         (clock system_i/mdm_1/U0/Use_E2.BSCAN_I/Use_E2.BSCANE2_I/DRCK rise edge)
                                                      0.000     0.000 r  
    BSCAN_X0Y1           BSCANE2                      0.000     0.000 r  system_i/mdm_1/U0/Use_E2.BSCAN_I/Use_E2.BSCANE2_I/DRCK
                         net (fo=1, routed)           0.868     0.868    system_i/mdm_1/U0/No_Dbg_Reg_Access.BUFG_DRCK/DRCK
    BUFGCTRL_X0Y1        BUFG (Prop_bufg_I_O)         0.029     0.897 r  system_i/mdm_1/U0/No_Dbg_Reg_Access.BUFG_DRCK/Using_FPGA.Native/O
                         net (fo=232, routed)         0.837     1.734    system_i/microblaze_0/U0/MicroBlaze_Core_I/Performance.Core/Use_Debug_Logic.Master_Core.Debug_Perf/Dbg_Clk
    SLICE_X57Y3          FDCE                                         r  system_i/microblaze_0/U0/MicroBlaze_Core_I/Performance.Core/Use_Debug_Logic.Master_Core.Debug_Perf/Serial_Dbg_Intf.New_Instr_Reg_TCK_reg[0]/C
                         clock pessimism             -0.373     1.361    
    SLICE_X57Y3          FDCE (Hold_fdce_C_D)         0.070     1.431    system_i/microblaze_0/U0/MicroBlaze_Core_I/Performance.Core/Use_Debug_Logic.Master_Core.Debug_Perf/Serial_Dbg_Intf.New_Instr_Reg_TCK_reg[0]
  -------------------------------------------------------------------
                         required time                         -1.431    
                         arrival time                           1.603    
  -------------------------------------------------------------------
                         slack                                  0.172    

Slack (MET) :             0.174ns  (arrival time - required time)
  Source:                 system_i/mdm_1/U0/MDM_Core_I1/JTAG_CONTROL_I/Use_Serial_Unified_Completion.completion_status_reg[6]/C
                            (rising edge-triggered cell FDCE clocked by system_i/mdm_1/U0/Use_E2.BSCAN_I/Use_E2.BSCANE2_I/DRCK  {rise@0.000ns fall@16.667ns period=33.333ns})
  Destination:            system_i/mdm_1/U0/MDM_Core_I1/JTAG_CONTROL_I/Use_Serial_Unified_Completion.completion_status_reg[7]/D
                            (rising edge-triggered cell FDCE clocked by system_i/mdm_1/U0/Use_E2.BSCAN_I/Use_E2.BSCANE2_I/DRCK  {rise@0.000ns fall@16.667ns period=33.333ns})
  Path Group:             system_i/mdm_1/U0/Use_E2.BSCAN_I/Use_E2.BSCANE2_I/DRCK
  Path Type:              Hold (Min at Fast Process Corner)
  Requirement:            0.000ns  (system_i/mdm_1/U0/Use_E2.BSCAN_I/Use_E2.BSCANE2_I/DRCK rise@0.000ns - system_i/mdm_1/U0/Use_E2.BSCAN_I/Use_E2.BSCANE2_I/DRCK rise@0.000ns)
  Data Path Delay:        0.307ns  (logic 0.186ns (60.498%)  route 0.121ns (39.502%))
  Logic Levels:           1  (LUT6=1)
  Clock Path Skew:        0.013ns (DCD - SCD - CPR)
    Destination Clock Delay (DCD):    1.727ns
    Source Clock Delay      (SCD):    1.338ns
    Clock Pessimism Removal (CPR):    0.376ns

    Location             Delay type                Incr(ns)  Path(ns)    Netlist Resource(s)
  -------------------------------------------------------------------    -------------------
                         (clock system_i/mdm_1/U0/Use_E2.BSCAN_I/Use_E2.BSCANE2_I/DRCK rise edge)
                                                      0.000     0.000 r  
    BSCAN_X0Y1           BSCANE2                      0.000     0.000 r  system_i/mdm_1/U0/Use_E2.BSCAN_I/Use_E2.BSCANE2_I/DRCK
                         net (fo=1, routed)           0.751     0.751    system_i/mdm_1/U0/No_Dbg_Reg_Access.BUFG_DRCK/DRCK
    BUFGCTRL_X0Y1        BUFG (Prop_bufg_I_O)         0.026     0.777 r  system_i/mdm_1/U0/No_Dbg_Reg_Access.BUFG_DRCK/Using_FPGA.Native/O
                         net (fo=232, routed)         0.561     1.338    system_i/mdm_1/U0/MDM_Core_I1/JTAG_CONTROL_I/Using_FPGA.Native
    SLICE_X55Y16         FDCE                                         r  system_i/mdm_1/U0/MDM_Core_I1/JTAG_CONTROL_I/Use_Serial_Unified_Completion.completion_status_reg[6]/C
  -------------------------------------------------------------------    -------------------
    SLICE_X55Y16         FDCE (Prop_fdce_C_Q)         0.141     1.479 r  system_i/mdm_1/U0/MDM_Core_I1/JTAG_CONTROL_I/Use_Serial_Unified_Completion.completion_status_reg[6]/Q
                         net (fo=4, routed)           0.121     1.600    system_i/mdm_1/U0/MDM_Core_I1/JTAG_CONTROL_I/Use_BSCAN.FDC_I/Use_Serial_Unified_Completion.completion_status_reg[9][6]
    SLICE_X54Y16         LUT6 (Prop_lut6_I3_O)        0.045     1.645 r  system_i/mdm_1/U0/MDM_Core_I1/JTAG_CONTROL_I/Use_BSCAN.FDC_I/Use_Serial_Unified_Completion.completion_status[7]_i_1/O
                         net (fo=1, routed)           0.000     1.645    system_i/mdm_1/U0/MDM_Core_I1/JTAG_CONTROL_I/p_1_in[7]
    SLICE_X54Y16         FDCE                                         r  system_i/mdm_1/U0/MDM_Core_I1/JTAG_CONTROL_I/Use_Serial_Unified_Completion.completion_status_reg[7]/D
  -------------------------------------------------------------------    -------------------

                         (clock system_i/mdm_1/U0/Use_E2.BSCAN_I/Use_E2.BSCANE2_I/DRCK rise edge)
                                                      0.000     0.000 r  
    BSCAN_X0Y1           BSCANE2                      0.000     0.000 r  system_i/mdm_1/U0/Use_E2.BSCAN_I/Use_E2.BSCANE2_I/DRCK
                         net (fo=1, routed)           0.868     0.868    system_i/mdm_1/U0/No_Dbg_Reg_Access.BUFG_DRCK/DRCK
    BUFGCTRL_X0Y1        BUFG (Prop_bufg_I_O)         0.029     0.897 r  system_i/mdm_1/U0/No_Dbg_Reg_Access.BUFG_DRCK/Using_FPGA.Native/O
                         net (fo=232, routed)         0.830     1.727    system_i/mdm_1/U0/MDM_Core_I1/JTAG_CONTROL_I/Using_FPGA.Native
    SLICE_X54Y16         FDCE                                         r  system_i/mdm_1/U0/MDM_Core_I1/JTAG_CONTROL_I/Use_Serial_Unified_Completion.completion_status_reg[7]/C
                         clock pessimism             -0.376     1.351    
    SLICE_X54Y16         FDCE (Hold_fdce_C_D)         0.120     1.471    system_i/mdm_1/U0/MDM_Core_I1/JTAG_CONTROL_I/Use_Serial_Unified_Completion.completion_status_reg[7]
  -------------------------------------------------------------------
                         required time                         -1.471    
                         arrival time                           1.645    
  -------------------------------------------------------------------
                         slack                                  0.174    

Slack (MET) :             0.175ns  (arrival time - required time)
  Source:                 system_i/microblaze_0/U0/MicroBlaze_Core_I/Performance.Core/Use_Debug_Logic.Master_Core.Debug_Perf/Serial_Dbg_Intf.sync_dbg_brk_hit/Single_Synchronize.use_async_reset.sync_reg/C
                            (rising edge-triggered cell FDCE clocked by system_i/mdm_1/U0/Use_E2.BSCAN_I/Use_E2.BSCANE2_I/DRCK  {rise@0.000ns fall@16.667ns period=33.333ns})
  Destination:            system_i/microblaze_0/U0/MicroBlaze_Core_I/Performance.Core/Use_Debug_Logic.Master_Core.Debug_Perf/Serial_Dbg_Intf.status_reg_reg[23]/D
                            (rising edge-triggered cell FDCE clocked by system_i/mdm_1/U0/Use_E2.BSCAN_I/Use_E2.BSCANE2_I/DRCK  {rise@0.000ns fall@16.667ns period=33.333ns})
  Path Group:             system_i/mdm_1/U0/Use_E2.BSCAN_I/Use_E2.BSCANE2_I/DRCK
  Path Type:              Hold (Min at Fast Process Corner)
  Requirement:            0.000ns  (system_i/mdm_1/U0/Use_E2.BSCAN_I/Use_E2.BSCANE2_I/DRCK rise@0.000ns - system_i/mdm_1/U0/Use_E2.BSCAN_I/Use_E2.BSCANE2_I/DRCK rise@0.000ns)
  Data Path Delay:        0.255ns  (logic 0.141ns (55.331%)  route 0.114ns (44.669%))
  Logic Levels:           0  
  Clock Path Skew:        0.014ns (DCD - SCD - CPR)
    Destination Clock Delay (DCD):    1.728ns
    Source Clock Delay      (SCD):    1.340ns
    Clock Pessimism Removal (CPR):    0.374ns

    Location             Delay type                Incr(ns)  Path(ns)    Netlist Resource(s)
  -------------------------------------------------------------------    -------------------
                         (clock system_i/mdm_1/U0/Use_E2.BSCAN_I/Use_E2.BSCANE2_I/DRCK rise edge)
                                                      0.000     0.000 r  
    BSCAN_X0Y1           BSCANE2                      0.000     0.000 r  system_i/mdm_1/U0/Use_E2.BSCAN_I/Use_E2.BSCANE2_I/DRCK
                         net (fo=1, routed)           0.751     0.751    system_i/mdm_1/U0/No_Dbg_Reg_Access.BUFG_DRCK/DRCK
    BUFGCTRL_X0Y1        BUFG (Prop_bufg_I_O)         0.026     0.777 r  system_i/mdm_1/U0/No_Dbg_Reg_Access.BUFG_DRCK/Using_FPGA.Native/O
                         net (fo=232, routed)         0.563     1.340    system_i/microblaze_0/U0/MicroBlaze_Core_I/Performance.Core/Use_Debug_Logic.Master_Core.Debug_Perf/Serial_Dbg_Intf.sync_dbg_brk_hit/Dbg_Clk
    SLICE_X48Y12         FDCE                                         r  system_i/microblaze_0/U0/MicroBlaze_Core_I/Performance.Core/Use_Debug_Logic.Master_Core.Debug_Perf/Serial_Dbg_Intf.sync_dbg_brk_hit/Single_Synchronize.use_async_reset.sync_reg/C
  -------------------------------------------------------------------    -------------------
    SLICE_X48Y12         FDCE (Prop_fdce_C_Q)         0.141     1.481 r  system_i/microblaze_0/U0/MicroBlaze_Core_I/Performance.Core/Use_Debug_Logic.Master_Core.Debug_Perf/Serial_Dbg_Intf.sync_dbg_brk_hit/Single_Synchronize.use_async_reset.sync_reg/Q
                         net (fo=1, routed)           0.114     1.595    system_i/microblaze_0/U0/MicroBlaze_Core_I/Performance.Core/Use_Debug_Logic.Master_Core.Debug_Perf/dbg_brki_hit_synced
    SLICE_X48Y13         FDCE                                         r  system_i/microblaze_0/U0/MicroBlaze_Core_I/Performance.Core/Use_Debug_Logic.Master_Core.Debug_Perf/Serial_Dbg_Intf.status_reg_reg[23]/D
  -------------------------------------------------------------------    -------------------

                         (clock system_i/mdm_1/U0/Use_E2.BSCAN_I/Use_E2.BSCANE2_I/DRCK rise edge)
                                                      0.000     0.000 r  
    BSCAN_X0Y1           BSCANE2                      0.000     0.000 r  system_i/mdm_1/U0/Use_E2.BSCAN_I/Use_E2.BSCANE2_I/DRCK
                         net (fo=1, routed)           0.868     0.868    system_i/mdm_1/U0/No_Dbg_Reg_Access.BUFG_DRCK/DRCK
    BUFGCTRL_X0Y1        BUFG (Prop_bufg_I_O)         0.029     0.897 r  system_i/mdm_1/U0/No_Dbg_Reg_Access.BUFG_DRCK/Using_FPGA.Native/O
                         net (fo=232, routed)         0.831     1.728    system_i/microblaze_0/U0/MicroBlaze_Core_I/Performance.Core/Use_Debug_Logic.Master_Core.Debug_Perf/Dbg_Clk
    SLICE_X48Y13         FDCE                                         r  system_i/microblaze_0/U0/MicroBlaze_Core_I/Performance.Core/Use_Debug_Logic.Master_Core.Debug_Perf/Serial_Dbg_Intf.status_reg_reg[23]/C
                         clock pessimism             -0.374     1.354    
    SLICE_X48Y13         FDCE (Hold_fdce_C_D)         0.066     1.420    system_i/microblaze_0/U0/MicroBlaze_Core_I/Performance.Core/Use_Debug_Logic.Master_Core.Debug_Perf/Serial_Dbg_Intf.status_reg_reg[23]
  -------------------------------------------------------------------
                         required time                         -1.420    
                         arrival time                           1.595    
  -------------------------------------------------------------------
                         slack                                  0.175    

Slack (MET) :             0.175ns  (arrival time - required time)
  Source:                 system_i/mdm_1/U0/MDM_Core_I1/Use_BSCAN.Config_Reg_reg[3]/C
                            (rising edge-triggered cell FDCE clocked by system_i/mdm_1/U0/Use_E2.BSCAN_I/Use_E2.BSCANE2_I/DRCK  {rise@0.000ns fall@16.667ns period=33.333ns})
  Destination:            system_i/mdm_1/U0/MDM_Core_I1/Use_BSCAN.Config_Reg_reg[2]/D
                            (rising edge-triggered cell FDPE clocked by system_i/mdm_1/U0/Use_E2.BSCAN_I/Use_E2.BSCANE2_I/DRCK  {rise@0.000ns fall@16.667ns period=33.333ns})
  Path Group:             system_i/mdm_1/U0/Use_E2.BSCAN_I/Use_E2.BSCANE2_I/DRCK
  Path Type:              Hold (Min at Fast Process Corner)
  Requirement:            0.000ns  (system_i/mdm_1/U0/Use_E2.BSCAN_I/Use_E2.BSCANE2_I/DRCK rise@0.000ns - system_i/mdm_1/U0/Use_E2.BSCAN_I/Use_E2.BSCANE2_I/DRCK rise@0.000ns)
  Data Path Delay:        0.251ns  (logic 0.141ns (56.174%)  route 0.110ns (43.826%))
  Logic Levels:           0  
  Clock Path Skew:        0.013ns (DCD - SCD - CPR)
    Destination Clock Delay (DCD):    1.719ns
    Source Clock Delay      (SCD):    1.333ns
    Clock Pessimism Removal (CPR):    0.373ns

    Location             Delay type                Incr(ns)  Path(ns)    Netlist Resource(s)
  -------------------------------------------------------------------    -------------------
                         (clock system_i/mdm_1/U0/Use_E2.BSCAN_I/Use_E2.BSCANE2_I/DRCK rise edge)
                                                      0.000     0.000 r  
    BSCAN_X0Y1           BSCANE2                      0.000     0.000 r  system_i/mdm_1/U0/Use_E2.BSCAN_I/Use_E2.BSCANE2_I/DRCK
                         net (fo=1, routed)           0.751     0.751    system_i/mdm_1/U0/No_Dbg_Reg_Access.BUFG_DRCK/DRCK
    BUFGCTRL_X0Y1        BUFG (Prop_bufg_I_O)         0.026     0.777 r  system_i/mdm_1/U0/No_Dbg_Reg_Access.BUFG_DRCK/Using_FPGA.Native/O
                         net (fo=232, routed)         0.556     1.333    system_i/mdm_1/U0/MDM_Core_I1/Using_FPGA.Native
    SLICE_X57Y26         FDCE                                         r  system_i/mdm_1/U0/MDM_Core_I1/Use_BSCAN.Config_Reg_reg[3]/C
  -------------------------------------------------------------------    -------------------
    SLICE_X57Y26         FDCE (Prop_fdce_C_Q)         0.141     1.474 r  system_i/mdm_1/U0/MDM_Core_I1/Use_BSCAN.Config_Reg_reg[3]/Q
                         net (fo=1, routed)           0.110     1.584    system_i/mdm_1/U0/MDM_Core_I1/Use_BSCAN.Config_Reg_reg_n_0_[3]
    SLICE_X56Y26         FDPE                                         r  system_i/mdm_1/U0/MDM_Core_I1/Use_BSCAN.Config_Reg_reg[2]/D
  -------------------------------------------------------------------    -------------------

                         (clock system_i/mdm_1/U0/Use_E2.BSCAN_I/Use_E2.BSCANE2_I/DRCK rise edge)
                                                      0.000     0.000 r  
    BSCAN_X0Y1           BSCANE2                      0.000     0.000 r  system_i/mdm_1/U0/Use_E2.BSCAN_I/Use_E2.BSCANE2_I/DRCK
                         net (fo=1, routed)           0.868     0.868    system_i/mdm_1/U0/No_Dbg_Reg_Access.BUFG_DRCK/DRCK
    BUFGCTRL_X0Y1        BUFG (Prop_bufg_I_O)         0.029     0.897 r  system_i/mdm_1/U0/No_Dbg_Reg_Access.BUFG_DRCK/Using_FPGA.Native/O
                         net (fo=232, routed)         0.822     1.719    system_i/mdm_1/U0/MDM_Core_I1/Using_FPGA.Native
    SLICE_X56Y26         FDPE                                         r  system_i/mdm_1/U0/MDM_Core_I1/Use_BSCAN.Config_Reg_reg[2]/C
                         clock pessimism             -0.373     1.346    
    SLICE_X56Y26         FDPE (Hold_fdpe_C_D)         0.063     1.409    system_i/mdm_1/U0/MDM_Core_I1/Use_BSCAN.Config_Reg_reg[2]
  -------------------------------------------------------------------
                         required time                         -1.409    
                         arrival time                           1.584    
  -------------------------------------------------------------------
                         slack                                  0.175    

Slack (MET) :             0.175ns  (arrival time - required time)
  Source:                 system_i/microblaze_0/U0/MicroBlaze_Core_I/Performance.Core/Use_Debug_Logic.Master_Core.Debug_Perf/Serial_Dbg_Intf.shift_datain_reg[10]/C
                            (rising edge-triggered cell FDCE clocked by system_i/mdm_1/U0/Use_E2.BSCAN_I/Use_E2.BSCANE2_I/DRCK  {rise@0.000ns fall@16.667ns period=33.333ns})
  Destination:            system_i/microblaze_0/U0/MicroBlaze_Core_I/Performance.Core/Use_Debug_Logic.Master_Core.Debug_Perf/Serial_Dbg_Intf.New_Instr_Reg_TCK_reg[9]/D
                            (rising edge-triggered cell FDCE clocked by system_i/mdm_1/U0/Use_E2.BSCAN_I/Use_E2.BSCANE2_I/DRCK  {rise@0.000ns fall@16.667ns period=33.333ns})
  Path Group:             system_i/mdm_1/U0/Use_E2.BSCAN_I/Use_E2.BSCANE2_I/DRCK
  Path Type:              Hold (Min at Fast Process Corner)
  Requirement:            0.000ns  (system_i/mdm_1/U0/Use_E2.BSCAN_I/Use_E2.BSCANE2_I/DRCK rise@0.000ns - system_i/mdm_1/U0/Use_E2.BSCAN_I/Use_E2.BSCANE2_I/DRCK rise@0.000ns)
  Data Path Delay:        0.251ns  (logic 0.141ns (56.174%)  route 0.110ns (43.826%))
  Logic Levels:           0  
  Clock Path Skew:        0.013ns (DCD - SCD - CPR)
    Destination Clock Delay (DCD):    1.734ns
    Source Clock Delay      (SCD):    1.345ns
    Clock Pessimism Removal (CPR):    0.376ns

    Location             Delay type                Incr(ns)  Path(ns)    Netlist Resource(s)
  -------------------------------------------------------------------    -------------------
                         (clock system_i/mdm_1/U0/Use_E2.BSCAN_I/Use_E2.BSCANE2_I/DRCK rise edge)
                                                      0.000     0.000 r  
    BSCAN_X0Y1           BSCANE2                      0.000     0.000 r  system_i/mdm_1/U0/Use_E2.BSCAN_I/Use_E2.BSCANE2_I/DRCK
                         net (fo=1, routed)           0.751     0.751    system_i/mdm_1/U0/No_Dbg_Reg_Access.BUFG_DRCK/DRCK
    BUFGCTRL_X0Y1        BUFG (Prop_bufg_I_O)         0.026     0.777 r  system_i/mdm_1/U0/No_Dbg_Reg_Access.BUFG_DRCK/Using_FPGA.Native/O
                         net (fo=232, routed)         0.568     1.345    system_i/microblaze_0/U0/MicroBlaze_Core_I/Performance.Core/Use_Debug_Logic.Master_Core.Debug_Perf/Dbg_Clk
    SLICE_X57Y4          FDCE                                         r  system_i/microblaze_0/U0/MicroBlaze_Core_I/Performance.Core/Use_Debug_Logic.Master_Core.Debug_Perf/Serial_Dbg_Intf.shift_datain_reg[10]/C
  -------------------------------------------------------------------    -------------------
    SLICE_X57Y4          FDCE (Prop_fdce_C_Q)         0.141     1.486 r  system_i/microblaze_0/U0/MicroBlaze_Core_I/Performance.Core/Use_Debug_Logic.Master_Core.Debug_Perf/Serial_Dbg_Intf.shift_datain_reg[10]/Q
                         net (fo=2, routed)           0.110     1.596    system_i/microblaze_0/U0/MicroBlaze_Core_I/Performance.Core/Use_Debug_Logic.Master_Core.Debug_Perf/Serial_Dbg_Intf.shift_datain_reg_n_0_[10]
    SLICE_X56Y4          FDCE                                         r  system_i/microblaze_0/U0/MicroBlaze_Core_I/Performance.Core/Use_Debug_Logic.Master_Core.Debug_Perf/Serial_Dbg_Intf.New_Instr_Reg_TCK_reg[9]/D
  -------------------------------------------------------------------    -------------------

                         (clock system_i/mdm_1/U0/Use_E2.BSCAN_I/Use_E2.BSCANE2_I/DRCK rise edge)
                                                      0.000     0.000 r  
    BSCAN_X0Y1           BSCANE2                      0.000     0.000 r  system_i/mdm_1/U0/Use_E2.BSCAN_I/Use_E2.BSCANE2_I/DRCK
                         net (fo=1, routed)           0.868     0.868    system_i/mdm_1/U0/No_Dbg_Reg_Access.BUFG_DRCK/DRCK
    BUFGCTRL_X0Y1        BUFG (Prop_bufg_I_O)         0.029     0.897 r  system_i/mdm_1/U0/No_Dbg_Reg_Access.BUFG_DRCK/Using_FPGA.Native/O
                         net (fo=232, routed)         0.837     1.734    system_i/microblaze_0/U0/MicroBlaze_Core_I/Performance.Core/Use_Debug_Logic.Master_Core.Debug_Perf/Dbg_Clk
    SLICE_X56Y4          FDCE                                         r  system_i/microblaze_0/U0/MicroBlaze_Core_I/Performance.Core/Use_Debug_Logic.Master_Core.Debug_Perf/Serial_Dbg_Intf.New_Instr_Reg_TCK_reg[9]/C
                         clock pessimism             -0.376     1.358    
    SLICE_X56Y4          FDCE (Hold_fdce_C_D)         0.063     1.421    system_i/microblaze_0/U0/MicroBlaze_Core_I/Performance.Core/Use_Debug_Logic.Master_Core.Debug_Perf/Serial_Dbg_Intf.New_Instr_Reg_TCK_reg[9]
  -------------------------------------------------------------------
                         required time                         -1.421    
                         arrival time                           1.596    
  -------------------------------------------------------------------
                         slack                                  0.175    

Slack (MET) :             0.177ns  (arrival time - required time)
  Source:                 system_i/microblaze_0/U0/MicroBlaze_Core_I/Performance.Core/Use_Debug_Logic.Master_Core.Debug_Perf/Serial_Dbg_Intf.shift_datain_reg[11]/C
                            (rising edge-triggered cell FDCE clocked by system_i/mdm_1/U0/Use_E2.BSCAN_I/Use_E2.BSCANE2_I/DRCK  {rise@0.000ns fall@16.667ns period=33.333ns})
  Destination:            system_i/microblaze_0/U0/MicroBlaze_Core_I/Performance.Core/Use_Debug_Logic.Master_Core.Debug_Perf/Serial_Dbg_Intf.shift_datain_reg[10]/D
                            (rising edge-triggered cell FDCE clocked by system_i/mdm_1/U0/Use_E2.BSCAN_I/Use_E2.BSCANE2_I/DRCK  {rise@0.000ns fall@16.667ns period=33.333ns})
  Path Group:             system_i/mdm_1/U0/Use_E2.BSCAN_I/Use_E2.BSCANE2_I/DRCK
  Path Type:              Hold (Min at Fast Process Corner)
  Requirement:            0.000ns  (system_i/mdm_1/U0/Use_E2.BSCAN_I/Use_E2.BSCANE2_I/DRCK rise@0.000ns - system_i/mdm_1/U0/Use_E2.BSCAN_I/Use_E2.BSCANE2_I/DRCK rise@0.000ns)
  Data Path Delay:        0.263ns  (logic 0.141ns (53.584%)  route 0.122ns (46.416%))
  Logic Levels:           0  
  Clock Path Skew:        0.016ns (DCD - SCD - CPR)
    Destination Clock Delay (DCD):    1.734ns
    Source Clock Delay      (SCD):    1.345ns
    Clock Pessimism Removal (CPR):    0.373ns

    Location             Delay type                Incr(ns)  Path(ns)    Netlist Resource(s)
  -------------------------------------------------------------------    -------------------
                         (clock system_i/mdm_1/U0/Use_E2.BSCAN_I/Use_E2.BSCANE2_I/DRCK rise edge)
                                                      0.000     0.000 r  
    BSCAN_X0Y1           BSCANE2                      0.000     0.000 r  system_i/mdm_1/U0/Use_E2.BSCAN_I/Use_E2.BSCANE2_I/DRCK
                         net (fo=1, routed)           0.751     0.751    system_i/mdm_1/U0/No_Dbg_Reg_Access.BUFG_DRCK/DRCK
    BUFGCTRL_X0Y1        BUFG (Prop_bufg_I_O)         0.026     0.777 r  system_i/mdm_1/U0/No_Dbg_Reg_Access.BUFG_DRCK/Using_FPGA.Native/O
                         net (fo=232, routed)         0.568     1.345    system_i/microblaze_0/U0/MicroBlaze_Core_I/Performance.Core/Use_Debug_Logic.Master_Core.Debug_Perf/Dbg_Clk
    SLICE_X57Y5          FDCE                                         r  system_i/microblaze_0/U0/MicroBlaze_Core_I/Performance.Core/Use_Debug_Logic.Master_Core.Debug_Perf/Serial_Dbg_Intf.shift_datain_reg[11]/C
  -------------------------------------------------------------------    -------------------
    SLICE_X57Y5          FDCE (Prop_fdce_C_Q)         0.141     1.486 r  system_i/microblaze_0/U0/MicroBlaze_Core_I/Performance.Core/Use_Debug_Logic.Master_Core.Debug_Perf/Serial_Dbg_Intf.shift_datain_reg[11]/Q
                         net (fo=2, routed)           0.122     1.608    system_i/microblaze_0/U0/MicroBlaze_Core_I/Performance.Core/Use_Debug_Logic.Master_Core.Debug_Perf/Serial_Dbg_Intf.shift_datain_reg_n_0_[11]
    SLICE_X57Y4          FDCE                                         r  system_i/microblaze_0/U0/MicroBlaze_Core_I/Performance.Core/Use_Debug_Logic.Master_Core.Debug_Perf/Serial_Dbg_Intf.shift_datain_reg[10]/D
  -------------------------------------------------------------------    -------------------

                         (clock system_i/mdm_1/U0/Use_E2.BSCAN_I/Use_E2.BSCANE2_I/DRCK rise edge)
                                                      0.000     0.000 r  
    BSCAN_X0Y1           BSCANE2                      0.000     0.000 r  system_i/mdm_1/U0/Use_E2.BSCAN_I/Use_E2.BSCANE2_I/DRCK
                         net (fo=1, routed)           0.868     0.868    system_i/mdm_1/U0/No_Dbg_Reg_Access.BUFG_DRCK/DRCK
    BUFGCTRL_X0Y1        BUFG (Prop_bufg_I_O)         0.029     0.897 r  system_i/mdm_1/U0/No_Dbg_Reg_Access.BUFG_DRCK/Using_FPGA.Native/O
                         net (fo=232, routed)         0.837     1.734    system_i/microblaze_0/U0/MicroBlaze_Core_I/Performance.Core/Use_Debug_Logic.Master_Core.Debug_Perf/Dbg_Clk
    SLICE_X57Y4          FDCE                                         r  system_i/microblaze_0/U0/MicroBlaze_Core_I/Performance.Core/Use_Debug_Logic.Master_Core.Debug_Perf/Serial_Dbg_Intf.shift_datain_reg[10]/C
                         clock pessimism             -0.373     1.361    
    SLICE_X57Y4          FDCE (Hold_fdce_C_D)         0.070     1.431    system_i/microblaze_0/U0/MicroBlaze_Core_I/Performance.Core/Use_Debug_Logic.Master_Core.Debug_Perf/Serial_Dbg_Intf.shift_datain_reg[10]
  -------------------------------------------------------------------
                         required time                         -1.431    
                         arrival time                           1.608    
  -------------------------------------------------------------------
                         slack                                  0.177    

Slack (MET) :             0.179ns  (arrival time - required time)
  Source:                 system_i/mdm_1/U0/MDM_Core_I1/Use_BSCAN.Config_Reg_reg[9]/C
                            (rising edge-triggered cell FDPE clocked by system_i/mdm_1/U0/Use_E2.BSCAN_I/Use_E2.BSCANE2_I/DRCK  {rise@0.000ns fall@16.667ns period=33.333ns})
  Destination:            system_i/mdm_1/U0/MDM_Core_I1/Use_BSCAN.Config_Reg_reg[5]_srl4_MDM_Core_I1_Use_BSCAN.Config_Reg_reg_c_16/D
                            (rising edge-triggered cell SRL16E clocked by system_i/mdm_1/U0/Use_E2.BSCAN_I/Use_E2.BSCANE2_I/DRCK  {rise@0.000ns fall@16.667ns period=33.333ns})
  Path Group:             system_i/mdm_1/U0/Use_E2.BSCAN_I/Use_E2.BSCANE2_I/DRCK
  Path Type:              Hold (Min at Fast Process Corner)
  Requirement:            0.000ns  (system_i/mdm_1/U0/Use_E2.BSCAN_I/Use_E2.BSCANE2_I/DRCK rise@0.000ns - system_i/mdm_1/U0/Use_E2.BSCAN_I/Use_E2.BSCANE2_I/DRCK rise@0.000ns)
  Data Path Delay:        0.248ns  (logic 0.128ns (51.710%)  route 0.120ns (48.290%))
  Logic Levels:           0  
  Clock Path Skew:        0.013ns (DCD - SCD - CPR)
    Destination Clock Delay (DCD):    1.718ns
    Source Clock Delay      (SCD):    1.332ns
    Clock Pessimism Removal (CPR):    0.373ns

    Location             Delay type                Incr(ns)  Path(ns)    Netlist Resource(s)
  -------------------------------------------------------------------    -------------------
                         (clock system_i/mdm_1/U0/Use_E2.BSCAN_I/Use_E2.BSCANE2_I/DRCK rise edge)
                                                      0.000     0.000 r  
    BSCAN_X0Y1           BSCANE2                      0.000     0.000 r  system_i/mdm_1/U0/Use_E2.BSCAN_I/Use_E2.BSCANE2_I/DRCK
                         net (fo=1, routed)           0.751     0.751    system_i/mdm_1/U0/No_Dbg_Reg_Access.BUFG_DRCK/DRCK
    BUFGCTRL_X0Y1        BUFG (Prop_bufg_I_O)         0.026     0.777 r  system_i/mdm_1/U0/No_Dbg_Reg_Access.BUFG_DRCK/Using_FPGA.Native/O
                         net (fo=232, routed)         0.555     1.332    system_i/mdm_1/U0/MDM_Core_I1/Using_FPGA.Native
    SLICE_X57Y25         FDPE                                         r  system_i/mdm_1/U0/MDM_Core_I1/Use_BSCAN.Config_Reg_reg[9]/C
  -------------------------------------------------------------------    -------------------
    SLICE_X57Y25         FDPE (Prop_fdpe_C_Q)         0.128     1.460 r  system_i/mdm_1/U0/MDM_Core_I1/Use_BSCAN.Config_Reg_reg[9]/Q
                         net (fo=1, routed)           0.120     1.579    system_i/mdm_1/U0/MDM_Core_I1/Use_BSCAN.Config_Reg_reg_n_0_[9]
    SLICE_X56Y25         SRL16E                                       r  system_i/mdm_1/U0/MDM_Core_I1/Use_BSCAN.Config_Reg_reg[5]_srl4_MDM_Core_I1_Use_BSCAN.Config_Reg_reg_c_16/D
  -------------------------------------------------------------------    -------------------

                         (clock system_i/mdm_1/U0/Use_E2.BSCAN_I/Use_E2.BSCANE2_I/DRCK rise edge)
                                                      0.000     0.000 r  
    BSCAN_X0Y1           BSCANE2                      0.000     0.000 r  system_i/mdm_1/U0/Use_E2.BSCAN_I/Use_E2.BSCANE2_I/DRCK
                         net (fo=1, routed)           0.868     0.868    system_i/mdm_1/U0/No_Dbg_Reg_Access.BUFG_DRCK/DRCK
    BUFGCTRL_X0Y1        BUFG (Prop_bufg_I_O)         0.029     0.897 r  system_i/mdm_1/U0/No_Dbg_Reg_Access.BUFG_DRCK/Using_FPGA.Native/O
                         net (fo=232, routed)         0.821     1.718    system_i/mdm_1/U0/MDM_Core_I1/Using_FPGA.Native
    SLICE_X56Y25         SRL16E                                       r  system_i/mdm_1/U0/MDM_Core_I1/Use_BSCAN.Config_Reg_reg[5]_srl4_MDM_Core_I1_Use_BSCAN.Config_Reg_reg_c_16/CLK
                         clock pessimism             -0.373     1.345    
    SLICE_X56Y25         SRL16E (Hold_srl16e_CLK_D)
                                                      0.056     1.401    system_i/mdm_1/U0/MDM_Core_I1/Use_BSCAN.Config_Reg_reg[5]_srl4_MDM_Core_I1_Use_BSCAN.Config_Reg_reg_c_16
  -------------------------------------------------------------------
                         required time                         -1.401    
                         arrival time                           1.579    
  -------------------------------------------------------------------
                         slack                                  0.179    

Slack (MET) :             0.181ns  (arrival time - required time)
  Source:                 system_i/microblaze_0/U0/MicroBlaze_Core_I/Performance.Core/Use_Debug_Logic.Master_Core.Debug_Perf/Serial_Dbg_Intf.shift_datain_reg[14]/C
                            (rising edge-triggered cell FDCE clocked by system_i/mdm_1/U0/Use_E2.BSCAN_I/Use_E2.BSCANE2_I/DRCK  {rise@0.000ns fall@16.667ns period=33.333ns})
  Destination:            system_i/microblaze_0/U0/MicroBlaze_Core_I/Performance.Core/Use_Debug_Logic.Master_Core.Debug_Perf/Serial_Dbg_Intf.New_Instr_Reg_TCK_reg[13]/D
                            (rising edge-triggered cell FDCE clocked by system_i/mdm_1/U0/Use_E2.BSCAN_I/Use_E2.BSCANE2_I/DRCK  {rise@0.000ns fall@16.667ns period=33.333ns})
  Path Group:             system_i/mdm_1/U0/Use_E2.BSCAN_I/Use_E2.BSCANE2_I/DRCK
  Path Type:              Hold (Min at Fast Process Corner)
  Requirement:            0.000ns  (system_i/mdm_1/U0/Use_E2.BSCAN_I/Use_E2.BSCANE2_I/DRCK rise@0.000ns - system_i/mdm_1/U0/Use_E2.BSCAN_I/Use_E2.BSCANE2_I/DRCK rise@0.000ns)
  Data Path Delay:        0.263ns  (logic 0.141ns (53.584%)  route 0.122ns (46.416%))
  Logic Levels:           0  
  Clock Path Skew:        0.016ns (DCD - SCD - CPR)
    Destination Clock Delay (DCD):    1.734ns
    Source Clock Delay      (SCD):    1.345ns
    Clock Pessimism Removal (CPR):    0.373ns

    Location             Delay type                Incr(ns)  Path(ns)    Netlist Resource(s)
  -------------------------------------------------------------------    -------------------
                         (clock system_i/mdm_1/U0/Use_E2.BSCAN_I/Use_E2.BSCANE2_I/DRCK rise edge)
                                                      0.000     0.000 r  
    BSCAN_X0Y1           BSCANE2                      0.000     0.000 r  system_i/mdm_1/U0/Use_E2.BSCAN_I/Use_E2.BSCANE2_I/DRCK
                         net (fo=1, routed)           0.751     0.751    system_i/mdm_1/U0/No_Dbg_Reg_Access.BUFG_DRCK/DRCK
    BUFGCTRL_X0Y1        BUFG (Prop_bufg_I_O)         0.026     0.777 r  system_i/mdm_1/U0/No_Dbg_Reg_Access.BUFG_DRCK/Using_FPGA.Native/O
                         net (fo=232, routed)         0.568     1.345    system_i/microblaze_0/U0/MicroBlaze_Core_I/Performance.Core/Use_Debug_Logic.Master_Core.Debug_Perf/Dbg_Clk
    SLICE_X57Y5          FDCE                                         r  system_i/microblaze_0/U0/MicroBlaze_Core_I/Performance.Core/Use_Debug_Logic.Master_Core.Debug_Perf/Serial_Dbg_Intf.shift_datain_reg[14]/C
  -------------------------------------------------------------------    -------------------
    SLICE_X57Y5          FDCE (Prop_fdce_C_Q)         0.141     1.486 r  system_i/microblaze_0/U0/MicroBlaze_Core_I/Performance.Core/Use_Debug_Logic.Master_Core.Debug_Perf/Serial_Dbg_Intf.shift_datain_reg[14]/Q
                         net (fo=2, routed)           0.122     1.608    system_i/microblaze_0/U0/MicroBlaze_Core_I/Performance.Core/Use_Debug_Logic.Master_Core.Debug_Perf/Serial_Dbg_Intf.shift_datain_reg_n_0_[14]
    SLICE_X57Y6          FDCE                                         r  system_i/microblaze_0/U0/MicroBlaze_Core_I/Performance.Core/Use_Debug_Logic.Master_Core.Debug_Perf/Serial_Dbg_Intf.New_Instr_Reg_TCK_reg[13]/D
  -------------------------------------------------------------------    -------------------

                         (clock system_i/mdm_1/U0/Use_E2.BSCAN_I/Use_E2.BSCANE2_I/DRCK rise edge)
                                                      0.000     0.000 r  
    BSCAN_X0Y1           BSCANE2                      0.000     0.000 r  system_i/mdm_1/U0/Use_E2.BSCAN_I/Use_E2.BSCANE2_I/DRCK
                         net (fo=1, routed)           0.868     0.868    system_i/mdm_1/U0/No_Dbg_Reg_Access.BUFG_DRCK/DRCK
    BUFGCTRL_X0Y1        BUFG (Prop_bufg_I_O)         0.029     0.897 r  system_i/mdm_1/U0/No_Dbg_Reg_Access.BUFG_DRCK/Using_FPGA.Native/O
                         net (fo=232, routed)         0.837     1.734    system_i/microblaze_0/U0/MicroBlaze_Core_I/Performance.Core/Use_Debug_Logic.Master_Core.Debug_Perf/Dbg_Clk
    SLICE_X57Y6          FDCE                                         r  system_i/microblaze_0/U0/MicroBlaze_Core_I/Performance.Core/Use_Debug_Logic.Master_Core.Debug_Perf/Serial_Dbg_Intf.New_Instr_Reg_TCK_reg[13]/C
                         clock pessimism             -0.373     1.361    
    SLICE_X57Y6          FDCE (Hold_fdce_C_D)         0.066     1.427    system_i/microblaze_0/U0/MicroBlaze_Core_I/Performance.Core/Use_Debug_Logic.Master_Core.Debug_Perf/Serial_Dbg_Intf.New_Instr_Reg_TCK_reg[13]
  -------------------------------------------------------------------
                         required time                         -1.427    
                         arrival time                           1.608    
  -------------------------------------------------------------------
                         slack                                  0.181    





Pulse Width Checks
--------------------------------------------------------------------------------------
Clock Name:         system_i/mdm_1/U0/Use_E2.BSCAN_I/Use_E2.BSCANE2_I/DRCK
Waveform(ns):       { 0.000 16.667 }
Period(ns):         33.333
Sources:            { system_i/mdm_1/U0/Use_E2.BSCAN_I/Use_E2.BSCANE2_I/DRCK }

Check Type        Corner  Lib Pin     Reference Pin  Required(ns)  Actual(ns)  Slack(ns)  Location       Pin
Min Period        n/a     BUFG/I      n/a            2.155         33.333      31.178     BUFGCTRL_X0Y1  system_i/mdm_1/U0/No_Dbg_Reg_Access.BUFG_DRCK/Using_FPGA.Native/I
Min Period        n/a     FDRE/C      n/a            1.000         33.333      32.333     SLICE_X50Y16   system_i/mdm_1/U0/MDM_Core_I1/JTAG_CONTROL_I/Use_BSCAN.SYNC_FDRE/Using_FPGA.Native/C
Min Period        n/a     FDCE/C      n/a            1.000         33.333      32.333     SLICE_X50Y17   system_i/mdm_1/U0/MDM_Core_I1/JTAG_CONTROL_I/Use_Serial_Unified_Completion.completion_block_reg/C
Min Period        n/a     FDCE/C      n/a            1.000         33.333      32.333     SLICE_X55Y17   system_i/mdm_1/U0/MDM_Core_I1/JTAG_CONTROL_I/Use_Serial_Unified_Completion.completion_status_reg[0]/C
Min Period        n/a     FDCE/C      n/a            1.000         33.333      32.333     SLICE_X53Y15   system_i/mdm_1/U0/MDM_Core_I1/JTAG_CONTROL_I/Use_Serial_Unified_Completion.completion_status_reg[10]/C
Min Period        n/a     FDCE/C      n/a            1.000         33.333      32.333     SLICE_X53Y15   system_i/mdm_1/U0/MDM_Core_I1/JTAG_CONTROL_I/Use_Serial_Unified_Completion.completion_status_reg[11]/C
Min Period        n/a     FDCE/C      n/a            1.000         33.333      32.333     SLICE_X53Y15   system_i/mdm_1/U0/MDM_Core_I1/JTAG_CONTROL_I/Use_Serial_Unified_Completion.completion_status_reg[12]/C
Min Period        n/a     FDCE/C      n/a            1.000         33.333      32.333     SLICE_X53Y15   system_i/mdm_1/U0/MDM_Core_I1/JTAG_CONTROL_I/Use_Serial_Unified_Completion.completion_status_reg[13]/C
Min Period        n/a     FDCE/C      n/a            1.000         33.333      32.333     SLICE_X53Y15   system_i/mdm_1/U0/MDM_Core_I1/JTAG_CONTROL_I/Use_Serial_Unified_Completion.completion_status_reg[14]/C
Min Period        n/a     FDCE/C      n/a            1.000         33.333      32.333     SLICE_X53Y15   system_i/mdm_1/U0/MDM_Core_I1/JTAG_CONTROL_I/Use_Serial_Unified_Completion.completion_status_reg[15]/C
Low Pulse Width   Fast    SRL16E/CLK  n/a            0.980         16.666      15.686     SLICE_X56Y18   system_i/mdm_1/U0/MDM_Core_I1/JTAG_CONTROL_I/Use_ID_SRL16E.SRL16E_ID_2/Use_unisim.MB_SRL16E_I1/CLK
Low Pulse Width   Fast    SRL16E/CLK  n/a            0.980         16.666      15.686     SLICE_X52Y12   system_i/microblaze_0/U0/MicroBlaze_Core_I/Performance.Core/Use_Debug_Logic.Master_Core.Debug_Perf/Serial_Dbg_Intf.SRL16E_1/Use_unisim.MB_SRL16E_I1/CLK
Low Pulse Width   Fast    SRL16E/CLK  n/a            0.980         16.666      15.686     SLICE_X52Y12   system_i/microblaze_0/U0/MicroBlaze_Core_I/Performance.Core/Use_Debug_Logic.Master_Core.Debug_Perf/Serial_Dbg_Intf.SRL16E_3/Use_unisim.MB_SRL16E_I1/CLK
Low Pulse Width   Fast    SRL16E/CLK  n/a            0.980         16.666      15.686     SLICE_X52Y12   system_i/microblaze_0/U0/MicroBlaze_Core_I/Performance.Core/Use_Debug_Logic.Master_Core.Debug_Perf/Serial_Dbg_Intf.SRL16E_4/Use_unisim.MB_SRL16E_I1/CLK
Low Pulse Width   Slow    SRL16E/CLK  n/a            0.980         16.666      15.686     SLICE_X52Y11   system_i/microblaze_0/U0/MicroBlaze_Core_I/Performance.Core/Use_Debug_Logic.Master_Core.Debug_Perf/Serial_Dbg_Intf.The_Cache_Addresses[1].SRL16E_Cache_I/Use_unisim.MB_SRL16E_I1/CLK
Low Pulse Width   Fast    SRL16E/CLK  n/a            0.980         16.666      15.686     SLICE_X52Y11   system_i/microblaze_0/U0/MicroBlaze_Core_I/Performance.Core/Use_Debug_Logic.Master_Core.Debug_Perf/Serial_Dbg_Intf.The_Cache_Addresses[1].SRL16E_Cache_I/Use_unisim.MB_SRL16E_I1/CLK
Low Pulse Width   Slow    SRL16E/CLK  n/a            0.980         16.666      15.686     SLICE_X52Y11   system_i/microblaze_0/U0/MicroBlaze_Core_I/Performance.Core/Use_Debug_Logic.Master_Core.Debug_Perf/Serial_Dbg_Intf.The_Cache_Addresses[2].SRL16E_Cache_I/Use_unisim.MB_SRL16E_I1/CLK
Low Pulse Width   Fast    SRL16E/CLK  n/a            0.980         16.666      15.686     SLICE_X52Y11   system_i/microblaze_0/U0/MicroBlaze_Core_I/Performance.Core/Use_Debug_Logic.Master_Core.Debug_Perf/Serial_Dbg_Intf.The_Cache_Addresses[2].SRL16E_Cache_I/Use_unisim.MB_SRL16E_I1/CLK
Low Pulse Width   Slow    SRL16E/CLK  n/a            0.980         16.666      15.686     SLICE_X52Y11   system_i/microblaze_0/U0/MicroBlaze_Core_I/Performance.Core/Use_Debug_Logic.Master_Core.Debug_Perf/Serial_Dbg_Intf.The_Cache_Addresses[5].SRL16E_Cache_I/Use_unisim.MB_SRL16E_I1/CLK
Low Pulse Width   Fast    SRL16E/CLK  n/a            0.980         16.666      15.686     SLICE_X52Y11   system_i/microblaze_0/U0/MicroBlaze_Core_I/Performance.Core/Use_Debug_Logic.Master_Core.Debug_Perf/Serial_Dbg_Intf.The_Cache_Addresses[5].SRL16E_Cache_I/Use_unisim.MB_SRL16E_I1/CLK
High Pulse Width  Slow    SRL16E/CLK  n/a            0.980         16.666      15.686     SLICE_X56Y25   system_i/mdm_1/U0/MDM_Core_I1/Use_BSCAN.Config_Reg_reg[12]_srl13_MDM_Core_I1_Use_BSCAN.Config_Reg_reg_c_25/CLK
High Pulse Width  Slow    SRL16E/CLK  n/a            0.980         16.666      15.686     SLICE_X56Y25   system_i/mdm_1/U0/MDM_Core_I1/Use_BSCAN.Config_Reg_reg[28]_srl2_MDM_Core_I1_Use_BSCAN.Config_Reg_reg_c_14/CLK
High Pulse Width  Slow    SRL16E/CLK  n/a            0.980         16.666      15.686     SLICE_X56Y25   system_i/mdm_1/U0/MDM_Core_I1/Use_BSCAN.Config_Reg_reg[5]_srl4_MDM_Core_I1_Use_BSCAN.Config_Reg_reg_c_16/CLK
High Pulse Width  Slow    SRL16E/CLK  n/a            0.980         16.667      15.686     SLICE_X52Y18   system_i/mdm_1/U0/MDM_Core_I1/JTAG_CONTROL_I/Use_Config_SRL16E.SRL16E_1/Use_unisim.MB_SRL16E_I1/CLK
High Pulse Width  Fast    SRL16E/CLK  n/a            0.980         16.667      15.686     SLICE_X52Y18   system_i/mdm_1/U0/MDM_Core_I1/JTAG_CONTROL_I/Use_Config_SRL16E.SRL16E_1/Use_unisim.MB_SRL16E_I1/CLK
High Pulse Width  Slow    SRL16E/CLK  n/a            0.980         16.667      15.686     SLICE_X52Y18   system_i/mdm_1/U0/MDM_Core_I1/JTAG_CONTROL_I/Use_Config_SRL16E.SRL16E_2/Use_unisim.MB_SRL16E_I1/CLK
High Pulse Width  Fast    SRL16E/CLK  n/a            0.980         16.667      15.686     SLICE_X52Y18   system_i/mdm_1/U0/MDM_Core_I1/JTAG_CONTROL_I/Use_Config_SRL16E.SRL16E_2/Use_unisim.MB_SRL16E_I1/CLK
High Pulse Width  Slow    SRL16E/CLK  n/a            0.980         16.667      15.686     SLICE_X52Y18   system_i/mdm_1/U0/MDM_Core_I1/JTAG_CONTROL_I/Use_ID_SRL16E.SRL16E_ID_1/Use_unisim.MB_SRL16E_I1/CLK
High Pulse Width  Fast    SRL16E/CLK  n/a            0.980         16.667      15.686     SLICE_X52Y18   system_i/mdm_1/U0/MDM_Core_I1/JTAG_CONTROL_I/Use_ID_SRL16E.SRL16E_ID_1/Use_unisim.MB_SRL16E_I1/CLK
High Pulse Width  Slow    SRL16E/CLK  n/a            0.980         16.667      15.686     SLICE_X56Y18   system_i/mdm_1/U0/MDM_Core_I1/JTAG_CONTROL_I/Use_ID_SRL16E.SRL16E_ID_2/Use_unisim.MB_SRL16E_I1/CLK



---------------------------------------------------------------------------------------------------
From Clock:  system_i/mdm_1/U0/Use_E2.BSCAN_I/Use_E2.BSCANE2_I/UPDATE
  To Clock:  system_i/mdm_1/U0/Use_E2.BSCAN_I/Use_E2.BSCANE2_I/UPDATE

Setup :            0  Failing Endpoints,  Worst Slack       11.361ns,  Total Violation        0.000ns
Hold  :            0  Failing Endpoints,  Worst Slack        0.264ns,  Total Violation        0.000ns
PW    :            0  Failing Endpoints,  Worst Slack       16.166ns,  Total Violation        0.000ns
---------------------------------------------------------------------------------------------------


Max Delay Paths
--------------------------------------------------------------------------------------
Slack (MET) :             11.361ns  (required time - arrival time)
  Source:                 system_i/mdm_1/U0/MDM_Core_I1/JTAG_CONTROL_I/Use_BSCAN.command_reg[3]/C
                            (falling edge-triggered cell FDCE clocked by system_i/mdm_1/U0/Use_E2.BSCAN_I/Use_E2.BSCANE2_I/UPDATE  {rise@0.000ns fall@16.667ns period=33.333ns})
  Destination:            system_i/microblaze_0/U0/MicroBlaze_Core_I/Performance.Core/Use_Debug_Logic.Master_Core.Debug_Perf/Serial_Dbg_Intf.single_Step_TClk_reg/CE
                            (rising edge-triggered cell FDCE clocked by system_i/mdm_1/U0/Use_E2.BSCAN_I/Use_E2.BSCANE2_I/UPDATE  {rise@0.000ns fall@16.667ns period=33.333ns})
  Path Group:             system_i/mdm_1/U0/Use_E2.BSCAN_I/Use_E2.BSCANE2_I/UPDATE
  Path Type:              Setup (Max at Slow Process Corner)
  Requirement:            16.667ns  (system_i/mdm_1/U0/Use_E2.BSCAN_I/Use_E2.BSCANE2_I/UPDATE rise@33.333ns - system_i/mdm_1/U0/Use_E2.BSCAN_I/Use_E2.BSCANE2_I/UPDATE fall@16.667ns)
  Data Path Delay:        5.076ns  (logic 0.896ns (17.652%)  route 4.180ns (82.348%))
  Logic Levels:           3  (LUT3=1 LUT4=1 LUT5=1)
  Clock Path Skew:        -0.025ns (DCD - SCD + CPR)
    Destination Clock Delay (DCD):    3.319ns = ( 36.652 - 33.333 ) 
    Source Clock Delay      (SCD):    3.720ns = ( 20.387 - 16.667 ) 
    Clock Pessimism Removal (CPR):    0.376ns
  Clock Uncertainty:      0.035ns  ((TSJ^2 + TIJ^2)^1/2 + DJ) / 2 + PE
    Total System Jitter     (TSJ):    0.071ns
    Total Input Jitter      (TIJ):    0.000ns
    Discrete Jitter          (DJ):    0.000ns
    Phase Error              (PE):    0.000ns

    Location             Delay type                Incr(ns)  Path(ns)    Netlist Resource(s)
  -------------------------------------------------------------------    -------------------
                         (clock system_i/mdm_1/U0/Use_E2.BSCAN_I/Use_E2.BSCANE2_I/UPDATE fall edge)
                                                     16.667    16.667 f  
    BSCAN_X0Y1           BSCANE2                      0.000    16.667 f  system_i/mdm_1/U0/Use_E2.BSCAN_I/Use_E2.BSCANE2_I/UPDATE
                         net (fo=2, routed)           2.065    18.731    system_i/mdm_1/U0/Ext_JTAG_UPDATE__0
    BUFGCTRL_X0Y2        BUFG (Prop_bufg_I_O)         0.096    18.827 f  system_i/mdm_1/U0/Ext_JTAG_UPDATE_BUFG_inst/O
                         net (fo=38, routed)          1.559    20.387    system_i/mdm_1/U0/MDM_Core_I1/JTAG_CONTROL_I/CLK
    SLICE_X50Y19         FDCE                                         r  system_i/mdm_1/U0/MDM_Core_I1/JTAG_CONTROL_I/Use_BSCAN.command_reg[3]/C  (IS_INVERTED)
  -------------------------------------------------------------------    -------------------
    SLICE_X50Y19         FDCE (Prop_fdce_C_Q)         0.524    20.911 f  system_i/mdm_1/U0/MDM_Core_I1/JTAG_CONTROL_I/Use_BSCAN.command_reg[3]/Q
                         net (fo=6, routed)           1.283    22.194    system_i/mdm_1/U0/MDM_Core_I1/JTAG_CONTROL_I/Use_BSCAN.FDC_I/Q[4]
    SLICE_X50Y15         LUT3 (Prop_lut3_I2_O)        0.124    22.318 f  system_i/mdm_1/U0/MDM_Core_I1/JTAG_CONTROL_I/Use_BSCAN.FDC_I/Dbg_Reg_En_0[3]_INST_0/O
                         net (fo=4, routed)           0.871    23.189    system_i/microblaze_0/U0/MicroBlaze_Core_I/Performance.Core/Use_Debug_Logic.Master_Core.Debug_Perf/Dbg_Reg_En[3]
    SLICE_X49Y15         LUT4 (Prop_lut4_I2_O)        0.124    23.313 f  system_i/microblaze_0/U0/MicroBlaze_Core_I/Performance.Core/Use_Debug_Logic.Master_Core.Debug_Perf/Serial_Dbg_Intf.dbg_wakeup_i_i_3/O
                         net (fo=5, routed)           0.357    23.670    system_i/microblaze_0/U0/MicroBlaze_Core_I/Performance.Core/Use_Debug_Logic.Master_Core.Debug_Perf/Use_Serial_Unified_Completion.completion_block_reg
    SLICE_X50Y14         LUT5 (Prop_lut5_I0_O)        0.124    23.794 r  system_i/microblaze_0/U0/MicroBlaze_Core_I/Performance.Core/Use_Debug_Logic.Master_Core.Debug_Perf/Serial_Dbg_Intf.dbg_wakeup_i_i_1/O
                         net (fo=8, routed)           1.668    25.463    system_i/microblaze_0/U0/MicroBlaze_Core_I/Performance.Core/Use_Debug_Logic.Master_Core.Debug_Perf/Control_Reg_En
    SLICE_X56Y0          FDCE                                         r  system_i/microblaze_0/U0/MicroBlaze_Core_I/Performance.Core/Use_Debug_Logic.Master_Core.Debug_Perf/Serial_Dbg_Intf.single_Step_TClk_reg/CE
  -------------------------------------------------------------------    -------------------

                         (clock system_i/mdm_1/U0/Use_E2.BSCAN_I/Use_E2.BSCANE2_I/UPDATE rise edge)
                                                     33.333    33.333 r  
    BSCAN_X0Y1           BSCANE2                      0.000    33.333 r  system_i/mdm_1/U0/Use_E2.BSCAN_I/Use_E2.BSCANE2_I/UPDATE
                         net (fo=2, routed)           1.774    35.107    system_i/mdm_1/U0/Ext_JTAG_UPDATE__0
    BUFGCTRL_X0Y2        BUFG (Prop_bufg_I_O)         0.091    35.198 r  system_i/mdm_1/U0/Ext_JTAG_UPDATE_BUFG_inst/O
                         net (fo=38, routed)          1.454    36.652    system_i/microblaze_0/U0/MicroBlaze_Core_I/Performance.Core/Use_Debug_Logic.Master_Core.Debug_Perf/Dbg_Update
    SLICE_X56Y0          FDCE                                         r  system_i/microblaze_0/U0/MicroBlaze_Core_I/Performance.Core/Use_Debug_Logic.Master_Core.Debug_Perf/Serial_Dbg_Intf.single_Step_TClk_reg/C
                         clock pessimism              0.376    37.028    
                         clock uncertainty           -0.035    36.993    
    SLICE_X56Y0          FDCE (Setup_fdce_C_CE)      -0.169    36.824    system_i/microblaze_0/U0/MicroBlaze_Core_I/Performance.Core/Use_Debug_Logic.Master_Core.Debug_Perf/Serial_Dbg_Intf.single_Step_TClk_reg
  -------------------------------------------------------------------
                         required time                         36.824    
                         arrival time                         -25.463    
  -------------------------------------------------------------------
                         slack                                 11.361    

Slack (MET) :             11.492ns  (required time - arrival time)
  Source:                 system_i/mdm_1/U0/MDM_Core_I1/JTAG_CONTROL_I/Use_BSCAN.command_reg[3]/C
                            (falling edge-triggered cell FDCE clocked by system_i/mdm_1/U0/Use_E2.BSCAN_I/Use_E2.BSCANE2_I/UPDATE  {rise@0.000ns fall@16.667ns period=33.333ns})
  Destination:            system_i/microblaze_0/U0/MicroBlaze_Core_I/Performance.Core/Use_Debug_Logic.Master_Core.Debug_Perf/Serial_Dbg_Intf.control_reg_reg[4]/CE
                            (rising edge-triggered cell FDCE clocked by system_i/mdm_1/U0/Use_E2.BSCAN_I/Use_E2.BSCANE2_I/UPDATE  {rise@0.000ns fall@16.667ns period=33.333ns})
  Path Group:             system_i/mdm_1/U0/Use_E2.BSCAN_I/Use_E2.BSCANE2_I/UPDATE
  Path Type:              Setup (Max at Slow Process Corner)
  Requirement:            16.667ns  (system_i/mdm_1/U0/Use_E2.BSCAN_I/Use_E2.BSCANE2_I/UPDATE rise@33.333ns - system_i/mdm_1/U0/Use_E2.BSCAN_I/Use_E2.BSCANE2_I/UPDATE fall@16.667ns)
  Data Path Delay:        4.973ns  (logic 0.896ns (18.018%)  route 4.077ns (81.982%))
  Logic Levels:           3  (LUT3=1 LUT4=1 LUT5=1)
  Clock Path Skew:        0.039ns (DCD - SCD + CPR)
    Destination Clock Delay (DCD):    3.383ns = ( 36.716 - 33.333 ) 
    Source Clock Delay      (SCD):    3.720ns = ( 20.387 - 16.667 ) 
    Clock Pessimism Removal (CPR):    0.376ns
  Clock Uncertainty:      0.035ns  ((TSJ^2 + TIJ^2)^1/2 + DJ) / 2 + PE
    Total System Jitter     (TSJ):    0.071ns
    Total Input Jitter      (TIJ):    0.000ns
    Discrete Jitter          (DJ):    0.000ns
    Phase Error              (PE):    0.000ns

    Location             Delay type                Incr(ns)  Path(ns)    Netlist Resource(s)
  -------------------------------------------------------------------    -------------------
                         (clock system_i/mdm_1/U0/Use_E2.BSCAN_I/Use_E2.BSCANE2_I/UPDATE fall edge)
                                                     16.667    16.667 f  
    BSCAN_X0Y1           BSCANE2                      0.000    16.667 f  system_i/mdm_1/U0/Use_E2.BSCAN_I/Use_E2.BSCANE2_I/UPDATE
                         net (fo=2, routed)           2.065    18.731    system_i/mdm_1/U0/Ext_JTAG_UPDATE__0
    BUFGCTRL_X0Y2        BUFG (Prop_bufg_I_O)         0.096    18.827 f  system_i/mdm_1/U0/Ext_JTAG_UPDATE_BUFG_inst/O
                         net (fo=38, routed)          1.559    20.387    system_i/mdm_1/U0/MDM_Core_I1/JTAG_CONTROL_I/CLK
    SLICE_X50Y19         FDCE                                         r  system_i/mdm_1/U0/MDM_Core_I1/JTAG_CONTROL_I/Use_BSCAN.command_reg[3]/C  (IS_INVERTED)
  -------------------------------------------------------------------    -------------------
    SLICE_X50Y19         FDCE (Prop_fdce_C_Q)         0.524    20.911 f  system_i/mdm_1/U0/MDM_Core_I1/JTAG_CONTROL_I/Use_BSCAN.command_reg[3]/Q
                         net (fo=6, routed)           1.283    22.194    system_i/mdm_1/U0/MDM_Core_I1/JTAG_CONTROL_I/Use_BSCAN.FDC_I/Q[4]
    SLICE_X50Y15         LUT3 (Prop_lut3_I2_O)        0.124    22.318 f  system_i/mdm_1/U0/MDM_Core_I1/JTAG_CONTROL_I/Use_BSCAN.FDC_I/Dbg_Reg_En_0[3]_INST_0/O
                         net (fo=4, routed)           0.871    23.189    system_i/microblaze_0/U0/MicroBlaze_Core_I/Performance.Core/Use_Debug_Logic.Master_Core.Debug_Perf/Dbg_Reg_En[3]
    SLICE_X49Y15         LUT4 (Prop_lut4_I2_O)        0.124    23.313 f  system_i/microblaze_0/U0/MicroBlaze_Core_I/Performance.Core/Use_Debug_Logic.Master_Core.Debug_Perf/Serial_Dbg_Intf.dbg_wakeup_i_i_3/O
                         net (fo=5, routed)           0.357    23.670    system_i/microblaze_0/U0/MicroBlaze_Core_I/Performance.Core/Use_Debug_Logic.Master_Core.Debug_Perf/Use_Serial_Unified_Completion.completion_block_reg
    SLICE_X50Y14         LUT5 (Prop_lut5_I0_O)        0.124    23.794 r  system_i/microblaze_0/U0/MicroBlaze_Core_I/Performance.Core/Use_Debug_Logic.Master_Core.Debug_Perf/Serial_Dbg_Intf.dbg_wakeup_i_i_1/O
                         net (fo=8, routed)           1.565    25.360    system_i/microblaze_0/U0/MicroBlaze_Core_I/Performance.Core/Use_Debug_Logic.Master_Core.Debug_Perf/Control_Reg_En
    SLICE_X58Y3          FDCE                                         r  system_i/microblaze_0/U0/MicroBlaze_Core_I/Performance.Core/Use_Debug_Logic.Master_Core.Debug_Perf/Serial_Dbg_Intf.control_reg_reg[4]/CE
  -------------------------------------------------------------------    -------------------

                         (clock system_i/mdm_1/U0/Use_E2.BSCAN_I/Use_E2.BSCANE2_I/UPDATE rise edge)
                                                     33.333    33.333 r  
    BSCAN_X0Y1           BSCANE2                      0.000    33.333 r  system_i/mdm_1/U0/Use_E2.BSCAN_I/Use_E2.BSCANE2_I/UPDATE
                         net (fo=2, routed)           1.774    35.107    system_i/mdm_1/U0/Ext_JTAG_UPDATE__0
    BUFGCTRL_X0Y2        BUFG (Prop_bufg_I_O)         0.091    35.198 r  system_i/mdm_1/U0/Ext_JTAG_UPDATE_BUFG_inst/O
                         net (fo=38, routed)          1.518    36.716    system_i/microblaze_0/U0/MicroBlaze_Core_I/Performance.Core/Use_Debug_Logic.Master_Core.Debug_Perf/Dbg_Update
    SLICE_X58Y3          FDCE                                         r  system_i/microblaze_0/U0/MicroBlaze_Core_I/Performance.Core/Use_Debug_Logic.Master_Core.Debug_Perf/Serial_Dbg_Intf.control_reg_reg[4]/C
                         clock pessimism              0.376    37.092    
                         clock uncertainty           -0.035    37.057    
    SLICE_X58Y3          FDCE (Setup_fdce_C_CE)      -0.205    36.852    system_i/microblaze_0/U0/MicroBlaze_Core_I/Performance.Core/Use_Debug_Logic.Master_Core.Debug_Perf/Serial_Dbg_Intf.control_reg_reg[4]
  -------------------------------------------------------------------
                         required time                         36.852    
                         arrival time                         -25.360    
  -------------------------------------------------------------------
                         slack                                 11.492    

Slack (MET) :             11.628ns  (required time - arrival time)
  Source:                 system_i/mdm_1/U0/MDM_Core_I1/JTAG_CONTROL_I/Use_BSCAN.command_reg[3]/C
                            (falling edge-triggered cell FDCE clocked by system_i/mdm_1/U0/Use_E2.BSCAN_I/Use_E2.BSCANE2_I/UPDATE  {rise@0.000ns fall@16.667ns period=33.333ns})
  Destination:            system_i/microblaze_0/U0/MicroBlaze_Core_I/Performance.Core/Use_Debug_Logic.Master_Core.Debug_Perf/Serial_Dbg_Intf.continue_from_brk_TClk_reg/CE
                            (rising edge-triggered cell FDCE clocked by system_i/mdm_1/U0/Use_E2.BSCAN_I/Use_E2.BSCANE2_I/UPDATE  {rise@0.000ns fall@16.667ns period=33.333ns})
  Path Group:             system_i/mdm_1/U0/Use_E2.BSCAN_I/Use_E2.BSCANE2_I/UPDATE
  Path Type:              Setup (Max at Slow Process Corner)
  Requirement:            16.667ns  (system_i/mdm_1/U0/Use_E2.BSCAN_I/Use_E2.BSCANE2_I/UPDATE rise@33.333ns - system_i/mdm_1/U0/Use_E2.BSCAN_I/Use_E2.BSCANE2_I/UPDATE fall@16.667ns)
  Data Path Delay:        4.771ns  (logic 0.896ns (18.780%)  route 3.875ns (81.220%))
  Logic Levels:           3  (LUT3=1 LUT4=1 LUT5=1)
  Clock Path Skew:        -0.027ns (DCD - SCD + CPR)
    Destination Clock Delay (DCD):    3.317ns = ( 36.650 - 33.333 ) 
    Source Clock Delay      (SCD):    3.720ns = ( 20.387 - 16.667 ) 
    Clock Pessimism Removal (CPR):    0.376ns
  Clock Uncertainty:      0.035ns  ((TSJ^2 + TIJ^2)^1/2 + DJ) / 2 + PE
    Total System Jitter     (TSJ):    0.071ns
    Total Input Jitter      (TIJ):    0.000ns
    Discrete Jitter          (DJ):    0.000ns
    Phase Error              (PE):    0.000ns

    Location             Delay type                Incr(ns)  Path(ns)    Netlist Resource(s)
  -------------------------------------------------------------------    -------------------
                         (clock system_i/mdm_1/U0/Use_E2.BSCAN_I/Use_E2.BSCANE2_I/UPDATE fall edge)
                                                     16.667    16.667 f  
    BSCAN_X0Y1           BSCANE2                      0.000    16.667 f  system_i/mdm_1/U0/Use_E2.BSCAN_I/Use_E2.BSCANE2_I/UPDATE
                         net (fo=2, routed)           2.065    18.731    system_i/mdm_1/U0/Ext_JTAG_UPDATE__0
    BUFGCTRL_X0Y2        BUFG (Prop_bufg_I_O)         0.096    18.827 f  system_i/mdm_1/U0/Ext_JTAG_UPDATE_BUFG_inst/O
                         net (fo=38, routed)          1.559    20.387    system_i/mdm_1/U0/MDM_Core_I1/JTAG_CONTROL_I/CLK
    SLICE_X50Y19         FDCE                                         r  system_i/mdm_1/U0/MDM_Core_I1/JTAG_CONTROL_I/Use_BSCAN.command_reg[3]/C  (IS_INVERTED)
  -------------------------------------------------------------------    -------------------
    SLICE_X50Y19         FDCE (Prop_fdce_C_Q)         0.524    20.911 f  system_i/mdm_1/U0/MDM_Core_I1/JTAG_CONTROL_I/Use_BSCAN.command_reg[3]/Q
                         net (fo=6, routed)           1.283    22.194    system_i/mdm_1/U0/MDM_Core_I1/JTAG_CONTROL_I/Use_BSCAN.FDC_I/Q[4]
    SLICE_X50Y15         LUT3 (Prop_lut3_I2_O)        0.124    22.318 f  system_i/mdm_1/U0/MDM_Core_I1/JTAG_CONTROL_I/Use_BSCAN.FDC_I/Dbg_Reg_En_0[3]_INST_0/O
                         net (fo=4, routed)           0.871    23.189    system_i/microblaze_0/U0/MicroBlaze_Core_I/Performance.Core/Use_Debug_Logic.Master_Core.Debug_Perf/Dbg_Reg_En[3]
    SLICE_X49Y15         LUT4 (Prop_lut4_I2_O)        0.124    23.313 f  system_i/microblaze_0/U0/MicroBlaze_Core_I/Performance.Core/Use_Debug_Logic.Master_Core.Debug_Perf/Serial_Dbg_Intf.dbg_wakeup_i_i_3/O
                         net (fo=5, routed)           0.357    23.670    system_i/microblaze_0/U0/MicroBlaze_Core_I/Performance.Core/Use_Debug_Logic.Master_Core.Debug_Perf/Use_Serial_Unified_Completion.completion_block_reg
    SLICE_X50Y14         LUT5 (Prop_lut5_I0_O)        0.124    23.794 r  system_i/microblaze_0/U0/MicroBlaze_Core_I/Performance.Core/Use_Debug_Logic.Master_Core.Debug_Perf/Serial_Dbg_Intf.dbg_wakeup_i_i_1/O
                         net (fo=8, routed)           1.363    25.158    system_i/microblaze_0/U0/MicroBlaze_Core_I/Performance.Core/Use_Debug_Logic.Master_Core.Debug_Perf/Control_Reg_En
    SLICE_X55Y3          FDCE                                         r  system_i/microblaze_0/U0/MicroBlaze_Core_I/Performance.Core/Use_Debug_Logic.Master_Core.Debug_Perf/Serial_Dbg_Intf.continue_from_brk_TClk_reg/CE
  -------------------------------------------------------------------    -------------------

                         (clock system_i/mdm_1/U0/Use_E2.BSCAN_I/Use_E2.BSCANE2_I/UPDATE rise edge)
                                                     33.333    33.333 r  
    BSCAN_X0Y1           BSCANE2                      0.000    33.333 r  system_i/mdm_1/U0/Use_E2.BSCAN_I/Use_E2.BSCANE2_I/UPDATE
                         net (fo=2, routed)           1.774    35.107    system_i/mdm_1/U0/Ext_JTAG_UPDATE__0
    BUFGCTRL_X0Y2        BUFG (Prop_bufg_I_O)         0.091    35.198 r  system_i/mdm_1/U0/Ext_JTAG_UPDATE_BUFG_inst/O
                         net (fo=38, routed)          1.452    36.650    system_i/microblaze_0/U0/MicroBlaze_Core_I/Performance.Core/Use_Debug_Logic.Master_Core.Debug_Perf/Dbg_Update
    SLICE_X55Y3          FDCE                                         r  system_i/microblaze_0/U0/MicroBlaze_Core_I/Performance.Core/Use_Debug_Logic.Master_Core.Debug_Perf/Serial_Dbg_Intf.continue_from_brk_TClk_reg/C
                         clock pessimism              0.376    37.026    
                         clock uncertainty           -0.035    36.991    
    SLICE_X55Y3          FDCE (Setup_fdce_C_CE)      -0.205    36.786    system_i/microblaze_0/U0/MicroBlaze_Core_I/Performance.Core/Use_Debug_Logic.Master_Core.Debug_Perf/Serial_Dbg_Intf.continue_from_brk_TClk_reg
  -------------------------------------------------------------------
                         required time                         36.786    
                         arrival time                         -25.158    
  -------------------------------------------------------------------
                         slack                                 11.628    

Slack (MET) :             11.959ns  (required time - arrival time)
  Source:                 system_i/mdm_1/U0/MDM_Core_I1/JTAG_CONTROL_I/Use_BSCAN.command_reg[3]/C
                            (falling edge-triggered cell FDCE clocked by system_i/mdm_1/U0/Use_E2.BSCAN_I/Use_E2.BSCANE2_I/UPDATE  {rise@0.000ns fall@16.667ns period=33.333ns})
  Destination:            system_i/microblaze_0/U0/MicroBlaze_Core_I/Performance.Core/Use_Debug_Logic.Master_Core.Debug_Perf/Serial_Dbg_Intf.normal_stop_TClk_reg/CE
                            (rising edge-triggered cell FDCE clocked by system_i/mdm_1/U0/Use_E2.BSCAN_I/Use_E2.BSCANE2_I/UPDATE  {rise@0.000ns fall@16.667ns period=33.333ns})
  Path Group:             system_i/mdm_1/U0/Use_E2.BSCAN_I/Use_E2.BSCANE2_I/UPDATE
  Path Type:              Setup (Max at Slow Process Corner)
  Requirement:            16.667ns  (system_i/mdm_1/U0/Use_E2.BSCAN_I/Use_E2.BSCANE2_I/UPDATE rise@33.333ns - system_i/mdm_1/U0/Use_E2.BSCAN_I/Use_E2.BSCANE2_I/UPDATE fall@16.667ns)
  Data Path Delay:        4.440ns  (logic 0.896ns (20.181%)  route 3.544ns (79.819%))
  Logic Levels:           3  (LUT3=1 LUT4=1 LUT5=1)
  Clock Path Skew:        -0.027ns (DCD - SCD + CPR)
    Destination Clock Delay (DCD):    3.317ns = ( 36.650 - 33.333 ) 
    Source Clock Delay      (SCD):    3.720ns = ( 20.387 - 16.667 ) 
    Clock Pessimism Removal (CPR):    0.376ns
  Clock Uncertainty:      0.035ns  ((TSJ^2 + TIJ^2)^1/2 + DJ) / 2 + PE
    Total System Jitter     (TSJ):    0.071ns
    Total Input Jitter      (TIJ):    0.000ns
    Discrete Jitter          (DJ):    0.000ns
    Phase Error              (PE):    0.000ns

    Location             Delay type                Incr(ns)  Path(ns)    Netlist Resource(s)
  -------------------------------------------------------------------    -------------------
                         (clock system_i/mdm_1/U0/Use_E2.BSCAN_I/Use_E2.BSCANE2_I/UPDATE fall edge)
                                                     16.667    16.667 f  
    BSCAN_X0Y1           BSCANE2                      0.000    16.667 f  system_i/mdm_1/U0/Use_E2.BSCAN_I/Use_E2.BSCANE2_I/UPDATE
                         net (fo=2, routed)           2.065    18.731    system_i/mdm_1/U0/Ext_JTAG_UPDATE__0
    BUFGCTRL_X0Y2        BUFG (Prop_bufg_I_O)         0.096    18.827 f  system_i/mdm_1/U0/Ext_JTAG_UPDATE_BUFG_inst/O
                         net (fo=38, routed)          1.559    20.387    system_i/mdm_1/U0/MDM_Core_I1/JTAG_CONTROL_I/CLK
    SLICE_X50Y19         FDCE                                         r  system_i/mdm_1/U0/MDM_Core_I1/JTAG_CONTROL_I/Use_BSCAN.command_reg[3]/C  (IS_INVERTED)
  -------------------------------------------------------------------    -------------------
    SLICE_X50Y19         FDCE (Prop_fdce_C_Q)         0.524    20.911 f  system_i/mdm_1/U0/MDM_Core_I1/JTAG_CONTROL_I/Use_BSCAN.command_reg[3]/Q
                         net (fo=6, routed)           1.283    22.194    system_i/mdm_1/U0/MDM_Core_I1/JTAG_CONTROL_I/Use_BSCAN.FDC_I/Q[4]
    SLICE_X50Y15         LUT3 (Prop_lut3_I2_O)        0.124    22.318 f  system_i/mdm_1/U0/MDM_Core_I1/JTAG_CONTROL_I/Use_BSCAN.FDC_I/Dbg_Reg_En_0[3]_INST_0/O
                         net (fo=4, routed)           0.871    23.189    system_i/microblaze_0/U0/MicroBlaze_Core_I/Performance.Core/Use_Debug_Logic.Master_Core.Debug_Perf/Dbg_Reg_En[3]
    SLICE_X49Y15         LUT4 (Prop_lut4_I2_O)        0.124    23.313 f  system_i/microblaze_0/U0/MicroBlaze_Core_I/Performance.Core/Use_Debug_Logic.Master_Core.Debug_Perf/Serial_Dbg_Intf.dbg_wakeup_i_i_3/O
                         net (fo=5, routed)           0.357    23.670    system_i/microblaze_0/U0/MicroBlaze_Core_I/Performance.Core/Use_Debug_Logic.Master_Core.Debug_Perf/Use_Serial_Unified_Completion.completion_block_reg
    SLICE_X50Y14         LUT5 (Prop_lut5_I0_O)        0.124    23.794 r  system_i/microblaze_0/U0/MicroBlaze_Core_I/Performance.Core/Use_Debug_Logic.Master_Core.Debug_Perf/Serial_Dbg_Intf.dbg_wakeup_i_i_1/O
                         net (fo=8, routed)           1.032    24.827    system_i/microblaze_0/U0/MicroBlaze_Core_I/Performance.Core/Use_Debug_Logic.Master_Core.Debug_Perf/Control_Reg_En
    SLICE_X57Y8          FDCE                                         r  system_i/microblaze_0/U0/MicroBlaze_Core_I/Performance.Core/Use_Debug_Logic.Master_Core.Debug_Perf/Serial_Dbg_Intf.normal_stop_TClk_reg/CE
  -------------------------------------------------------------------    -------------------

                         (clock system_i/mdm_1/U0/Use_E2.BSCAN_I/Use_E2.BSCANE2_I/UPDATE rise edge)
                                                     33.333    33.333 r  
    BSCAN_X0Y1           BSCANE2                      0.000    33.333 r  system_i/mdm_1/U0/Use_E2.BSCAN_I/Use_E2.BSCANE2_I/UPDATE
                         net (fo=2, routed)           1.774    35.107    system_i/mdm_1/U0/Ext_JTAG_UPDATE__0
    BUFGCTRL_X0Y2        BUFG (Prop_bufg_I_O)         0.091    35.198 r  system_i/mdm_1/U0/Ext_JTAG_UPDATE_BUFG_inst/O
                         net (fo=38, routed)          1.452    36.650    system_i/microblaze_0/U0/MicroBlaze_Core_I/Performance.Core/Use_Debug_Logic.Master_Core.Debug_Perf/Dbg_Update
    SLICE_X57Y8          FDCE                                         r  system_i/microblaze_0/U0/MicroBlaze_Core_I/Performance.Core/Use_Debug_Logic.Master_Core.Debug_Perf/Serial_Dbg_Intf.normal_stop_TClk_reg/C
                         clock pessimism              0.376    37.026    
                         clock uncertainty           -0.035    36.991    
    SLICE_X57Y8          FDCE (Setup_fdce_C_CE)      -0.205    36.786    system_i/microblaze_0/U0/MicroBlaze_Core_I/Performance.Core/Use_Debug_Logic.Master_Core.Debug_Perf/Serial_Dbg_Intf.normal_stop_TClk_reg
  -------------------------------------------------------------------
                         required time                         36.786    
                         arrival time                         -24.827    
  -------------------------------------------------------------------
                         slack                                 11.959    

Slack (MET) :             11.977ns  (required time - arrival time)
  Source:                 system_i/mdm_1/U0/MDM_Core_I1/JTAG_CONTROL_I/Use_BSCAN.command_reg[3]/C
                            (falling edge-triggered cell FDCE clocked by system_i/mdm_1/U0/Use_E2.BSCAN_I/Use_E2.BSCANE2_I/UPDATE  {rise@0.000ns fall@16.667ns period=33.333ns})
  Destination:            system_i/microblaze_0/U0/MicroBlaze_Core_I/Performance.Core/Use_Debug_Logic.Master_Core.Debug_Perf/Serial_Dbg_Intf.control_reg_reg[8]/CE
                            (rising edge-triggered cell FDCE clocked by system_i/mdm_1/U0/Use_E2.BSCAN_I/Use_E2.BSCANE2_I/UPDATE  {rise@0.000ns fall@16.667ns period=33.333ns})
  Path Group:             system_i/mdm_1/U0/Use_E2.BSCAN_I/Use_E2.BSCANE2_I/UPDATE
  Path Type:              Setup (Max at Slow Process Corner)
  Requirement:            16.667ns  (system_i/mdm_1/U0/Use_E2.BSCAN_I/Use_E2.BSCANE2_I/UPDATE rise@33.333ns - system_i/mdm_1/U0/Use_E2.BSCAN_I/Use_E2.BSCANE2_I/UPDATE fall@16.667ns)
  Data Path Delay:        4.436ns  (logic 0.896ns (20.200%)  route 3.540ns (79.800%))
  Logic Levels:           3  (LUT3=1 LUT4=1 LUT5=1)
  Clock Path Skew:        -0.014ns (DCD - SCD + CPR)
    Destination Clock Delay (DCD):    3.316ns = ( 36.649 - 33.333 ) 
    Source Clock Delay      (SCD):    3.720ns = ( 20.387 - 16.667 ) 
    Clock Pessimism Removal (CPR):    0.390ns
  Clock Uncertainty:      0.035ns  ((TSJ^2 + TIJ^2)^1/2 + DJ) / 2 + PE
    Total System Jitter     (TSJ):    0.071ns
    Total Input Jitter      (TIJ):    0.000ns
    Discrete Jitter          (DJ):    0.000ns
    Phase Error              (PE):    0.000ns

    Location             Delay type                Incr(ns)  Path(ns)    Netlist Resource(s)
  -------------------------------------------------------------------    -------------------
                         (clock system_i/mdm_1/U0/Use_E2.BSCAN_I/Use_E2.BSCANE2_I/UPDATE fall edge)
                                                     16.667    16.667 f  
    BSCAN_X0Y1           BSCANE2                      0.000    16.667 f  system_i/mdm_1/U0/Use_E2.BSCAN_I/Use_E2.BSCANE2_I/UPDATE
                         net (fo=2, routed)           2.065    18.731    system_i/mdm_1/U0/Ext_JTAG_UPDATE__0
    BUFGCTRL_X0Y2        BUFG (Prop_bufg_I_O)         0.096    18.827 f  system_i/mdm_1/U0/Ext_JTAG_UPDATE_BUFG_inst/O
                         net (fo=38, routed)          1.559    20.387    system_i/mdm_1/U0/MDM_Core_I1/JTAG_CONTROL_I/CLK
    SLICE_X50Y19         FDCE                                         r  system_i/mdm_1/U0/MDM_Core_I1/JTAG_CONTROL_I/Use_BSCAN.command_reg[3]/C  (IS_INVERTED)
  -------------------------------------------------------------------    -------------------
    SLICE_X50Y19         FDCE (Prop_fdce_C_Q)         0.524    20.911 f  system_i/mdm_1/U0/MDM_Core_I1/JTAG_CONTROL_I/Use_BSCAN.command_reg[3]/Q
                         net (fo=6, routed)           1.283    22.194    system_i/mdm_1/U0/MDM_Core_I1/JTAG_CONTROL_I/Use_BSCAN.FDC_I/Q[4]
    SLICE_X50Y15         LUT3 (Prop_lut3_I2_O)        0.124    22.318 f  system_i/mdm_1/U0/MDM_Core_I1/JTAG_CONTROL_I/Use_BSCAN.FDC_I/Dbg_Reg_En_0[3]_INST_0/O
                         net (fo=4, routed)           0.871    23.189    system_i/microblaze_0/U0/MicroBlaze_Core_I/Performance.Core/Use_Debug_Logic.Master_Core.Debug_Perf/Dbg_Reg_En[3]
    SLICE_X49Y15         LUT4 (Prop_lut4_I2_O)        0.124    23.313 f  system_i/microblaze_0/U0/MicroBlaze_Core_I/Performance.Core/Use_Debug_Logic.Master_Core.Debug_Perf/Serial_Dbg_Intf.dbg_wakeup_i_i_3/O
                         net (fo=5, routed)           0.357    23.670    system_i/microblaze_0/U0/MicroBlaze_Core_I/Performance.Core/Use_Debug_Logic.Master_Core.Debug_Perf/Use_Serial_Unified_Completion.completion_block_reg
    SLICE_X50Y14         LUT5 (Prop_lut5_I0_O)        0.124    23.794 r  system_i/microblaze_0/U0/MicroBlaze_Core_I/Performance.Core/Use_Debug_Logic.Master_Core.Debug_Perf/Serial_Dbg_Intf.dbg_wakeup_i_i_1/O
                         net (fo=8, routed)           1.028    24.822    system_i/microblaze_0/U0/MicroBlaze_Core_I/Performance.Core/Use_Debug_Logic.Master_Core.Debug_Perf/Control_Reg_En
    SLICE_X51Y7          FDCE                                         r  system_i/microblaze_0/U0/MicroBlaze_Core_I/Performance.Core/Use_Debug_Logic.Master_Core.Debug_Perf/Serial_Dbg_Intf.control_reg_reg[8]/CE
  -------------------------------------------------------------------    -------------------

                         (clock system_i/mdm_1/U0/Use_E2.BSCAN_I/Use_E2.BSCANE2_I/UPDATE rise edge)
                                                     33.333    33.333 r  
    BSCAN_X0Y1           BSCANE2                      0.000    33.333 r  system_i/mdm_1/U0/Use_E2.BSCAN_I/Use_E2.BSCANE2_I/UPDATE
                         net (fo=2, routed)           1.774    35.107    system_i/mdm_1/U0/Ext_JTAG_UPDATE__0
    BUFGCTRL_X0Y2        BUFG (Prop_bufg_I_O)         0.091    35.198 r  system_i/mdm_1/U0/Ext_JTAG_UPDATE_BUFG_inst/O
                         net (fo=38, routed)          1.451    36.649    system_i/microblaze_0/U0/MicroBlaze_Core_I/Performance.Core/Use_Debug_Logic.Master_Core.Debug_Perf/Dbg_Update
    SLICE_X51Y7          FDCE                                         r  system_i/microblaze_0/U0/MicroBlaze_Core_I/Performance.Core/Use_Debug_Logic.Master_Core.Debug_Perf/Serial_Dbg_Intf.control_reg_reg[8]/C
                         clock pessimism              0.390    37.039    
                         clock uncertainty           -0.035    37.004    
    SLICE_X51Y7          FDCE (Setup_fdce_C_CE)      -0.205    36.799    system_i/microblaze_0/U0/MicroBlaze_Core_I/Performance.Core/Use_Debug_Logic.Master_Core.Debug_Perf/Serial_Dbg_Intf.control_reg_reg[8]
  -------------------------------------------------------------------
                         required time                         36.799    
                         arrival time                         -24.822    
  -------------------------------------------------------------------
                         slack                                 11.977    

Slack (MET) :             11.984ns  (required time - arrival time)
  Source:                 system_i/mdm_1/U0/MDM_Core_I1/JTAG_CONTROL_I/Use_BSCAN.command_reg[3]/C
                            (falling edge-triggered cell FDCE clocked by system_i/mdm_1/U0/Use_E2.BSCAN_I/Use_E2.BSCANE2_I/UPDATE  {rise@0.000ns fall@16.667ns period=33.333ns})
  Destination:            system_i/microblaze_0/U0/MicroBlaze_Core_I/Performance.Core/Use_Debug_Logic.Master_Core.Debug_Perf/Serial_Dbg_Intf.control_reg_reg[0]/CE
                            (rising edge-triggered cell FDCE clocked by system_i/mdm_1/U0/Use_E2.BSCAN_I/Use_E2.BSCANE2_I/UPDATE  {rise@0.000ns fall@16.667ns period=33.333ns})
  Path Group:             system_i/mdm_1/U0/Use_E2.BSCAN_I/Use_E2.BSCANE2_I/UPDATE
  Path Type:              Setup (Max at Slow Process Corner)
  Requirement:            16.667ns  (system_i/mdm_1/U0/Use_E2.BSCAN_I/Use_E2.BSCANE2_I/UPDATE rise@33.333ns - system_i/mdm_1/U0/Use_E2.BSCAN_I/Use_E2.BSCANE2_I/UPDATE fall@16.667ns)
  Data Path Delay:        4.452ns  (logic 0.896ns (20.126%)  route 3.556ns (79.874%))
  Logic Levels:           3  (LUT3=1 LUT4=1 LUT5=1)
  Clock Path Skew:        -0.026ns (DCD - SCD + CPR)
    Destination Clock Delay (DCD):    3.318ns = ( 36.651 - 33.333 ) 
    Source Clock Delay      (SCD):    3.720ns = ( 20.387 - 16.667 ) 
    Clock Pessimism Removal (CPR):    0.376ns
  Clock Uncertainty:      0.035ns  ((TSJ^2 + TIJ^2)^1/2 + DJ) / 2 + PE
    Total System Jitter     (TSJ):    0.071ns
    Total Input Jitter      (TIJ):    0.000ns
    Discrete Jitter          (DJ):    0.000ns
    Phase Error              (PE):    0.000ns

    Location             Delay type                Incr(ns)  Path(ns)    Netlist Resource(s)
  -------------------------------------------------------------------    -------------------
                         (clock system_i/mdm_1/U0/Use_E2.BSCAN_I/Use_E2.BSCANE2_I/UPDATE fall edge)
                                                     16.667    16.667 f  
    BSCAN_X0Y1           BSCANE2                      0.000    16.667 f  system_i/mdm_1/U0/Use_E2.BSCAN_I/Use_E2.BSCANE2_I/UPDATE
                         net (fo=2, routed)           2.065    18.731    system_i/mdm_1/U0/Ext_JTAG_UPDATE__0
    BUFGCTRL_X0Y2        BUFG (Prop_bufg_I_O)         0.096    18.827 f  system_i/mdm_1/U0/Ext_JTAG_UPDATE_BUFG_inst/O
                         net (fo=38, routed)          1.559    20.387    system_i/mdm_1/U0/MDM_Core_I1/JTAG_CONTROL_I/CLK
    SLICE_X50Y19         FDCE                                         r  system_i/mdm_1/U0/MDM_Core_I1/JTAG_CONTROL_I/Use_BSCAN.command_reg[3]/C  (IS_INVERTED)
  -------------------------------------------------------------------    -------------------
    SLICE_X50Y19         FDCE (Prop_fdce_C_Q)         0.524    20.911 f  system_i/mdm_1/U0/MDM_Core_I1/JTAG_CONTROL_I/Use_BSCAN.command_reg[3]/Q
                         net (fo=6, routed)           1.283    22.194    system_i/mdm_1/U0/MDM_Core_I1/JTAG_CONTROL_I/Use_BSCAN.FDC_I/Q[4]
    SLICE_X50Y15         LUT3 (Prop_lut3_I2_O)        0.124    22.318 f  system_i/mdm_1/U0/MDM_Core_I1/JTAG_CONTROL_I/Use_BSCAN.FDC_I/Dbg_Reg_En_0[3]_INST_0/O
                         net (fo=4, routed)           0.871    23.189    system_i/microblaze_0/U0/MicroBlaze_Core_I/Performance.Core/Use_Debug_Logic.Master_Core.Debug_Perf/Dbg_Reg_En[3]
    SLICE_X49Y15         LUT4 (Prop_lut4_I2_O)        0.124    23.313 f  system_i/microblaze_0/U0/MicroBlaze_Core_I/Performance.Core/Use_Debug_Logic.Master_Core.Debug_Perf/Serial_Dbg_Intf.dbg_wakeup_i_i_3/O
                         net (fo=5, routed)           0.357    23.670    system_i/microblaze_0/U0/MicroBlaze_Core_I/Performance.Core/Use_Debug_Logic.Master_Core.Debug_Perf/Use_Serial_Unified_Completion.completion_block_reg
    SLICE_X50Y14         LUT5 (Prop_lut5_I0_O)        0.124    23.794 r  system_i/microblaze_0/U0/MicroBlaze_Core_I/Performance.Core/Use_Debug_Logic.Master_Core.Debug_Perf/Serial_Dbg_Intf.dbg_wakeup_i_i_1/O
                         net (fo=8, routed)           1.044    24.839    system_i/microblaze_0/U0/MicroBlaze_Core_I/Performance.Core/Use_Debug_Logic.Master_Core.Debug_Perf/Control_Reg_En
    SLICE_X56Y5          FDCE                                         r  system_i/microblaze_0/U0/MicroBlaze_Core_I/Performance.Core/Use_Debug_Logic.Master_Core.Debug_Perf/Serial_Dbg_Intf.control_reg_reg[0]/CE
  -------------------------------------------------------------------    -------------------

                         (clock system_i/mdm_1/U0/Use_E2.BSCAN_I/Use_E2.BSCANE2_I/UPDATE rise edge)
                                                     33.333    33.333 r  
    BSCAN_X0Y1           BSCANE2                      0.000    33.333 r  system_i/mdm_1/U0/Use_E2.BSCAN_I/Use_E2.BSCANE2_I/UPDATE
                         net (fo=2, routed)           1.774    35.107    system_i/mdm_1/U0/Ext_JTAG_UPDATE__0
    BUFGCTRL_X0Y2        BUFG (Prop_bufg_I_O)         0.091    35.198 r  system_i/mdm_1/U0/Ext_JTAG_UPDATE_BUFG_inst/O
                         net (fo=38, routed)          1.453    36.651    system_i/microblaze_0/U0/MicroBlaze_Core_I/Performance.Core/Use_Debug_Logic.Master_Core.Debug_Perf/Dbg_Update
    SLICE_X56Y5          FDCE                                         r  system_i/microblaze_0/U0/MicroBlaze_Core_I/Performance.Core/Use_Debug_Logic.Master_Core.Debug_Perf/Serial_Dbg_Intf.control_reg_reg[0]/C
                         clock pessimism              0.376    37.027    
                         clock uncertainty           -0.035    36.992    
    SLICE_X56Y5          FDCE (Setup_fdce_C_CE)      -0.169    36.823    system_i/microblaze_0/U0/MicroBlaze_Core_I/Performance.Core/Use_Debug_Logic.Master_Core.Debug_Perf/Serial_Dbg_Intf.control_reg_reg[0]
  -------------------------------------------------------------------
                         required time                         36.823    
                         arrival time                         -24.839    
  -------------------------------------------------------------------
                         slack                                 11.984    

Slack (MET) :             11.984ns  (required time - arrival time)
  Source:                 system_i/mdm_1/U0/MDM_Core_I1/JTAG_CONTROL_I/Use_BSCAN.command_reg[3]/C
                            (falling edge-triggered cell FDCE clocked by system_i/mdm_1/U0/Use_E2.BSCAN_I/Use_E2.BSCANE2_I/UPDATE  {rise@0.000ns fall@16.667ns period=33.333ns})
  Destination:            system_i/microblaze_0/U0/MicroBlaze_Core_I/Performance.Core/Use_Debug_Logic.Master_Core.Debug_Perf/Serial_Dbg_Intf.control_reg_reg[5]/CE
                            (rising edge-triggered cell FDCE clocked by system_i/mdm_1/U0/Use_E2.BSCAN_I/Use_E2.BSCANE2_I/UPDATE  {rise@0.000ns fall@16.667ns period=33.333ns})
  Path Group:             system_i/mdm_1/U0/Use_E2.BSCAN_I/Use_E2.BSCANE2_I/UPDATE
  Path Type:              Setup (Max at Slow Process Corner)
  Requirement:            16.667ns  (system_i/mdm_1/U0/Use_E2.BSCAN_I/Use_E2.BSCANE2_I/UPDATE rise@33.333ns - system_i/mdm_1/U0/Use_E2.BSCAN_I/Use_E2.BSCANE2_I/UPDATE fall@16.667ns)
  Data Path Delay:        4.452ns  (logic 0.896ns (20.126%)  route 3.556ns (79.874%))
  Logic Levels:           3  (LUT3=1 LUT4=1 LUT5=1)
  Clock Path Skew:        -0.026ns (DCD - SCD + CPR)
    Destination Clock Delay (DCD):    3.318ns = ( 36.651 - 33.333 ) 
    Source Clock Delay      (SCD):    3.720ns = ( 20.387 - 16.667 ) 
    Clock Pessimism Removal (CPR):    0.376ns
  Clock Uncertainty:      0.035ns  ((TSJ^2 + TIJ^2)^1/2 + DJ) / 2 + PE
    Total System Jitter     (TSJ):    0.071ns
    Total Input Jitter      (TIJ):    0.000ns
    Discrete Jitter          (DJ):    0.000ns
    Phase Error              (PE):    0.000ns

    Location             Delay type                Incr(ns)  Path(ns)    Netlist Resource(s)
  -------------------------------------------------------------------    -------------------
                         (clock system_i/mdm_1/U0/Use_E2.BSCAN_I/Use_E2.BSCANE2_I/UPDATE fall edge)
                                                     16.667    16.667 f  
    BSCAN_X0Y1           BSCANE2                      0.000    16.667 f  system_i/mdm_1/U0/Use_E2.BSCAN_I/Use_E2.BSCANE2_I/UPDATE
                         net (fo=2, routed)           2.065    18.731    system_i/mdm_1/U0/Ext_JTAG_UPDATE__0
    BUFGCTRL_X0Y2        BUFG (Prop_bufg_I_O)         0.096    18.827 f  system_i/mdm_1/U0/Ext_JTAG_UPDATE_BUFG_inst/O
                         net (fo=38, routed)          1.559    20.387    system_i/mdm_1/U0/MDM_Core_I1/JTAG_CONTROL_I/CLK
    SLICE_X50Y19         FDCE                                         r  system_i/mdm_1/U0/MDM_Core_I1/JTAG_CONTROL_I/Use_BSCAN.command_reg[3]/C  (IS_INVERTED)
  -------------------------------------------------------------------    -------------------
    SLICE_X50Y19         FDCE (Prop_fdce_C_Q)         0.524    20.911 f  system_i/mdm_1/U0/MDM_Core_I1/JTAG_CONTROL_I/Use_BSCAN.command_reg[3]/Q
                         net (fo=6, routed)           1.283    22.194    system_i/mdm_1/U0/MDM_Core_I1/JTAG_CONTROL_I/Use_BSCAN.FDC_I/Q[4]
    SLICE_X50Y15         LUT3 (Prop_lut3_I2_O)        0.124    22.318 f  system_i/mdm_1/U0/MDM_Core_I1/JTAG_CONTROL_I/Use_BSCAN.FDC_I/Dbg_Reg_En_0[3]_INST_0/O
                         net (fo=4, routed)           0.871    23.189    system_i/microblaze_0/U0/MicroBlaze_Core_I/Performance.Core/Use_Debug_Logic.Master_Core.Debug_Perf/Dbg_Reg_En[3]
    SLICE_X49Y15         LUT4 (Prop_lut4_I2_O)        0.124    23.313 f  system_i/microblaze_0/U0/MicroBlaze_Core_I/Performance.Core/Use_Debug_Logic.Master_Core.Debug_Perf/Serial_Dbg_Intf.dbg_wakeup_i_i_3/O
                         net (fo=5, routed)           0.357    23.670    system_i/microblaze_0/U0/MicroBlaze_Core_I/Performance.Core/Use_Debug_Logic.Master_Core.Debug_Perf/Use_Serial_Unified_Completion.completion_block_reg
    SLICE_X50Y14         LUT5 (Prop_lut5_I0_O)        0.124    23.794 r  system_i/microblaze_0/U0/MicroBlaze_Core_I/Performance.Core/Use_Debug_Logic.Master_Core.Debug_Perf/Serial_Dbg_Intf.dbg_wakeup_i_i_1/O
                         net (fo=8, routed)           1.044    24.839    system_i/microblaze_0/U0/MicroBlaze_Core_I/Performance.Core/Use_Debug_Logic.Master_Core.Debug_Perf/Control_Reg_En
    SLICE_X56Y5          FDCE                                         r  system_i/microblaze_0/U0/MicroBlaze_Core_I/Performance.Core/Use_Debug_Logic.Master_Core.Debug_Perf/Serial_Dbg_Intf.control_reg_reg[5]/CE
  -------------------------------------------------------------------    -------------------

                         (clock system_i/mdm_1/U0/Use_E2.BSCAN_I/Use_E2.BSCANE2_I/UPDATE rise edge)
                                                     33.333    33.333 r  
    BSCAN_X0Y1           BSCANE2                      0.000    33.333 r  system_i/mdm_1/U0/Use_E2.BSCAN_I/Use_E2.BSCANE2_I/UPDATE
                         net (fo=2, routed)           1.774    35.107    system_i/mdm_1/U0/Ext_JTAG_UPDATE__0
    BUFGCTRL_X0Y2        BUFG (Prop_bufg_I_O)         0.091    35.198 r  system_i/mdm_1/U0/Ext_JTAG_UPDATE_BUFG_inst/O
                         net (fo=38, routed)          1.453    36.651    system_i/microblaze_0/U0/MicroBlaze_Core_I/Performance.Core/Use_Debug_Logic.Master_Core.Debug_Perf/Dbg_Update
    SLICE_X56Y5          FDCE                                         r  system_i/microblaze_0/U0/MicroBlaze_Core_I/Performance.Core/Use_Debug_Logic.Master_Core.Debug_Perf/Serial_Dbg_Intf.control_reg_reg[5]/C
                         clock pessimism              0.376    37.027    
                         clock uncertainty           -0.035    36.992    
    SLICE_X56Y5          FDCE (Setup_fdce_C_CE)      -0.169    36.823    system_i/microblaze_0/U0/MicroBlaze_Core_I/Performance.Core/Use_Debug_Logic.Master_Core.Debug_Perf/Serial_Dbg_Intf.control_reg_reg[5]
  -------------------------------------------------------------------
                         required time                         36.823    
                         arrival time                         -24.839    
  -------------------------------------------------------------------
                         slack                                 11.984    

Slack (MET) :             12.273ns  (required time - arrival time)
  Source:                 system_i/mdm_1/U0/MDM_Core_I1/JTAG_CONTROL_I/Use_BSCAN.command_reg[3]/C
                            (falling edge-triggered cell FDCE clocked by system_i/mdm_1/U0/Use_E2.BSCAN_I/Use_E2.BSCANE2_I/UPDATE  {rise@0.000ns fall@16.667ns period=33.333ns})
  Destination:            system_i/microblaze_0/U0/MicroBlaze_Core_I/Performance.Core/Use_Debug_Logic.Master_Core.Debug_Perf/Serial_Dbg_Intf.command_reg_reg[0]/CE
                            (rising edge-triggered cell FDCE clocked by system_i/mdm_1/U0/Use_E2.BSCAN_I/Use_E2.BSCANE2_I/UPDATE  {rise@0.000ns fall@16.667ns period=33.333ns})
  Path Group:             system_i/mdm_1/U0/Use_E2.BSCAN_I/Use_E2.BSCANE2_I/UPDATE
  Path Type:              Setup (Max at Slow Process Corner)
  Requirement:            16.667ns  (system_i/mdm_1/U0/Use_E2.BSCAN_I/Use_E2.BSCANE2_I/UPDATE rise@33.333ns - system_i/mdm_1/U0/Use_E2.BSCAN_I/Use_E2.BSCANE2_I/UPDATE fall@16.667ns)
  Data Path Delay:        4.174ns  (logic 0.896ns (21.468%)  route 3.278ns (78.532%))
  Logic Levels:           3  (LUT3=1 LUT4=1 LUT5=1)
  Clock Path Skew:        -0.015ns (DCD - SCD + CPR)
    Destination Clock Delay (DCD):    3.315ns = ( 36.648 - 33.333 ) 
    Source Clock Delay      (SCD):    3.720ns = ( 20.387 - 16.667 ) 
    Clock Pessimism Removal (CPR):    0.390ns
  Clock Uncertainty:      0.035ns  ((TSJ^2 + TIJ^2)^1/2 + DJ) / 2 + PE
    Total System Jitter     (TSJ):    0.071ns
    Total Input Jitter      (TIJ):    0.000ns
    Discrete Jitter          (DJ):    0.000ns
    Phase Error              (PE):    0.000ns

    Location             Delay type                Incr(ns)  Path(ns)    Netlist Resource(s)
  -------------------------------------------------------------------    -------------------
                         (clock system_i/mdm_1/U0/Use_E2.BSCAN_I/Use_E2.BSCANE2_I/UPDATE fall edge)
                                                     16.667    16.667 f  
    BSCAN_X0Y1           BSCANE2                      0.000    16.667 f  system_i/mdm_1/U0/Use_E2.BSCAN_I/Use_E2.BSCANE2_I/UPDATE
                         net (fo=2, routed)           2.065    18.731    system_i/mdm_1/U0/Ext_JTAG_UPDATE__0
    BUFGCTRL_X0Y2        BUFG (Prop_bufg_I_O)         0.096    18.827 f  system_i/mdm_1/U0/Ext_JTAG_UPDATE_BUFG_inst/O
                         net (fo=38, routed)          1.559    20.387    system_i/mdm_1/U0/MDM_Core_I1/JTAG_CONTROL_I/CLK
    SLICE_X50Y19         FDCE                                         r  system_i/mdm_1/U0/MDM_Core_I1/JTAG_CONTROL_I/Use_BSCAN.command_reg[3]/C  (IS_INVERTED)
  -------------------------------------------------------------------    -------------------
    SLICE_X50Y19         FDCE (Prop_fdce_C_Q)         0.524    20.911 f  system_i/mdm_1/U0/MDM_Core_I1/JTAG_CONTROL_I/Use_BSCAN.command_reg[3]/Q
                         net (fo=6, routed)           1.283    22.194    system_i/mdm_1/U0/MDM_Core_I1/JTAG_CONTROL_I/Use_BSCAN.FDC_I/Q[4]
    SLICE_X50Y15         LUT3 (Prop_lut3_I2_O)        0.124    22.318 f  system_i/mdm_1/U0/MDM_Core_I1/JTAG_CONTROL_I/Use_BSCAN.FDC_I/Dbg_Reg_En_0[3]_INST_0/O
                         net (fo=4, routed)           0.871    23.189    system_i/microblaze_0/U0/MicroBlaze_Core_I/Performance.Core/Use_Debug_Logic.Master_Core.Debug_Perf/Dbg_Reg_En[3]
    SLICE_X49Y15         LUT4 (Prop_lut4_I2_O)        0.124    23.313 f  system_i/microblaze_0/U0/MicroBlaze_Core_I/Performance.Core/Use_Debug_Logic.Master_Core.Debug_Perf/Serial_Dbg_Intf.dbg_wakeup_i_i_3/O
                         net (fo=5, routed)           0.645    23.958    system_i/microblaze_0/U0/MicroBlaze_Core_I/Performance.Core/Use_Debug_Logic.Master_Core.Debug_Perf/Use_Serial_Unified_Completion.completion_block_reg
    SLICE_X50Y14         LUT5 (Prop_lut5_I0_O)        0.124    24.082 r  system_i/microblaze_0/U0/MicroBlaze_Core_I/Performance.Core/Use_Debug_Logic.Master_Core.Debug_Perf/Serial_Dbg_Intf.command_reg[0]_i_1/O
                         net (fo=2, routed)           0.478    24.561    system_i/microblaze_0/U0/MicroBlaze_Core_I/Performance.Core/Use_Debug_Logic.Master_Core.Debug_Perf/Command_Reg_En
    SLICE_X50Y10         FDCE                                         r  system_i/microblaze_0/U0/MicroBlaze_Core_I/Performance.Core/Use_Debug_Logic.Master_Core.Debug_Perf/Serial_Dbg_Intf.command_reg_reg[0]/CE
  -------------------------------------------------------------------    -------------------

                         (clock system_i/mdm_1/U0/Use_E2.BSCAN_I/Use_E2.BSCANE2_I/UPDATE rise edge)
                                                     33.333    33.333 r  
    BSCAN_X0Y1           BSCANE2                      0.000    33.333 r  system_i/mdm_1/U0/Use_E2.BSCAN_I/Use_E2.BSCANE2_I/UPDATE
                         net (fo=2, routed)           1.774    35.107    system_i/mdm_1/U0/Ext_JTAG_UPDATE__0
    BUFGCTRL_X0Y2        BUFG (Prop_bufg_I_O)         0.091    35.198 r  system_i/mdm_1/U0/Ext_JTAG_UPDATE_BUFG_inst/O
                         net (fo=38, routed)          1.450    36.648    system_i/microblaze_0/U0/MicroBlaze_Core_I/Performance.Core/Use_Debug_Logic.Master_Core.Debug_Perf/Dbg_Update
    SLICE_X50Y10         FDCE                                         r  system_i/microblaze_0/U0/MicroBlaze_Core_I/Performance.Core/Use_Debug_Logic.Master_Core.Debug_Perf/Serial_Dbg_Intf.command_reg_reg[0]/C
                         clock pessimism              0.390    37.038    
                         clock uncertainty           -0.035    37.003    
    SLICE_X50Y10         FDCE (Setup_fdce_C_CE)      -0.169    36.834    system_i/microblaze_0/U0/MicroBlaze_Core_I/Performance.Core/Use_Debug_Logic.Master_Core.Debug_Perf/Serial_Dbg_Intf.command_reg_reg[0]
  -------------------------------------------------------------------
                         required time                         36.834    
                         arrival time                         -24.561    
  -------------------------------------------------------------------
                         slack                                 12.273    

Slack (MET) :             12.273ns  (required time - arrival time)
  Source:                 system_i/mdm_1/U0/MDM_Core_I1/JTAG_CONTROL_I/Use_BSCAN.command_reg[3]/C
                            (falling edge-triggered cell FDCE clocked by system_i/mdm_1/U0/Use_E2.BSCAN_I/Use_E2.BSCANE2_I/UPDATE  {rise@0.000ns fall@16.667ns period=33.333ns})
  Destination:            system_i/microblaze_0/U0/MicroBlaze_Core_I/Performance.Core/Use_Debug_Logic.Master_Core.Debug_Perf/Serial_Dbg_Intf.command_reg_reg[1]/CE
                            (rising edge-triggered cell FDCE clocked by system_i/mdm_1/U0/Use_E2.BSCAN_I/Use_E2.BSCANE2_I/UPDATE  {rise@0.000ns fall@16.667ns period=33.333ns})
  Path Group:             system_i/mdm_1/U0/Use_E2.BSCAN_I/Use_E2.BSCANE2_I/UPDATE
  Path Type:              Setup (Max at Slow Process Corner)
  Requirement:            16.667ns  (system_i/mdm_1/U0/Use_E2.BSCAN_I/Use_E2.BSCANE2_I/UPDATE rise@33.333ns - system_i/mdm_1/U0/Use_E2.BSCAN_I/Use_E2.BSCANE2_I/UPDATE fall@16.667ns)
  Data Path Delay:        4.174ns  (logic 0.896ns (21.468%)  route 3.278ns (78.532%))
  Logic Levels:           3  (LUT3=1 LUT4=1 LUT5=1)
  Clock Path Skew:        -0.015ns (DCD - SCD + CPR)
    Destination Clock Delay (DCD):    3.315ns = ( 36.648 - 33.333 ) 
    Source Clock Delay      (SCD):    3.720ns = ( 20.387 - 16.667 ) 
    Clock Pessimism Removal (CPR):    0.390ns
  Clock Uncertainty:      0.035ns  ((TSJ^2 + TIJ^2)^1/2 + DJ) / 2 + PE
    Total System Jitter     (TSJ):    0.071ns
    Total Input Jitter      (TIJ):    0.000ns
    Discrete Jitter          (DJ):    0.000ns
    Phase Error              (PE):    0.000ns

    Location             Delay type                Incr(ns)  Path(ns)    Netlist Resource(s)
  -------------------------------------------------------------------    -------------------
                         (clock system_i/mdm_1/U0/Use_E2.BSCAN_I/Use_E2.BSCANE2_I/UPDATE fall edge)
                                                     16.667    16.667 f  
    BSCAN_X0Y1           BSCANE2                      0.000    16.667 f  system_i/mdm_1/U0/Use_E2.BSCAN_I/Use_E2.BSCANE2_I/UPDATE
                         net (fo=2, routed)           2.065    18.731    system_i/mdm_1/U0/Ext_JTAG_UPDATE__0
    BUFGCTRL_X0Y2        BUFG (Prop_bufg_I_O)         0.096    18.827 f  system_i/mdm_1/U0/Ext_JTAG_UPDATE_BUFG_inst/O
                         net (fo=38, routed)          1.559    20.387    system_i/mdm_1/U0/MDM_Core_I1/JTAG_CONTROL_I/CLK
    SLICE_X50Y19         FDCE                                         r  system_i/mdm_1/U0/MDM_Core_I1/JTAG_CONTROL_I/Use_BSCAN.command_reg[3]/C  (IS_INVERTED)
  -------------------------------------------------------------------    -------------------
    SLICE_X50Y19         FDCE (Prop_fdce_C_Q)         0.524    20.911 f  system_i/mdm_1/U0/MDM_Core_I1/JTAG_CONTROL_I/Use_BSCAN.command_reg[3]/Q
                         net (fo=6, routed)           1.283    22.194    system_i/mdm_1/U0/MDM_Core_I1/JTAG_CONTROL_I/Use_BSCAN.FDC_I/Q[4]
    SLICE_X50Y15         LUT3 (Prop_lut3_I2_O)        0.124    22.318 f  system_i/mdm_1/U0/MDM_Core_I1/JTAG_CONTROL_I/Use_BSCAN.FDC_I/Dbg_Reg_En_0[3]_INST_0/O
                         net (fo=4, routed)           0.871    23.189    system_i/microblaze_0/U0/MicroBlaze_Core_I/Performance.Core/Use_Debug_Logic.Master_Core.Debug_Perf/Dbg_Reg_En[3]
    SLICE_X49Y15         LUT4 (Prop_lut4_I2_O)        0.124    23.313 f  system_i/microblaze_0/U0/MicroBlaze_Core_I/Performance.Core/Use_Debug_Logic.Master_Core.Debug_Perf/Serial_Dbg_Intf.dbg_wakeup_i_i_3/O
                         net (fo=5, routed)           0.645    23.958    system_i/microblaze_0/U0/MicroBlaze_Core_I/Performance.Core/Use_Debug_Logic.Master_Core.Debug_Perf/Use_Serial_Unified_Completion.completion_block_reg
    SLICE_X50Y14         LUT5 (Prop_lut5_I0_O)        0.124    24.082 r  system_i/microblaze_0/U0/MicroBlaze_Core_I/Performance.Core/Use_Debug_Logic.Master_Core.Debug_Perf/Serial_Dbg_Intf.command_reg[0]_i_1/O
                         net (fo=2, routed)           0.478    24.561    system_i/microblaze_0/U0/MicroBlaze_Core_I/Performance.Core/Use_Debug_Logic.Master_Core.Debug_Perf/Command_Reg_En
    SLICE_X50Y10         FDCE                                         r  system_i/microblaze_0/U0/MicroBlaze_Core_I/Performance.Core/Use_Debug_Logic.Master_Core.Debug_Perf/Serial_Dbg_Intf.command_reg_reg[1]/CE
  -------------------------------------------------------------------    -------------------

                         (clock system_i/mdm_1/U0/Use_E2.BSCAN_I/Use_E2.BSCANE2_I/UPDATE rise edge)
                                                     33.333    33.333 r  
    BSCAN_X0Y1           BSCANE2                      0.000    33.333 r  system_i/mdm_1/U0/Use_E2.BSCAN_I/Use_E2.BSCANE2_I/UPDATE
                         net (fo=2, routed)           1.774    35.107    system_i/mdm_1/U0/Ext_JTAG_UPDATE__0
    BUFGCTRL_X0Y2        BUFG (Prop_bufg_I_O)         0.091    35.198 r  system_i/mdm_1/U0/Ext_JTAG_UPDATE_BUFG_inst/O
                         net (fo=38, routed)          1.450    36.648    system_i/microblaze_0/U0/MicroBlaze_Core_I/Performance.Core/Use_Debug_Logic.Master_Core.Debug_Perf/Dbg_Update
    SLICE_X50Y10         FDCE                                         r  system_i/microblaze_0/U0/MicroBlaze_Core_I/Performance.Core/Use_Debug_Logic.Master_Core.Debug_Perf/Serial_Dbg_Intf.command_reg_reg[1]/C
                         clock pessimism              0.390    37.038    
                         clock uncertainty           -0.035    37.003    
    SLICE_X50Y10         FDCE (Setup_fdce_C_CE)      -0.169    36.834    system_i/microblaze_0/U0/MicroBlaze_Core_I/Performance.Core/Use_Debug_Logic.Master_Core.Debug_Perf/Serial_Dbg_Intf.command_reg_reg[1]
  -------------------------------------------------------------------
                         required time                         36.834    
                         arrival time                         -24.561    
  -------------------------------------------------------------------
                         slack                                 12.273    

Slack (MET) :             12.378ns  (required time - arrival time)
  Source:                 system_i/mdm_1/U0/MDM_Core_I1/JTAG_CONTROL_I/Use_BSCAN.command_reg[3]/C
                            (falling edge-triggered cell FDCE clocked by system_i/mdm_1/U0/Use_E2.BSCAN_I/Use_E2.BSCANE2_I/UPDATE  {rise@0.000ns fall@16.667ns period=33.333ns})
  Destination:            system_i/microblaze_0/U0/MicroBlaze_Core_I/Performance.Core/Use_Debug_Logic.Master_Core.Debug_Perf/Serial_Dbg_Intf.force_stop_TClk_reg/CE
                            (rising edge-triggered cell FDCE clocked by system_i/mdm_1/U0/Use_E2.BSCAN_I/Use_E2.BSCANE2_I/UPDATE  {rise@0.000ns fall@16.667ns period=33.333ns})
  Path Group:             system_i/mdm_1/U0/Use_E2.BSCAN_I/Use_E2.BSCANE2_I/UPDATE
  Path Type:              Setup (Max at Slow Process Corner)
  Requirement:            16.667ns  (system_i/mdm_1/U0/Use_E2.BSCAN_I/Use_E2.BSCANE2_I/UPDATE rise@33.333ns - system_i/mdm_1/U0/Use_E2.BSCAN_I/Use_E2.BSCANE2_I/UPDATE fall@16.667ns)
  Data Path Delay:        4.053ns  (logic 0.896ns (22.109%)  route 3.157ns (77.891%))
  Logic Levels:           3  (LUT3=1 LUT4=1 LUT5=1)
  Clock Path Skew:        -0.031ns (DCD - SCD + CPR)
    Destination Clock Delay (DCD):    3.313ns = ( 36.646 - 33.333 ) 
    Source Clock Delay      (SCD):    3.720ns = ( 20.387 - 16.667 ) 
    Clock Pessimism Removal (CPR):    0.376ns
  Clock Uncertainty:      0.035ns  ((TSJ^2 + TIJ^2)^1/2 + DJ) / 2 + PE
    Total System Jitter     (TSJ):    0.071ns
    Total Input Jitter      (TIJ):    0.000ns
    Discrete Jitter          (DJ):    0.000ns
    Phase Error              (PE):    0.000ns

    Location             Delay type                Incr(ns)  Path(ns)    Netlist Resource(s)
  -------------------------------------------------------------------    -------------------
                         (clock system_i/mdm_1/U0/Use_E2.BSCAN_I/Use_E2.BSCANE2_I/UPDATE fall edge)
                                                     16.667    16.667 f  
    BSCAN_X0Y1           BSCANE2                      0.000    16.667 f  system_i/mdm_1/U0/Use_E2.BSCAN_I/Use_E2.BSCANE2_I/UPDATE
                         net (fo=2, routed)           2.065    18.731    system_i/mdm_1/U0/Ext_JTAG_UPDATE__0
    BUFGCTRL_X0Y2        BUFG (Prop_bufg_I_O)         0.096    18.827 f  system_i/mdm_1/U0/Ext_JTAG_UPDATE_BUFG_inst/O
                         net (fo=38, routed)          1.559    20.387    system_i/mdm_1/U0/MDM_Core_I1/JTAG_CONTROL_I/CLK
    SLICE_X50Y19         FDCE                                         r  system_i/mdm_1/U0/MDM_Core_I1/JTAG_CONTROL_I/Use_BSCAN.command_reg[3]/C  (IS_INVERTED)
  -------------------------------------------------------------------    -------------------
    SLICE_X50Y19         FDCE (Prop_fdce_C_Q)         0.524    20.911 f  system_i/mdm_1/U0/MDM_Core_I1/JTAG_CONTROL_I/Use_BSCAN.command_reg[3]/Q
                         net (fo=6, routed)           1.283    22.194    system_i/mdm_1/U0/MDM_Core_I1/JTAG_CONTROL_I/Use_BSCAN.FDC_I/Q[4]
    SLICE_X50Y15         LUT3 (Prop_lut3_I2_O)        0.124    22.318 f  system_i/mdm_1/U0/MDM_Core_I1/JTAG_CONTROL_I/Use_BSCAN.FDC_I/Dbg_Reg_En_0[3]_INST_0/O
                         net (fo=4, routed)           0.871    23.189    system_i/microblaze_0/U0/MicroBlaze_Core_I/Performance.Core/Use_Debug_Logic.Master_Core.Debug_Perf/Dbg_Reg_En[3]
    SLICE_X49Y15         LUT4 (Prop_lut4_I2_O)        0.124    23.313 f  system_i/microblaze_0/U0/MicroBlaze_Core_I/Performance.Core/Use_Debug_Logic.Master_Core.Debug_Perf/Serial_Dbg_Intf.dbg_wakeup_i_i_3/O
                         net (fo=5, routed)           0.357    23.670    system_i/microblaze_0/U0/MicroBlaze_Core_I/Performance.Core/Use_Debug_Logic.Master_Core.Debug_Perf/Use_Serial_Unified_Completion.completion_block_reg
    SLICE_X50Y14         LUT5 (Prop_lut5_I0_O)        0.124    23.794 r  system_i/microblaze_0/U0/MicroBlaze_Core_I/Performance.Core/Use_Debug_Logic.Master_Core.Debug_Perf/Serial_Dbg_Intf.dbg_wakeup_i_i_1/O
                         net (fo=8, routed)           0.645    24.440    system_i/microblaze_0/U0/MicroBlaze_Core_I/Performance.Core/Use_Debug_Logic.Master_Core.Debug_Perf/Control_Reg_En
    SLICE_X54Y12         FDCE                                         r  system_i/microblaze_0/U0/MicroBlaze_Core_I/Performance.Core/Use_Debug_Logic.Master_Core.Debug_Perf/Serial_Dbg_Intf.force_stop_TClk_reg/CE
  -------------------------------------------------------------------    -------------------

                         (clock system_i/mdm_1/U0/Use_E2.BSCAN_I/Use_E2.BSCANE2_I/UPDATE rise edge)
                                                     33.333    33.333 r  
    BSCAN_X0Y1           BSCANE2                      0.000    33.333 r  system_i/mdm_1/U0/Use_E2.BSCAN_I/Use_E2.BSCANE2_I/UPDATE
                         net (fo=2, routed)           1.774    35.107    system_i/mdm_1/U0/Ext_JTAG_UPDATE__0
    BUFGCTRL_X0Y2        BUFG (Prop_bufg_I_O)         0.091    35.198 r  system_i/mdm_1/U0/Ext_JTAG_UPDATE_BUFG_inst/O
                         net (fo=38, routed)          1.448    36.646    system_i/microblaze_0/U0/MicroBlaze_Core_I/Performance.Core/Use_Debug_Logic.Master_Core.Debug_Perf/Dbg_Update
    SLICE_X54Y12         FDCE                                         r  system_i/microblaze_0/U0/MicroBlaze_Core_I/Performance.Core/Use_Debug_Logic.Master_Core.Debug_Perf/Serial_Dbg_Intf.force_stop_TClk_reg/C
                         clock pessimism              0.376    37.022    
                         clock uncertainty           -0.035    36.987    
    SLICE_X54Y12         FDCE (Setup_fdce_C_CE)      -0.169    36.818    system_i/microblaze_0/U0/MicroBlaze_Core_I/Performance.Core/Use_Debug_Logic.Master_Core.Debug_Perf/Serial_Dbg_Intf.force_stop_TClk_reg
  -------------------------------------------------------------------
                         required time                         36.818    
                         arrival time                         -24.440    
  -------------------------------------------------------------------
                         slack                                 12.378    





Min Delay Paths
--------------------------------------------------------------------------------------
Slack (MET) :             0.264ns  (arrival time - required time)
  Source:                 system_i/mdm_1/U0/MDM_Core_I1/JTAG_CONTROL_I/Debug_SYS_Rst_i_reg/C
                            (rising edge-triggered cell FDCE clocked by system_i/mdm_1/U0/Use_E2.BSCAN_I/Use_E2.BSCANE2_I/UPDATE  {rise@0.000ns fall@16.667ns period=33.333ns})
  Destination:            system_i/mdm_1/U0/MDM_Core_I1/JTAG_CONTROL_I/Debug_SYS_Rst_i_reg/D
                            (rising edge-triggered cell FDCE clocked by system_i/mdm_1/U0/Use_E2.BSCAN_I/Use_E2.BSCANE2_I/UPDATE  {rise@0.000ns fall@16.667ns period=33.333ns})
  Path Group:             system_i/mdm_1/U0/Use_E2.BSCAN_I/Use_E2.BSCANE2_I/UPDATE
  Path Type:              Hold (Min at Fast Process Corner)
  Requirement:            0.000ns  (system_i/mdm_1/U0/Use_E2.BSCAN_I/Use_E2.BSCANE2_I/UPDATE rise@0.000ns - system_i/mdm_1/U0/Use_E2.BSCAN_I/Use_E2.BSCANE2_I/UPDATE rise@0.000ns)
  Data Path Delay:        0.384ns  (logic 0.209ns (54.384%)  route 0.175ns (45.616%))
  Logic Levels:           1  (LUT3=1)
  Clock Path Skew:        0.000ns (DCD - SCD - CPR)
    Destination Clock Delay (DCD):    1.827ns
    Source Clock Delay      (SCD):    1.425ns
    Clock Pessimism Removal (CPR):    0.402ns

    Location             Delay type                Incr(ns)  Path(ns)    Netlist Resource(s)
  -------------------------------------------------------------------    -------------------
                         (clock system_i/mdm_1/U0/Use_E2.BSCAN_I/Use_E2.BSCANE2_I/UPDATE rise edge)
                                                      0.000     0.000 r  
    BSCAN_X0Y1           BSCANE2                      0.000     0.000 r  system_i/mdm_1/U0/Use_E2.BSCAN_I/Use_E2.BSCANE2_I/UPDATE
                         net (fo=2, routed)           0.841     0.841    system_i/mdm_1/U0/Ext_JTAG_UPDATE__0
    BUFGCTRL_X0Y2        BUFG (Prop_bufg_I_O)         0.026     0.867 r  system_i/mdm_1/U0/Ext_JTAG_UPDATE_BUFG_inst/O
                         net (fo=38, routed)          0.558     1.425    system_i/mdm_1/U0/MDM_Core_I1/JTAG_CONTROL_I/CLK
    SLICE_X52Y19         FDCE                                         r  system_i/mdm_1/U0/MDM_Core_I1/JTAG_CONTROL_I/Debug_SYS_Rst_i_reg/C
  -------------------------------------------------------------------    -------------------
    SLICE_X52Y19         FDCE (Prop_fdce_C_Q)         0.164     1.589 r  system_i/mdm_1/U0/MDM_Core_I1/JTAG_CONTROL_I/Debug_SYS_Rst_i_reg/Q
                         net (fo=2, routed)           0.175     1.764    system_i/mdm_1/U0/MDM_Core_I1/JTAG_CONTROL_I/Use_BSCAN.FDC_I/Debug_SYS_Rst
    SLICE_X52Y19         LUT3 (Prop_lut3_I2_O)        0.045     1.809 r  system_i/mdm_1/U0/MDM_Core_I1/JTAG_CONTROL_I/Use_BSCAN.FDC_I/Debug_SYS_Rst_i_i_1/O
                         net (fo=1, routed)           0.000     1.809    system_i/mdm_1/U0/MDM_Core_I1/JTAG_CONTROL_I/Use_BSCAN.FDC_I_n_35
    SLICE_X52Y19         FDCE                                         r  system_i/mdm_1/U0/MDM_Core_I1/JTAG_CONTROL_I/Debug_SYS_Rst_i_reg/D
  -------------------------------------------------------------------    -------------------

                         (clock system_i/mdm_1/U0/Use_E2.BSCAN_I/Use_E2.BSCANE2_I/UPDATE rise edge)
                                                      0.000     0.000 r  
    BSCAN_X0Y1           BSCANE2                      0.000     0.000 r  system_i/mdm_1/U0/Use_E2.BSCAN_I/Use_E2.BSCANE2_I/UPDATE
                         net (fo=2, routed)           0.971     0.971    system_i/mdm_1/U0/Ext_JTAG_UPDATE__0
    BUFGCTRL_X0Y2        BUFG (Prop_bufg_I_O)         0.029     1.000 r  system_i/mdm_1/U0/Ext_JTAG_UPDATE_BUFG_inst/O
                         net (fo=38, routed)          0.827     1.827    system_i/mdm_1/U0/MDM_Core_I1/JTAG_CONTROL_I/CLK
    SLICE_X52Y19         FDCE                                         r  system_i/mdm_1/U0/MDM_Core_I1/JTAG_CONTROL_I/Debug_SYS_Rst_i_reg/C
                         clock pessimism             -0.402     1.425    
    SLICE_X52Y19         FDCE (Hold_fdce_C_D)         0.120     1.545    system_i/mdm_1/U0/MDM_Core_I1/JTAG_CONTROL_I/Debug_SYS_Rst_i_reg
  -------------------------------------------------------------------
                         required time                         -1.545    
                         arrival time                           1.809    
  -------------------------------------------------------------------
                         slack                                  0.264    

Slack (MET) :             0.416ns  (arrival time - required time)
  Source:                 system_i/mdm_1/U0/MDM_Core_I1/JTAG_CONTROL_I/completion_ctrl_reg[0]/C
                            (rising edge-triggered cell FDCE clocked by system_i/mdm_1/U0/Use_E2.BSCAN_I/Use_E2.BSCANE2_I/UPDATE  {rise@0.000ns fall@16.667ns period=33.333ns})
  Destination:            system_i/mdm_1/U0/MDM_Core_I1/JTAG_CONTROL_I/completion_ctrl_reg[0]/D
                            (rising edge-triggered cell FDCE clocked by system_i/mdm_1/U0/Use_E2.BSCAN_I/Use_E2.BSCANE2_I/UPDATE  {rise@0.000ns fall@16.667ns period=33.333ns})
  Path Group:             system_i/mdm_1/U0/Use_E2.BSCAN_I/Use_E2.BSCANE2_I/UPDATE
  Path Type:              Hold (Min at Fast Process Corner)
  Requirement:            0.000ns  (system_i/mdm_1/U0/Use_E2.BSCAN_I/Use_E2.BSCANE2_I/UPDATE rise@0.000ns - system_i/mdm_1/U0/Use_E2.BSCAN_I/Use_E2.BSCANE2_I/UPDATE rise@0.000ns)
  Data Path Delay:        0.547ns  (logic 0.245ns (44.785%)  route 0.302ns (55.215%))
  Logic Levels:           1  (LUT3=1)
  Clock Path Skew:        0.000ns (DCD - SCD - CPR)
    Destination Clock Delay (DCD):    1.828ns
    Source Clock Delay      (SCD):    1.426ns
    Clock Pessimism Removal (CPR):    0.402ns

    Location             Delay type                Incr(ns)  Path(ns)    Netlist Resource(s)
  -------------------------------------------------------------------    -------------------
                         (clock system_i/mdm_1/U0/Use_E2.BSCAN_I/Use_E2.BSCANE2_I/UPDATE rise edge)
                                                      0.000     0.000 r  
    BSCAN_X0Y1           BSCANE2                      0.000     0.000 r  system_i/mdm_1/U0/Use_E2.BSCAN_I/Use_E2.BSCANE2_I/UPDATE
                         net (fo=2, routed)           0.841     0.841    system_i/mdm_1/U0/Ext_JTAG_UPDATE__0
    BUFGCTRL_X0Y2        BUFG (Prop_bufg_I_O)         0.026     0.867 r  system_i/mdm_1/U0/Ext_JTAG_UPDATE_BUFG_inst/O
                         net (fo=38, routed)          0.559     1.426    system_i/mdm_1/U0/MDM_Core_I1/JTAG_CONTROL_I/CLK
    SLICE_X50Y18         FDCE                                         r  system_i/mdm_1/U0/MDM_Core_I1/JTAG_CONTROL_I/completion_ctrl_reg[0]/C
  -------------------------------------------------------------------    -------------------
    SLICE_X50Y18         FDCE (Prop_fdce_C_Q)         0.148     1.574 r  system_i/mdm_1/U0/MDM_Core_I1/JTAG_CONTROL_I/completion_ctrl_reg[0]/Q
                         net (fo=2, routed)           0.302     1.876    system_i/mdm_1/U0/MDM_Core_I1/JTAG_CONTROL_I/Use_BSCAN.FDC_I/completion_ctrl
    SLICE_X50Y18         LUT3 (Prop_lut3_I2_O)        0.097     1.973 r  system_i/mdm_1/U0/MDM_Core_I1/JTAG_CONTROL_I/Use_BSCAN.FDC_I/completion_ctrl[0]_i_1/O
                         net (fo=1, routed)           0.000     1.973    system_i/mdm_1/U0/MDM_Core_I1/JTAG_CONTROL_I/Use_BSCAN.FDC_I_n_37
    SLICE_X50Y18         FDCE                                         r  system_i/mdm_1/U0/MDM_Core_I1/JTAG_CONTROL_I/completion_ctrl_reg[0]/D
  -------------------------------------------------------------------    -------------------

                         (clock system_i/mdm_1/U0/Use_E2.BSCAN_I/Use_E2.BSCANE2_I/UPDATE rise edge)
                                                      0.000     0.000 r  
    BSCAN_X0Y1           BSCANE2                      0.000     0.000 r  system_i/mdm_1/U0/Use_E2.BSCAN_I/Use_E2.BSCANE2_I/UPDATE
                         net (fo=2, routed)           0.971     0.971    system_i/mdm_1/U0/Ext_JTAG_UPDATE__0
    BUFGCTRL_X0Y2        BUFG (Prop_bufg_I_O)         0.029     1.000 r  system_i/mdm_1/U0/Ext_JTAG_UPDATE_BUFG_inst/O
                         net (fo=38, routed)          0.828     1.828    system_i/mdm_1/U0/MDM_Core_I1/JTAG_CONTROL_I/CLK
    SLICE_X50Y18         FDCE                                         r  system_i/mdm_1/U0/MDM_Core_I1/JTAG_CONTROL_I/completion_ctrl_reg[0]/C
                         clock pessimism             -0.402     1.426    
    SLICE_X50Y18         FDCE (Hold_fdce_C_D)         0.131     1.557    system_i/mdm_1/U0/MDM_Core_I1/JTAG_CONTROL_I/completion_ctrl_reg[0]
  -------------------------------------------------------------------
                         required time                         -1.557    
                         arrival time                           1.973    
  -------------------------------------------------------------------
                         slack                                  0.416    

Slack (MET) :             0.463ns  (arrival time - required time)
  Source:                 system_i/mdm_1/U0/MDM_Core_I1/JTAG_CONTROL_I/Debug_Rst_i_reg/C
                            (rising edge-triggered cell FDCE clocked by system_i/mdm_1/U0/Use_E2.BSCAN_I/Use_E2.BSCANE2_I/UPDATE  {rise@0.000ns fall@16.667ns period=33.333ns})
  Destination:            system_i/mdm_1/U0/MDM_Core_I1/JTAG_CONTROL_I/Debug_Rst_i_reg/D
                            (rising edge-triggered cell FDCE clocked by system_i/mdm_1/U0/Use_E2.BSCAN_I/Use_E2.BSCANE2_I/UPDATE  {rise@0.000ns fall@16.667ns period=33.333ns})
  Path Group:             system_i/mdm_1/U0/Use_E2.BSCAN_I/Use_E2.BSCANE2_I/UPDATE
  Path Type:              Hold (Min at Fast Process Corner)
  Requirement:            0.000ns  (system_i/mdm_1/U0/Use_E2.BSCAN_I/Use_E2.BSCANE2_I/UPDATE rise@0.000ns - system_i/mdm_1/U0/Use_E2.BSCAN_I/Use_E2.BSCANE2_I/UPDATE rise@0.000ns)
  Data Path Delay:        0.583ns  (logic 0.209ns (35.859%)  route 0.374ns (64.141%))
  Logic Levels:           1  (LUT3=1)
  Clock Path Skew:        0.000ns (DCD - SCD - CPR)
    Destination Clock Delay (DCD):    1.828ns
    Source Clock Delay      (SCD):    1.426ns
    Clock Pessimism Removal (CPR):    0.402ns

    Location             Delay type                Incr(ns)  Path(ns)    Netlist Resource(s)
  -------------------------------------------------------------------    -------------------
                         (clock system_i/mdm_1/U0/Use_E2.BSCAN_I/Use_E2.BSCANE2_I/UPDATE rise edge)
                                                      0.000     0.000 r  
    BSCAN_X0Y1           BSCANE2                      0.000     0.000 r  system_i/mdm_1/U0/Use_E2.BSCAN_I/Use_E2.BSCANE2_I/UPDATE
                         net (fo=2, routed)           0.841     0.841    system_i/mdm_1/U0/Ext_JTAG_UPDATE__0
    BUFGCTRL_X0Y2        BUFG (Prop_bufg_I_O)         0.026     0.867 r  system_i/mdm_1/U0/Ext_JTAG_UPDATE_BUFG_inst/O
                         net (fo=38, routed)          0.559     1.426    system_i/mdm_1/U0/MDM_Core_I1/JTAG_CONTROL_I/CLK
    SLICE_X50Y18         FDCE                                         r  system_i/mdm_1/U0/MDM_Core_I1/JTAG_CONTROL_I/Debug_Rst_i_reg/C
  -------------------------------------------------------------------    -------------------
    SLICE_X50Y18         FDCE (Prop_fdce_C_Q)         0.164     1.590 r  system_i/mdm_1/U0/MDM_Core_I1/JTAG_CONTROL_I/Debug_Rst_i_reg/Q
                         net (fo=2, routed)           0.374     1.963    system_i/mdm_1/U0/MDM_Core_I1/JTAG_CONTROL_I/Use_BSCAN.FDC_I/Dbg_Rst_0
    SLICE_X50Y18         LUT3 (Prop_lut3_I2_O)        0.045     2.008 r  system_i/mdm_1/U0/MDM_Core_I1/JTAG_CONTROL_I/Use_BSCAN.FDC_I/Debug_Rst_i_i_1/O
                         net (fo=1, routed)           0.000     2.008    system_i/mdm_1/U0/MDM_Core_I1/JTAG_CONTROL_I/Use_BSCAN.FDC_I_n_34
    SLICE_X50Y18         FDCE                                         r  system_i/mdm_1/U0/MDM_Core_I1/JTAG_CONTROL_I/Debug_Rst_i_reg/D
  -------------------------------------------------------------------    -------------------

                         (clock system_i/mdm_1/U0/Use_E2.BSCAN_I/Use_E2.BSCANE2_I/UPDATE rise edge)
                                                      0.000     0.000 r  
    BSCAN_X0Y1           BSCANE2                      0.000     0.000 r  system_i/mdm_1/U0/Use_E2.BSCAN_I/Use_E2.BSCANE2_I/UPDATE
                         net (fo=2, routed)           0.971     0.971    system_i/mdm_1/U0/Ext_JTAG_UPDATE__0
    BUFGCTRL_X0Y2        BUFG (Prop_bufg_I_O)         0.029     1.000 r  system_i/mdm_1/U0/Ext_JTAG_UPDATE_BUFG_inst/O
                         net (fo=38, routed)          0.828     1.828    system_i/mdm_1/U0/MDM_Core_I1/JTAG_CONTROL_I/CLK
    SLICE_X50Y18         FDCE                                         r  system_i/mdm_1/U0/MDM_Core_I1/JTAG_CONTROL_I/Debug_Rst_i_reg/C
                         clock pessimism             -0.402     1.426    
    SLICE_X50Y18         FDCE (Hold_fdce_C_D)         0.120     1.546    system_i/mdm_1/U0/MDM_Core_I1/JTAG_CONTROL_I/Debug_Rst_i_reg
  -------------------------------------------------------------------
                         required time                         -1.546    
                         arrival time                           2.008    
  -------------------------------------------------------------------
                         slack                                  0.463    

Slack (MET) :             0.539ns  (arrival time - required time)
  Source:                 system_i/mdm_1/U0/MDM_Core_I1/Use_BSCAN.PORT_Selector_reg[0]/C
                            (falling edge-triggered cell FDCE clocked by system_i/mdm_1/U0/Use_E2.BSCAN_I/Use_E2.BSCANE2_I/UPDATE  {rise@0.000ns fall@16.667ns period=33.333ns})
  Destination:            system_i/mdm_1/U0/MDM_Core_I1/JTAG_CONTROL_I/Use_BSCAN.command_reg[0]/CE
                            (falling edge-triggered cell FDCE clocked by system_i/mdm_1/U0/Use_E2.BSCAN_I/Use_E2.BSCANE2_I/UPDATE  {rise@0.000ns fall@16.667ns period=33.333ns})
  Path Group:             system_i/mdm_1/U0/Use_E2.BSCAN_I/Use_E2.BSCANE2_I/UPDATE
  Path Type:              Hold (Min at Fast Process Corner)
  Requirement:            0.000ns  (system_i/mdm_1/U0/Use_E2.BSCAN_I/Use_E2.BSCANE2_I/UPDATE fall@16.667ns - system_i/mdm_1/U0/Use_E2.BSCAN_I/Use_E2.BSCANE2_I/UPDATE fall@16.667ns)
  Data Path Delay:        0.564ns  (logic 0.191ns (33.884%)  route 0.373ns (66.115%))
  Logic Levels:           1  (LUT5=1)
  Clock Path Skew:        0.037ns (DCD - SCD - CPR)
    Destination Clock Delay (DCD):    1.827ns = ( 18.493 - 16.667 ) 
    Source Clock Delay      (SCD):    1.423ns = ( 18.089 - 16.667 ) 
    Clock Pessimism Removal (CPR):    0.367ns

    Location             Delay type                Incr(ns)  Path(ns)    Netlist Resource(s)
  -------------------------------------------------------------------    -------------------
                         (clock system_i/mdm_1/U0/Use_E2.BSCAN_I/Use_E2.BSCANE2_I/UPDATE fall edge)
                                                     16.667    16.667 f  
    BSCAN_X0Y1           BSCANE2                      0.000    16.667 f  system_i/mdm_1/U0/Use_E2.BSCAN_I/Use_E2.BSCANE2_I/UPDATE
                         net (fo=2, routed)           0.841    17.507    system_i/mdm_1/U0/Ext_JTAG_UPDATE__0
    BUFGCTRL_X0Y2        BUFG (Prop_bufg_I_O)         0.026    17.533 f  system_i/mdm_1/U0/Ext_JTAG_UPDATE_BUFG_inst/O
                         net (fo=38, routed)          0.556    18.089    system_i/mdm_1/U0/MDM_Core_I1/CLK
    SLICE_X48Y21         FDCE                                         r  system_i/mdm_1/U0/MDM_Core_I1/Use_BSCAN.PORT_Selector_reg[0]/C  (IS_INVERTED)
  -------------------------------------------------------------------    -------------------
    SLICE_X48Y21         FDCE (Prop_fdce_C_Q)         0.146    18.235 r  system_i/mdm_1/U0/MDM_Core_I1/Use_BSCAN.PORT_Selector_reg[0]/Q
                         net (fo=8, routed)           0.195    18.430    system_i/mdm_1/U0/MDM_Core_I1/JTAG_CONTROL_I/command_1_reg[7]_0[0]
    SLICE_X52Y21         LUT5 (Prop_lut5_I1_O)        0.045    18.475 r  system_i/mdm_1/U0/MDM_Core_I1/JTAG_CONTROL_I/Use_BSCAN.command[0]_i_1/O
                         net (fo=9, routed)           0.178    18.653    system_i/mdm_1/U0/MDM_Core_I1/JTAG_CONTROL_I/Use_BSCAN.command[0]_i_1_n_0
    SLICE_X50Y19         FDCE                                         r  system_i/mdm_1/U0/MDM_Core_I1/JTAG_CONTROL_I/Use_BSCAN.command_reg[0]/CE
  -------------------------------------------------------------------    -------------------

                         (clock system_i/mdm_1/U0/Use_E2.BSCAN_I/Use_E2.BSCANE2_I/UPDATE fall edge)
                                                     16.667    16.667 f  
    BSCAN_X0Y1           BSCANE2                      0.000    16.667 f  system_i/mdm_1/U0/Use_E2.BSCAN_I/Use_E2.BSCANE2_I/UPDATE
                         net (fo=2, routed)           0.971    17.637    system_i/mdm_1/U0/Ext_JTAG_UPDATE__0
    BUFGCTRL_X0Y2        BUFG (Prop_bufg_I_O)         0.029    17.666 f  system_i/mdm_1/U0/Ext_JTAG_UPDATE_BUFG_inst/O
                         net (fo=38, routed)          0.827    18.493    system_i/mdm_1/U0/MDM_Core_I1/JTAG_CONTROL_I/CLK
    SLICE_X50Y19         FDCE                                         r  system_i/mdm_1/U0/MDM_Core_I1/JTAG_CONTROL_I/Use_BSCAN.command_reg[0]/C  (IS_INVERTED)
                         clock pessimism             -0.367    18.126    
    SLICE_X50Y19         FDCE (Hold_fdce_C_CE)       -0.012    18.114    system_i/mdm_1/U0/MDM_Core_I1/JTAG_CONTROL_I/Use_BSCAN.command_reg[0]
  -------------------------------------------------------------------
                         required time                        -18.114    
                         arrival time                          18.653    
  -------------------------------------------------------------------
                         slack                                  0.539    

Slack (MET) :             0.539ns  (arrival time - required time)
  Source:                 system_i/mdm_1/U0/MDM_Core_I1/Use_BSCAN.PORT_Selector_reg[0]/C
                            (falling edge-triggered cell FDCE clocked by system_i/mdm_1/U0/Use_E2.BSCAN_I/Use_E2.BSCANE2_I/UPDATE  {rise@0.000ns fall@16.667ns period=33.333ns})
  Destination:            system_i/mdm_1/U0/MDM_Core_I1/JTAG_CONTROL_I/Use_BSCAN.command_reg[1]/CE
                            (falling edge-triggered cell FDCE clocked by system_i/mdm_1/U0/Use_E2.BSCAN_I/Use_E2.BSCANE2_I/UPDATE  {rise@0.000ns fall@16.667ns period=33.333ns})
  Path Group:             system_i/mdm_1/U0/Use_E2.BSCAN_I/Use_E2.BSCANE2_I/UPDATE
  Path Type:              Hold (Min at Fast Process Corner)
  Requirement:            0.000ns  (system_i/mdm_1/U0/Use_E2.BSCAN_I/Use_E2.BSCANE2_I/UPDATE fall@16.667ns - system_i/mdm_1/U0/Use_E2.BSCAN_I/Use_E2.BSCANE2_I/UPDATE fall@16.667ns)
  Data Path Delay:        0.564ns  (logic 0.191ns (33.884%)  route 0.373ns (66.115%))
  Logic Levels:           1  (LUT5=1)
  Clock Path Skew:        0.037ns (DCD - SCD - CPR)
    Destination Clock Delay (DCD):    1.827ns = ( 18.493 - 16.667 ) 
    Source Clock Delay      (SCD):    1.423ns = ( 18.089 - 16.667 ) 
    Clock Pessimism Removal (CPR):    0.367ns

    Location             Delay type                Incr(ns)  Path(ns)    Netlist Resource(s)
  -------------------------------------------------------------------    -------------------
                         (clock system_i/mdm_1/U0/Use_E2.BSCAN_I/Use_E2.BSCANE2_I/UPDATE fall edge)
                                                     16.667    16.667 f  
    BSCAN_X0Y1           BSCANE2                      0.000    16.667 f  system_i/mdm_1/U0/Use_E2.BSCAN_I/Use_E2.BSCANE2_I/UPDATE
                         net (fo=2, routed)           0.841    17.507    system_i/mdm_1/U0/Ext_JTAG_UPDATE__0
    BUFGCTRL_X0Y2        BUFG (Prop_bufg_I_O)         0.026    17.533 f  system_i/mdm_1/U0/Ext_JTAG_UPDATE_BUFG_inst/O
                         net (fo=38, routed)          0.556    18.089    system_i/mdm_1/U0/MDM_Core_I1/CLK
    SLICE_X48Y21         FDCE                                         r  system_i/mdm_1/U0/MDM_Core_I1/Use_BSCAN.PORT_Selector_reg[0]/C  (IS_INVERTED)
  -------------------------------------------------------------------    -------------------
    SLICE_X48Y21         FDCE (Prop_fdce_C_Q)         0.146    18.235 r  system_i/mdm_1/U0/MDM_Core_I1/Use_BSCAN.PORT_Selector_reg[0]/Q
                         net (fo=8, routed)           0.195    18.430    system_i/mdm_1/U0/MDM_Core_I1/JTAG_CONTROL_I/command_1_reg[7]_0[0]
    SLICE_X52Y21         LUT5 (Prop_lut5_I1_O)        0.045    18.475 r  system_i/mdm_1/U0/MDM_Core_I1/JTAG_CONTROL_I/Use_BSCAN.command[0]_i_1/O
                         net (fo=9, routed)           0.178    18.653    system_i/mdm_1/U0/MDM_Core_I1/JTAG_CONTROL_I/Use_BSCAN.command[0]_i_1_n_0
    SLICE_X50Y19         FDCE                                         r  system_i/mdm_1/U0/MDM_Core_I1/JTAG_CONTROL_I/Use_BSCAN.command_reg[1]/CE
  -------------------------------------------------------------------    -------------------

                         (clock system_i/mdm_1/U0/Use_E2.BSCAN_I/Use_E2.BSCANE2_I/UPDATE fall edge)
                                                     16.667    16.667 f  
    BSCAN_X0Y1           BSCANE2                      0.000    16.667 f  system_i/mdm_1/U0/Use_E2.BSCAN_I/Use_E2.BSCANE2_I/UPDATE
                         net (fo=2, routed)           0.971    17.637    system_i/mdm_1/U0/Ext_JTAG_UPDATE__0
    BUFGCTRL_X0Y2        BUFG (Prop_bufg_I_O)         0.029    17.666 f  system_i/mdm_1/U0/Ext_JTAG_UPDATE_BUFG_inst/O
                         net (fo=38, routed)          0.827    18.493    system_i/mdm_1/U0/MDM_Core_I1/JTAG_CONTROL_I/CLK
    SLICE_X50Y19         FDCE                                         r  system_i/mdm_1/U0/MDM_Core_I1/JTAG_CONTROL_I/Use_BSCAN.command_reg[1]/C  (IS_INVERTED)
                         clock pessimism             -0.367    18.126    
    SLICE_X50Y19         FDCE (Hold_fdce_C_CE)       -0.012    18.114    system_i/mdm_1/U0/MDM_Core_I1/JTAG_CONTROL_I/Use_BSCAN.command_reg[1]
  -------------------------------------------------------------------
                         required time                        -18.114    
                         arrival time                          18.653    
  -------------------------------------------------------------------
                         slack                                  0.539    

Slack (MET) :             0.539ns  (arrival time - required time)
  Source:                 system_i/mdm_1/U0/MDM_Core_I1/Use_BSCAN.PORT_Selector_reg[0]/C
                            (falling edge-triggered cell FDCE clocked by system_i/mdm_1/U0/Use_E2.BSCAN_I/Use_E2.BSCANE2_I/UPDATE  {rise@0.000ns fall@16.667ns period=33.333ns})
  Destination:            system_i/mdm_1/U0/MDM_Core_I1/JTAG_CONTROL_I/Use_BSCAN.command_reg[3]/CE
                            (falling edge-triggered cell FDCE clocked by system_i/mdm_1/U0/Use_E2.BSCAN_I/Use_E2.BSCANE2_I/UPDATE  {rise@0.000ns fall@16.667ns period=33.333ns})
  Path Group:             system_i/mdm_1/U0/Use_E2.BSCAN_I/Use_E2.BSCANE2_I/UPDATE
  Path Type:              Hold (Min at Fast Process Corner)
  Requirement:            0.000ns  (system_i/mdm_1/U0/Use_E2.BSCAN_I/Use_E2.BSCANE2_I/UPDATE fall@16.667ns - system_i/mdm_1/U0/Use_E2.BSCAN_I/Use_E2.BSCANE2_I/UPDATE fall@16.667ns)
  Data Path Delay:        0.564ns  (logic 0.191ns (33.884%)  route 0.373ns (66.115%))
  Logic Levels:           1  (LUT5=1)
  Clock Path Skew:        0.037ns (DCD - SCD - CPR)
    Destination Clock Delay (DCD):    1.827ns = ( 18.493 - 16.667 ) 
    Source Clock Delay      (SCD):    1.423ns = ( 18.089 - 16.667 ) 
    Clock Pessimism Removal (CPR):    0.367ns

    Location             Delay type                Incr(ns)  Path(ns)    Netlist Resource(s)
  -------------------------------------------------------------------    -------------------
                         (clock system_i/mdm_1/U0/Use_E2.BSCAN_I/Use_E2.BSCANE2_I/UPDATE fall edge)
                                                     16.667    16.667 f  
    BSCAN_X0Y1           BSCANE2                      0.000    16.667 f  system_i/mdm_1/U0/Use_E2.BSCAN_I/Use_E2.BSCANE2_I/UPDATE
                         net (fo=2, routed)           0.841    17.507    system_i/mdm_1/U0/Ext_JTAG_UPDATE__0
    BUFGCTRL_X0Y2        BUFG (Prop_bufg_I_O)         0.026    17.533 f  system_i/mdm_1/U0/Ext_JTAG_UPDATE_BUFG_inst/O
                         net (fo=38, routed)          0.556    18.089    system_i/mdm_1/U0/MDM_Core_I1/CLK
    SLICE_X48Y21         FDCE                                         r  system_i/mdm_1/U0/MDM_Core_I1/Use_BSCAN.PORT_Selector_reg[0]/C  (IS_INVERTED)
  -------------------------------------------------------------------    -------------------
    SLICE_X48Y21         FDCE (Prop_fdce_C_Q)         0.146    18.235 r  system_i/mdm_1/U0/MDM_Core_I1/Use_BSCAN.PORT_Selector_reg[0]/Q
                         net (fo=8, routed)           0.195    18.430    system_i/mdm_1/U0/MDM_Core_I1/JTAG_CONTROL_I/command_1_reg[7]_0[0]
    SLICE_X52Y21         LUT5 (Prop_lut5_I1_O)        0.045    18.475 r  system_i/mdm_1/U0/MDM_Core_I1/JTAG_CONTROL_I/Use_BSCAN.command[0]_i_1/O
                         net (fo=9, routed)           0.178    18.653    system_i/mdm_1/U0/MDM_Core_I1/JTAG_CONTROL_I/Use_BSCAN.command[0]_i_1_n_0
    SLICE_X50Y19         FDCE                                         r  system_i/mdm_1/U0/MDM_Core_I1/JTAG_CONTROL_I/Use_BSCAN.command_reg[3]/CE
  -------------------------------------------------------------------    -------------------

                         (clock system_i/mdm_1/U0/Use_E2.BSCAN_I/Use_E2.BSCANE2_I/UPDATE fall edge)
                                                     16.667    16.667 f  
    BSCAN_X0Y1           BSCANE2                      0.000    16.667 f  system_i/mdm_1/U0/Use_E2.BSCAN_I/Use_E2.BSCANE2_I/UPDATE
                         net (fo=2, routed)           0.971    17.637    system_i/mdm_1/U0/Ext_JTAG_UPDATE__0
    BUFGCTRL_X0Y2        BUFG (Prop_bufg_I_O)         0.029    17.666 f  system_i/mdm_1/U0/Ext_JTAG_UPDATE_BUFG_inst/O
                         net (fo=38, routed)          0.827    18.493    system_i/mdm_1/U0/MDM_Core_I1/JTAG_CONTROL_I/CLK
    SLICE_X50Y19         FDCE                                         r  system_i/mdm_1/U0/MDM_Core_I1/JTAG_CONTROL_I/Use_BSCAN.command_reg[3]/C  (IS_INVERTED)
                         clock pessimism             -0.367    18.126    
    SLICE_X50Y19         FDCE (Hold_fdce_C_CE)       -0.012    18.114    system_i/mdm_1/U0/MDM_Core_I1/JTAG_CONTROL_I/Use_BSCAN.command_reg[3]
  -------------------------------------------------------------------
                         required time                        -18.114    
                         arrival time                          18.653    
  -------------------------------------------------------------------
                         slack                                  0.539    

Slack (MET) :             0.539ns  (arrival time - required time)
  Source:                 system_i/mdm_1/U0/MDM_Core_I1/Use_BSCAN.PORT_Selector_reg[0]/C
                            (falling edge-triggered cell FDCE clocked by system_i/mdm_1/U0/Use_E2.BSCAN_I/Use_E2.BSCANE2_I/UPDATE  {rise@0.000ns fall@16.667ns period=33.333ns})
  Destination:            system_i/mdm_1/U0/MDM_Core_I1/JTAG_CONTROL_I/Use_BSCAN.command_reg[5]/CE
                            (falling edge-triggered cell FDCE clocked by system_i/mdm_1/U0/Use_E2.BSCAN_I/Use_E2.BSCANE2_I/UPDATE  {rise@0.000ns fall@16.667ns period=33.333ns})
  Path Group:             system_i/mdm_1/U0/Use_E2.BSCAN_I/Use_E2.BSCANE2_I/UPDATE
  Path Type:              Hold (Min at Fast Process Corner)
  Requirement:            0.000ns  (system_i/mdm_1/U0/Use_E2.BSCAN_I/Use_E2.BSCANE2_I/UPDATE fall@16.667ns - system_i/mdm_1/U0/Use_E2.BSCAN_I/Use_E2.BSCANE2_I/UPDATE fall@16.667ns)
  Data Path Delay:        0.564ns  (logic 0.191ns (33.884%)  route 0.373ns (66.115%))
  Logic Levels:           1  (LUT5=1)
  Clock Path Skew:        0.037ns (DCD - SCD - CPR)
    Destination Clock Delay (DCD):    1.827ns = ( 18.493 - 16.667 ) 
    Source Clock Delay      (SCD):    1.423ns = ( 18.089 - 16.667 ) 
    Clock Pessimism Removal (CPR):    0.367ns

    Location             Delay type                Incr(ns)  Path(ns)    Netlist Resource(s)
  -------------------------------------------------------------------    -------------------
                         (clock system_i/mdm_1/U0/Use_E2.BSCAN_I/Use_E2.BSCANE2_I/UPDATE fall edge)
                                                     16.667    16.667 f  
    BSCAN_X0Y1           BSCANE2                      0.000    16.667 f  system_i/mdm_1/U0/Use_E2.BSCAN_I/Use_E2.BSCANE2_I/UPDATE
                         net (fo=2, routed)           0.841    17.507    system_i/mdm_1/U0/Ext_JTAG_UPDATE__0
    BUFGCTRL_X0Y2        BUFG (Prop_bufg_I_O)         0.026    17.533 f  system_i/mdm_1/U0/Ext_JTAG_UPDATE_BUFG_inst/O
                         net (fo=38, routed)          0.556    18.089    system_i/mdm_1/U0/MDM_Core_I1/CLK
    SLICE_X48Y21         FDCE                                         r  system_i/mdm_1/U0/MDM_Core_I1/Use_BSCAN.PORT_Selector_reg[0]/C  (IS_INVERTED)
  -------------------------------------------------------------------    -------------------
    SLICE_X48Y21         FDCE (Prop_fdce_C_Q)         0.146    18.235 r  system_i/mdm_1/U0/MDM_Core_I1/Use_BSCAN.PORT_Selector_reg[0]/Q
                         net (fo=8, routed)           0.195    18.430    system_i/mdm_1/U0/MDM_Core_I1/JTAG_CONTROL_I/command_1_reg[7]_0[0]
    SLICE_X52Y21         LUT5 (Prop_lut5_I1_O)        0.045    18.475 r  system_i/mdm_1/U0/MDM_Core_I1/JTAG_CONTROL_I/Use_BSCAN.command[0]_i_1/O
                         net (fo=9, routed)           0.178    18.653    system_i/mdm_1/U0/MDM_Core_I1/JTAG_CONTROL_I/Use_BSCAN.command[0]_i_1_n_0
    SLICE_X50Y19         FDCE                                         r  system_i/mdm_1/U0/MDM_Core_I1/JTAG_CONTROL_I/Use_BSCAN.command_reg[5]/CE
  -------------------------------------------------------------------    -------------------

                         (clock system_i/mdm_1/U0/Use_E2.BSCAN_I/Use_E2.BSCANE2_I/UPDATE fall edge)
                                                     16.667    16.667 f  
    BSCAN_X0Y1           BSCANE2                      0.000    16.667 f  system_i/mdm_1/U0/Use_E2.BSCAN_I/Use_E2.BSCANE2_I/UPDATE
                         net (fo=2, routed)           0.971    17.637    system_i/mdm_1/U0/Ext_JTAG_UPDATE__0
    BUFGCTRL_X0Y2        BUFG (Prop_bufg_I_O)         0.029    17.666 f  system_i/mdm_1/U0/Ext_JTAG_UPDATE_BUFG_inst/O
                         net (fo=38, routed)          0.827    18.493    system_i/mdm_1/U0/MDM_Core_I1/JTAG_CONTROL_I/CLK
    SLICE_X50Y19         FDCE                                         r  system_i/mdm_1/U0/MDM_Core_I1/JTAG_CONTROL_I/Use_BSCAN.command_reg[5]/C  (IS_INVERTED)
                         clock pessimism             -0.367    18.126    
    SLICE_X50Y19         FDCE (Hold_fdce_C_CE)       -0.012    18.114    system_i/mdm_1/U0/MDM_Core_I1/JTAG_CONTROL_I/Use_BSCAN.command_reg[5]
  -------------------------------------------------------------------
                         required time                        -18.114    
                         arrival time                          18.653    
  -------------------------------------------------------------------
                         slack                                  0.539    

Slack (MET) :             0.611ns  (arrival time - required time)
  Source:                 system_i/mdm_1/U0/MDM_Core_I1/Use_BSCAN.PORT_Selector_reg[0]/C
                            (falling edge-triggered cell FDCE clocked by system_i/mdm_1/U0/Use_E2.BSCAN_I/Use_E2.BSCANE2_I/UPDATE  {rise@0.000ns fall@16.667ns period=33.333ns})
  Destination:            system_i/mdm_1/U0/MDM_Core_I1/JTAG_CONTROL_I/Use_BSCAN.command_reg[2]/CE
                            (falling edge-triggered cell FDCE clocked by system_i/mdm_1/U0/Use_E2.BSCAN_I/Use_E2.BSCANE2_I/UPDATE  {rise@0.000ns fall@16.667ns period=33.333ns})
  Path Group:             system_i/mdm_1/U0/Use_E2.BSCAN_I/Use_E2.BSCANE2_I/UPDATE
  Path Type:              Hold (Min at Fast Process Corner)
  Requirement:            0.000ns  (system_i/mdm_1/U0/Use_E2.BSCAN_I/Use_E2.BSCANE2_I/UPDATE fall@16.667ns - system_i/mdm_1/U0/Use_E2.BSCAN_I/Use_E2.BSCANE2_I/UPDATE fall@16.667ns)
  Data Path Delay:        0.617ns  (logic 0.191ns (30.979%)  route 0.426ns (69.021%))
  Logic Levels:           1  (LUT5=1)
  Clock Path Skew:        0.038ns (DCD - SCD - CPR)
    Destination Clock Delay (DCD):    1.828ns = ( 18.494 - 16.667 ) 
    Source Clock Delay      (SCD):    1.423ns = ( 18.089 - 16.667 ) 
    Clock Pessimism Removal (CPR):    0.367ns

    Location             Delay type                Incr(ns)  Path(ns)    Netlist Resource(s)
  -------------------------------------------------------------------    -------------------
                         (clock system_i/mdm_1/U0/Use_E2.BSCAN_I/Use_E2.BSCANE2_I/UPDATE fall edge)
                                                     16.667    16.667 f  
    BSCAN_X0Y1           BSCANE2                      0.000    16.667 f  system_i/mdm_1/U0/Use_E2.BSCAN_I/Use_E2.BSCANE2_I/UPDATE
                         net (fo=2, routed)           0.841    17.507    system_i/mdm_1/U0/Ext_JTAG_UPDATE__0
    BUFGCTRL_X0Y2        BUFG (Prop_bufg_I_O)         0.026    17.533 f  system_i/mdm_1/U0/Ext_JTAG_UPDATE_BUFG_inst/O
                         net (fo=38, routed)          0.556    18.089    system_i/mdm_1/U0/MDM_Core_I1/CLK
    SLICE_X48Y21         FDCE                                         r  system_i/mdm_1/U0/MDM_Core_I1/Use_BSCAN.PORT_Selector_reg[0]/C  (IS_INVERTED)
  -------------------------------------------------------------------    -------------------
    SLICE_X48Y21         FDCE (Prop_fdce_C_Q)         0.146    18.235 r  system_i/mdm_1/U0/MDM_Core_I1/Use_BSCAN.PORT_Selector_reg[0]/Q
                         net (fo=8, routed)           0.195    18.430    system_i/mdm_1/U0/MDM_Core_I1/JTAG_CONTROL_I/command_1_reg[7]_0[0]
    SLICE_X52Y21         LUT5 (Prop_lut5_I1_O)        0.045    18.475 r  system_i/mdm_1/U0/MDM_Core_I1/JTAG_CONTROL_I/Use_BSCAN.command[0]_i_1/O
                         net (fo=9, routed)           0.231    18.706    system_i/mdm_1/U0/MDM_Core_I1/JTAG_CONTROL_I/Use_BSCAN.command[0]_i_1_n_0
    SLICE_X51Y18         FDCE                                         r  system_i/mdm_1/U0/MDM_Core_I1/JTAG_CONTROL_I/Use_BSCAN.command_reg[2]/CE
  -------------------------------------------------------------------    -------------------

                         (clock system_i/mdm_1/U0/Use_E2.BSCAN_I/Use_E2.BSCANE2_I/UPDATE fall edge)
                                                     16.667    16.667 f  
    BSCAN_X0Y1           BSCANE2                      0.000    16.667 f  system_i/mdm_1/U0/Use_E2.BSCAN_I/Use_E2.BSCANE2_I/UPDATE
                         net (fo=2, routed)           0.971    17.637    system_i/mdm_1/U0/Ext_JTAG_UPDATE__0
    BUFGCTRL_X0Y2        BUFG (Prop_bufg_I_O)         0.029    17.666 f  system_i/mdm_1/U0/Ext_JTAG_UPDATE_BUFG_inst/O
                         net (fo=38, routed)          0.828    18.494    system_i/mdm_1/U0/MDM_Core_I1/JTAG_CONTROL_I/CLK
    SLICE_X51Y18         FDCE                                         r  system_i/mdm_1/U0/MDM_Core_I1/JTAG_CONTROL_I/Use_BSCAN.command_reg[2]/C  (IS_INVERTED)
                         clock pessimism             -0.367    18.127    
    SLICE_X51Y18         FDCE (Hold_fdce_C_CE)       -0.032    18.095    system_i/mdm_1/U0/MDM_Core_I1/JTAG_CONTROL_I/Use_BSCAN.command_reg[2]
  -------------------------------------------------------------------
                         required time                        -18.095    
                         arrival time                          18.706    
  -------------------------------------------------------------------
                         slack                                  0.611    

Slack (MET) :             0.611ns  (arrival time - required time)
  Source:                 system_i/mdm_1/U0/MDM_Core_I1/Use_BSCAN.PORT_Selector_reg[0]/C
                            (falling edge-triggered cell FDCE clocked by system_i/mdm_1/U0/Use_E2.BSCAN_I/Use_E2.BSCANE2_I/UPDATE  {rise@0.000ns fall@16.667ns period=33.333ns})
  Destination:            system_i/mdm_1/U0/MDM_Core_I1/JTAG_CONTROL_I/Use_BSCAN.command_reg[4]/CE
                            (falling edge-triggered cell FDCE clocked by system_i/mdm_1/U0/Use_E2.BSCAN_I/Use_E2.BSCANE2_I/UPDATE  {rise@0.000ns fall@16.667ns period=33.333ns})
  Path Group:             system_i/mdm_1/U0/Use_E2.BSCAN_I/Use_E2.BSCANE2_I/UPDATE
  Path Type:              Hold (Min at Fast Process Corner)
  Requirement:            0.000ns  (system_i/mdm_1/U0/Use_E2.BSCAN_I/Use_E2.BSCANE2_I/UPDATE fall@16.667ns - system_i/mdm_1/U0/Use_E2.BSCAN_I/Use_E2.BSCANE2_I/UPDATE fall@16.667ns)
  Data Path Delay:        0.617ns  (logic 0.191ns (30.979%)  route 0.426ns (69.021%))
  Logic Levels:           1  (LUT5=1)
  Clock Path Skew:        0.038ns (DCD - SCD - CPR)
    Destination Clock Delay (DCD):    1.828ns = ( 18.494 - 16.667 ) 
    Source Clock Delay      (SCD):    1.423ns = ( 18.089 - 16.667 ) 
    Clock Pessimism Removal (CPR):    0.367ns

    Location             Delay type                Incr(ns)  Path(ns)    Netlist Resource(s)
  -------------------------------------------------------------------    -------------------
                         (clock system_i/mdm_1/U0/Use_E2.BSCAN_I/Use_E2.BSCANE2_I/UPDATE fall edge)
                                                     16.667    16.667 f  
    BSCAN_X0Y1           BSCANE2                      0.000    16.667 f  system_i/mdm_1/U0/Use_E2.BSCAN_I/Use_E2.BSCANE2_I/UPDATE
                         net (fo=2, routed)           0.841    17.507    system_i/mdm_1/U0/Ext_JTAG_UPDATE__0
    BUFGCTRL_X0Y2        BUFG (Prop_bufg_I_O)         0.026    17.533 f  system_i/mdm_1/U0/Ext_JTAG_UPDATE_BUFG_inst/O
                         net (fo=38, routed)          0.556    18.089    system_i/mdm_1/U0/MDM_Core_I1/CLK
    SLICE_X48Y21         FDCE                                         r  system_i/mdm_1/U0/MDM_Core_I1/Use_BSCAN.PORT_Selector_reg[0]/C  (IS_INVERTED)
  -------------------------------------------------------------------    -------------------
    SLICE_X48Y21         FDCE (Prop_fdce_C_Q)         0.146    18.235 r  system_i/mdm_1/U0/MDM_Core_I1/Use_BSCAN.PORT_Selector_reg[0]/Q
                         net (fo=8, routed)           0.195    18.430    system_i/mdm_1/U0/MDM_Core_I1/JTAG_CONTROL_I/command_1_reg[7]_0[0]
    SLICE_X52Y21         LUT5 (Prop_lut5_I1_O)        0.045    18.475 r  system_i/mdm_1/U0/MDM_Core_I1/JTAG_CONTROL_I/Use_BSCAN.command[0]_i_1/O
                         net (fo=9, routed)           0.231    18.706    system_i/mdm_1/U0/MDM_Core_I1/JTAG_CONTROL_I/Use_BSCAN.command[0]_i_1_n_0
    SLICE_X51Y18         FDCE                                         r  system_i/mdm_1/U0/MDM_Core_I1/JTAG_CONTROL_I/Use_BSCAN.command_reg[4]/CE
  -------------------------------------------------------------------    -------------------

                         (clock system_i/mdm_1/U0/Use_E2.BSCAN_I/Use_E2.BSCANE2_I/UPDATE fall edge)
                                                     16.667    16.667 f  
    BSCAN_X0Y1           BSCANE2                      0.000    16.667 f  system_i/mdm_1/U0/Use_E2.BSCAN_I/Use_E2.BSCANE2_I/UPDATE
                         net (fo=2, routed)           0.971    17.637    system_i/mdm_1/U0/Ext_JTAG_UPDATE__0
    BUFGCTRL_X0Y2        BUFG (Prop_bufg_I_O)         0.029    17.666 f  system_i/mdm_1/U0/Ext_JTAG_UPDATE_BUFG_inst/O
                         net (fo=38, routed)          0.828    18.494    system_i/mdm_1/U0/MDM_Core_I1/JTAG_CONTROL_I/CLK
    SLICE_X51Y18         FDCE                                         r  system_i/mdm_1/U0/MDM_Core_I1/JTAG_CONTROL_I/Use_BSCAN.command_reg[4]/C  (IS_INVERTED)
                         clock pessimism             -0.367    18.127    
    SLICE_X51Y18         FDCE (Hold_fdce_C_CE)       -0.032    18.095    system_i/mdm_1/U0/MDM_Core_I1/JTAG_CONTROL_I/Use_BSCAN.command_reg[4]
  -------------------------------------------------------------------
                         required time                        -18.095    
                         arrival time                          18.706    
  -------------------------------------------------------------------
                         slack                                  0.611    

Slack (MET) :             0.611ns  (arrival time - required time)
  Source:                 system_i/mdm_1/U0/MDM_Core_I1/Use_BSCAN.PORT_Selector_reg[0]/C
                            (falling edge-triggered cell FDCE clocked by system_i/mdm_1/U0/Use_E2.BSCAN_I/Use_E2.BSCANE2_I/UPDATE  {rise@0.000ns fall@16.667ns period=33.333ns})
  Destination:            system_i/mdm_1/U0/MDM_Core_I1/JTAG_CONTROL_I/Use_BSCAN.command_reg[6]/CE
                            (falling edge-triggered cell FDCE clocked by system_i/mdm_1/U0/Use_E2.BSCAN_I/Use_E2.BSCANE2_I/UPDATE  {rise@0.000ns fall@16.667ns period=33.333ns})
  Path Group:             system_i/mdm_1/U0/Use_E2.BSCAN_I/Use_E2.BSCANE2_I/UPDATE
  Path Type:              Hold (Min at Fast Process Corner)
  Requirement:            0.000ns  (system_i/mdm_1/U0/Use_E2.BSCAN_I/Use_E2.BSCANE2_I/UPDATE fall@16.667ns - system_i/mdm_1/U0/Use_E2.BSCAN_I/Use_E2.BSCANE2_I/UPDATE fall@16.667ns)
  Data Path Delay:        0.617ns  (logic 0.191ns (30.979%)  route 0.426ns (69.021%))
  Logic Levels:           1  (LUT5=1)
  Clock Path Skew:        0.038ns (DCD - SCD - CPR)
    Destination Clock Delay (DCD):    1.828ns = ( 18.494 - 16.667 ) 
    Source Clock Delay      (SCD):    1.423ns = ( 18.089 - 16.667 ) 
    Clock Pessimism Removal (CPR):    0.367ns

    Location             Delay type                Incr(ns)  Path(ns)    Netlist Resource(s)
  -------------------------------------------------------------------    -------------------
                         (clock system_i/mdm_1/U0/Use_E2.BSCAN_I/Use_E2.BSCANE2_I/UPDATE fall edge)
                                                     16.667    16.667 f  
    BSCAN_X0Y1           BSCANE2                      0.000    16.667 f  system_i/mdm_1/U0/Use_E2.BSCAN_I/Use_E2.BSCANE2_I/UPDATE
                         net (fo=2, routed)           0.841    17.507    system_i/mdm_1/U0/Ext_JTAG_UPDATE__0
    BUFGCTRL_X0Y2        BUFG (Prop_bufg_I_O)         0.026    17.533 f  system_i/mdm_1/U0/Ext_JTAG_UPDATE_BUFG_inst/O
                         net (fo=38, routed)          0.556    18.089    system_i/mdm_1/U0/MDM_Core_I1/CLK
    SLICE_X48Y21         FDCE                                         r  system_i/mdm_1/U0/MDM_Core_I1/Use_BSCAN.PORT_Selector_reg[0]/C  (IS_INVERTED)
  -------------------------------------------------------------------    -------------------
    SLICE_X48Y21         FDCE (Prop_fdce_C_Q)         0.146    18.235 r  system_i/mdm_1/U0/MDM_Core_I1/Use_BSCAN.PORT_Selector_reg[0]/Q
                         net (fo=8, routed)           0.195    18.430    system_i/mdm_1/U0/MDM_Core_I1/JTAG_CONTROL_I/command_1_reg[7]_0[0]
    SLICE_X52Y21         LUT5 (Prop_lut5_I1_O)        0.045    18.475 r  system_i/mdm_1/U0/MDM_Core_I1/JTAG_CONTROL_I/Use_BSCAN.command[0]_i_1/O
                         net (fo=9, routed)           0.231    18.706    system_i/mdm_1/U0/MDM_Core_I1/JTAG_CONTROL_I/Use_BSCAN.command[0]_i_1_n_0
    SLICE_X51Y18         FDCE                                         r  system_i/mdm_1/U0/MDM_Core_I1/JTAG_CONTROL_I/Use_BSCAN.command_reg[6]/CE
  -------------------------------------------------------------------    -------------------

                         (clock system_i/mdm_1/U0/Use_E2.BSCAN_I/Use_E2.BSCANE2_I/UPDATE fall edge)
                                                     16.667    16.667 f  
    BSCAN_X0Y1           BSCANE2                      0.000    16.667 f  system_i/mdm_1/U0/Use_E2.BSCAN_I/Use_E2.BSCANE2_I/UPDATE
                         net (fo=2, routed)           0.971    17.637    system_i/mdm_1/U0/Ext_JTAG_UPDATE__0
    BUFGCTRL_X0Y2        BUFG (Prop_bufg_I_O)         0.029    17.666 f  system_i/mdm_1/U0/Ext_JTAG_UPDATE_BUFG_inst/O
                         net (fo=38, routed)          0.828    18.494    system_i/mdm_1/U0/MDM_Core_I1/JTAG_CONTROL_I/CLK
    SLICE_X51Y18         FDCE                                         r  system_i/mdm_1/U0/MDM_Core_I1/JTAG_CONTROL_I/Use_BSCAN.command_reg[6]/C  (IS_INVERTED)
                         clock pessimism             -0.367    18.127    
    SLICE_X51Y18         FDCE (Hold_fdce_C_CE)       -0.032    18.095    system_i/mdm_1/U0/MDM_Core_I1/JTAG_CONTROL_I/Use_BSCAN.command_reg[6]
  -------------------------------------------------------------------
                         required time                        -18.095    
                         arrival time                          18.706    
  -------------------------------------------------------------------
                         slack                                  0.611    





Pulse Width Checks
--------------------------------------------------------------------------------------
Clock Name:         system_i/mdm_1/U0/Use_E2.BSCAN_I/Use_E2.BSCANE2_I/UPDATE
Waveform(ns):       { 0.000 16.667 }
Period(ns):         33.333
Sources:            { system_i/mdm_1/U0/Use_E2.BSCAN_I/Use_E2.BSCANE2_I/UPDATE }

Check Type        Corner  Lib Pin   Reference Pin  Required(ns)  Actual(ns)  Slack(ns)  Location       Pin
Min Period        n/a     BUFG/I    n/a            2.155         33.333      31.178     BUFGCTRL_X0Y2  system_i/mdm_1/U0/Ext_JTAG_UPDATE_BUFG_inst/I
Min Period        n/a     FDCE/C    n/a            1.000         33.333      32.333     SLICE_X50Y18   system_i/mdm_1/U0/MDM_Core_I1/JTAG_CONTROL_I/Debug_Rst_i_reg/C
Min Period        n/a     FDCE/C    n/a            1.000         33.333      32.333     SLICE_X52Y19   system_i/mdm_1/U0/MDM_Core_I1/JTAG_CONTROL_I/Debug_SYS_Rst_i_reg/C
Min Period        n/a     FDCE/C    n/a            1.000         33.333      32.333     SLICE_X51Y16   system_i/mdm_1/U0/MDM_Core_I1/JTAG_CONTROL_I/Use_BSCAN.FDC_I/Using_FPGA.Native/C
Min Period        n/a     FDCE/C    n/a            1.000         33.333      32.333     SLICE_X50Y19   system_i/mdm_1/U0/MDM_Core_I1/JTAG_CONTROL_I/Use_BSCAN.command_reg[0]/C
Min Period        n/a     FDCE/C    n/a            1.000         33.333      32.333     SLICE_X50Y19   system_i/mdm_1/U0/MDM_Core_I1/JTAG_CONTROL_I/Use_BSCAN.command_reg[1]/C
Min Period        n/a     FDCE/C    n/a            1.000         33.333      32.333     SLICE_X51Y18   system_i/mdm_1/U0/MDM_Core_I1/JTAG_CONTROL_I/Use_BSCAN.command_reg[2]/C
Min Period        n/a     FDCE/C    n/a            1.000         33.333      32.333     SLICE_X50Y19   system_i/mdm_1/U0/MDM_Core_I1/JTAG_CONTROL_I/Use_BSCAN.command_reg[3]/C
Min Period        n/a     FDCE/C    n/a            1.000         33.333      32.333     SLICE_X51Y18   system_i/mdm_1/U0/MDM_Core_I1/JTAG_CONTROL_I/Use_BSCAN.command_reg[4]/C
Min Period        n/a     FDCE/C    n/a            1.000         33.333      32.333     SLICE_X50Y19   system_i/mdm_1/U0/MDM_Core_I1/JTAG_CONTROL_I/Use_BSCAN.command_reg[5]/C
Low Pulse Width   Slow    FDCE/C    n/a            0.500         16.666      16.166     SLICE_X52Y19   system_i/mdm_1/U0/MDM_Core_I1/JTAG_CONTROL_I/Debug_SYS_Rst_i_reg/C
Low Pulse Width   Slow    FDCE/C    n/a            0.500         16.666      16.166     SLICE_X51Y19   system_i/mdm_1/U0/MDM_Core_I1/JTAG_CONTROL_I/command_1_reg[0]/C
Low Pulse Width   Slow    FDCE/C    n/a            0.500         16.666      16.166     SLICE_X51Y19   system_i/mdm_1/U0/MDM_Core_I1/JTAG_CONTROL_I/command_1_reg[1]/C
Low Pulse Width   Slow    FDCE/C    n/a            0.500         16.666      16.166     SLICE_X51Y19   system_i/mdm_1/U0/MDM_Core_I1/JTAG_CONTROL_I/command_1_reg[2]/C
Low Pulse Width   Slow    FDCE/C    n/a            0.500         16.666      16.166     SLICE_X51Y19   system_i/mdm_1/U0/MDM_Core_I1/JTAG_CONTROL_I/command_1_reg[3]/C
Low Pulse Width   Slow    FDCE/C    n/a            0.500         16.666      16.166     SLICE_X51Y19   system_i/mdm_1/U0/MDM_Core_I1/JTAG_CONTROL_I/command_1_reg[4]/C
Low Pulse Width   Slow    FDCE/C    n/a            0.500         16.666      16.166     SLICE_X51Y19   system_i/mdm_1/U0/MDM_Core_I1/JTAG_CONTROL_I/command_1_reg[5]/C
Low Pulse Width   Slow    FDCE/C    n/a            0.500         16.666      16.166     SLICE_X51Y19   system_i/mdm_1/U0/MDM_Core_I1/JTAG_CONTROL_I/command_1_reg[6]/C
Low Pulse Width   Slow    FDCE/C    n/a            0.500         16.666      16.166     SLICE_X51Y19   system_i/mdm_1/U0/MDM_Core_I1/JTAG_CONTROL_I/command_1_reg[7]/C
Low Pulse Width   Fast    FDCE/C    n/a            0.500         16.666      16.166     SLICE_X50Y10   system_i/microblaze_0/U0/MicroBlaze_Core_I/Performance.Core/Use_Debug_Logic.Master_Core.Debug_Perf/Serial_Dbg_Intf.command_reg_reg[0]/C
High Pulse Width  Slow    FDCE/C    n/a            0.500         16.666      16.166     SLICE_X51Y16   system_i/mdm_1/U0/MDM_Core_I1/JTAG_CONTROL_I/Use_BSCAN.FDC_I/Using_FPGA.Native/C
High Pulse Width  Slow    FDCE/C    n/a            0.500         16.666      16.166     SLICE_X50Y19   system_i/mdm_1/U0/MDM_Core_I1/JTAG_CONTROL_I/Use_BSCAN.command_reg[0]/C
High Pulse Width  Slow    FDCE/C    n/a            0.500         16.666      16.166     SLICE_X50Y19   system_i/mdm_1/U0/MDM_Core_I1/JTAG_CONTROL_I/Use_BSCAN.command_reg[1]/C
High Pulse Width  Slow    FDCE/C    n/a            0.500         16.666      16.166     SLICE_X50Y19   system_i/mdm_1/U0/MDM_Core_I1/JTAG_CONTROL_I/Use_BSCAN.command_reg[3]/C
High Pulse Width  Slow    FDCE/C    n/a            0.500         16.666      16.166     SLICE_X50Y19   system_i/mdm_1/U0/MDM_Core_I1/JTAG_CONTROL_I/Use_BSCAN.command_reg[5]/C
High Pulse Width  Fast    FDPE/PRE  n/a            0.500         16.666      16.166     SLICE_X51Y22   system_i/mdm_1/U0/MDM_Core_I1/JTAG_CONTROL_I/sel_n_reg/PRE
High Pulse Width  Slow    FDCE/C    n/a            0.500         16.666      16.166     SLICE_X48Y21   system_i/mdm_1/U0/MDM_Core_I1/Use_BSCAN.PORT_Selector_reg[0]/C
High Pulse Width  Slow    FDCE/C    n/a            0.500         16.666      16.166     SLICE_X48Y21   system_i/mdm_1/U0/MDM_Core_I1/Use_BSCAN.PORT_Selector_reg[1]/C
High Pulse Width  Slow    FDCE/C    n/a            0.500         16.666      16.166     SLICE_X48Y21   system_i/mdm_1/U0/MDM_Core_I1/Use_BSCAN.PORT_Selector_reg[2]/C
High Pulse Width  Slow    FDCE/C    n/a            0.500         16.666      16.166     SLICE_X48Y21   system_i/mdm_1/U0/MDM_Core_I1/Use_BSCAN.PORT_Selector_reg[3]/C



